// Auto-generated RGB565 bitmap from htnbadgeimage.png (320x240).
// Regenerate: composite RGBA onto white, then pack as 0bRRRRRGGGGGGBBBBB.
#pragma once
#include <stdint.h>

#define BADGE_IMAGE_WIDTH 320
#define BADGE_IMAGE_HEIGHT 240

static const uint16_t badge_image[BADGE_IMAGE_WIDTH * BADGE_IMAGE_HEIGHT] = {
    0xFFFF, 0xFFFF, 0xFFFF, 0xFFFF, 0xFFFF, 0xFFFF, 0xFFFF, 0xFFFF, 0xFFFF, 0xFFFF, 0xFFFF, 0xFFFF, 0xFFFF, 0x96FB, 0x0DB4, 0x0DB4,
    0x0DB4, 0x0DB4, 0x0DB4, 0x0DB4, 0x0DB4, 0x1DD5, 0xA757, 0xE7F8, 0xE7F8, 0xE7F8, 0xE7F8, 0xE7F8, 0xE7F8, 0xE7F8, 0xE7F8, 0xE7F8,
    0xE7F8, 0xE7F8, 0xE7F8, 0xE7F8, 0xE7F8, 0xE7F8, 0xE7F8, 0xE7F8, 0xE7F8, 0xE7F8, 0xE7F8, 0xE7F8, 0xE7F8, 0xE7F8, 0xE7F8, 0xE7F8,
    0xE7F8, 0xE7F8, 0xE7F8, 0xE7F8, 0xE7F8, 0xE7F8, 0xE7F8, 0xE7F8, 0xE7F8, 0xE7F8, 0xE7F8, 0xE7F8, 0xE7F8, 0xE7F8, 0xE7F8, 0xE7F8,
    0xE7F8, 0xE7F8, 0xE7F8, 0xE7F8, 0xE7F8, 0xE7F8, 0xE7F8, 0xE7F8, 0xE7F8, 0xE7F8, 0xE7F8, 0xE7F8, 0xE7F8, 0xE7F8, 0xE7F8, 0xE7F8,
    0xE7F8, 0xE7F8, 0xE7F8, 0xE7F8, 0xE7F8, 0xE7F8, 0xE7F8, 0xE7F8, 0xE7F8, 0xE7F8, 0xE7F8, 0xE7F8, 0xE7F8, 0xE7F8, 0xE7F8, 0xE7F8,
    0xE7F8, 0xE7F8, 0xE7F8, 0xE7F8, 0xE7F8, 0xE7F8, 0xE7F8, 0xE7F8, 0xE7F8, 0xE7F8, 0xE7F8, 0xE7F8, 0xE7F8, 0xE7F8, 0xE7F8, 0xE7F8,
    0xE7F8, 0xE7F8, 0xE7F8, 0xE7F8, 0xE7F8, 0xE7F8, 0xE7F8, 0xE7F8, 0xE7F8, 0xE7F8, 0xE7F8, 0xE7F8, 0xE7F8, 0xE7F8, 0xE7F8, 0xE7F8,
    0xE7F8, 0xE7F8, 0xE7F8, 0xE7F8, 0xE7F8, 0xE7F8, 0xE7F8, 0xE7F8, 0xE7F8, 0xE7F8, 0xE7F8, 0xE7F8, 0xE7F8, 0xE7F8, 0xE7F8, 0xE7F8,
    0xE7F8, 0xE7F8, 0xE7F8, 0xE7F8, 0xE7F8, 0xE7F8, 0xE7F8, 0xE7F8, 0xE7F8, 0xE7F8, 0xE7F8, 0xE7F8, 0xE7F8, 0xE7F8, 0xE7F8, 0xE7F8,
    0xE7F8, 0xE7F8, 0xE7F8, 0xE7F8, 0xE7F8, 0xE7F8, 0xE7F8, 0xE7F8, 0xE7F8, 0xE7F8, 0xE7F8, 0xE7F8, 0xE7F8, 0xE7F8, 0xE7F8, 0xE7F8,
    0xE7F8, 0xE7F8, 0xE7F8, 0xE7F8, 0xE7F8, 0xE7F8, 0xE7F8, 0xE7F8, 0xE7F8, 0xE7F8, 0xE7F8, 0xE7F8, 0xE7F8, 0xE7F8, 0xE7F8, 0xE7F8,
    0xE7F8, 0xE7F8, 0xE7F8, 0xE7F8, 0xE7F8, 0xE7F8, 0xE7F8, 0xE7F8, 0xE7F8, 0xE7F8, 0xE7F8, 0xE7F8, 0xE7F8, 0xE7F8, 0xE7F8, 0xE7F8,
    0xE7F8, 0xE7F8, 0xE7F8, 0xE7F8, 0xE7F8, 0xE7F8, 0xE7F8, 0xE7F8, 0xE7F8, 0xE7F8, 0xE7F8, 0xE7F8, 0xE7F8, 0xE7F8, 0xE7F8, 0xE7F8,
    0xE7F8, 0xE7F8, 0xE7F8, 0xE7F8, 0xE7F8, 0xE7F8, 0xE7F8, 0xE7F8, 0xE7F8, 0xE7F8, 0xE7F8, 0xE7F8, 0xE7F8, 0xE7F8, 0xE7F8, 0xE7F8,
    0xE7F8, 0xE7F8, 0xE7F8, 0xE7F8, 0xE7F8, 0xE7F8, 0xE7F8, 0xE7F8, 0xE7F8, 0xE7F8, 0xE7F8, 0xE7F8, 0xE7F8, 0xE7F8, 0xE7F8, 0xE7F8,
    0xE7F8, 0xE7F8, 0xE7F8, 0xE7F8, 0xE7F8, 0xE7F8, 0xE7F8, 0xE7F8, 0xE7F8, 0xE7F8, 0xE7F8, 0xE7F8, 0xE7F8, 0xE7F8, 0xE7F8, 0xE7F8,
    0xE7F8, 0xE7F8, 0xE7F8, 0xE7F8, 0xE7F8, 0xE7F8, 0xE7F8, 0xE7F8, 0xE7F8, 0xE7F8, 0xE7F8, 0xE7F8, 0xE7F8, 0xE7F8, 0xE7F8, 0xE7F8,
    0xE7F8, 0xE7F8, 0xE7F8, 0xE7F8, 0xE7F8, 0xE7F8, 0xE7F8, 0xE7F8, 0xE7F8, 0xE7F8, 0xE7F8, 0xE7F8, 0xE7F8, 0xE7F8, 0xE7F8, 0xE7F8,
    0xE7F8, 0xE7F8, 0xE7F8, 0xE7F8, 0xE7F8, 0xE7F8, 0xE7F8, 0xE7F8, 0xE7F8, 0xE7F8, 0xE7F8, 0xE7F8, 0xE7F8, 0xE7F8, 0xE7F8, 0xE7F8,
    0xFFFF, 0xFFFF, 0xFFFF, 0xFFFF, 0xFFFF, 0xFFFF, 0xFFFF, 0xFFFF, 0xFFFF, 0xFFFF, 0xFFFF, 0xFFFF, 0x86DA, 0x0DB4, 0x0DB4, 0x0DB4,
    0x0DB4, 0x0DB4, 0x0DB4, 0x0DB4, 0x4655, 0xBF97, 0xE7F8, 0xE7F8, 0xE7F8, 0xE7F8, 0xE7F8, 0xE7F8, 0xE7F8, 0xE7F8, 0xE7F8, 0xE7F8,
    0xE7F8, 0xE7F8, 0xE7F8, 0xE7F8, 0xE7F8, 0xE7F8, 0xE7F8, 0xE7F8, 0xE7F8, 0xE7F8, 0xE7F8, 0xE7F8, 0xE7F8, 0xE7F8, 0xE7F8, 0xE7F8,
    0xE7F8, 0xE7F8, 0xE7F8, 0xE7F8, 0xE7F8, 0xE7F8, 0xE7F8, 0xE7F8, 0xE7F8, 0xE7F8, 0xE7F8, 0xE7F8, 0xE7F8, 0xE7F8, 0xE7F8, 0xE7F8,
    0xE7F8, 0xE7F8, 0xE7F8, 0xE7F8, 0xE7F8, 0xE7F8, 0xE7F8, 0xE7F8, 0xE7F8, 0xE7F8, 0xE7F8, 0xE7F8, 0xE7F8, 0xE7F8, 0xE7F8, 0xE7F8,
    0xE7F8, 0xE7F8, 0xE7F8, 0xE7F8, 0xE7F8, 0xE7F8, 0xE7F8, 0xE7F8, 0xE7F8, 0xE7F8, 0xE7F8, 0xE7F8, 0xE7F8, 0xE7F8, 0xE7F8, 0xE7F8,
    0xE7F8, 0xE7F8, 0xE7F8, 0xE7F8, 0xE7F8, 0xE7F8, 0xE7F8, 0xE7F8, 0xE7F8, 0xE7F8, 0xE7F8, 0xE7F8, 0xE7F8, 0xE7F8, 0xE7F8, 0xE7F8,
    0xE7F8, 0xE7F8, 0xE7F8, 0xE7F8, 0xE7F8, 0xE7F8, 0xE7F8, 0xE7F8, 0xE7F8, 0xE7F8, 0xE7F8, 0xE7F8, 0xE7F8, 0xE7F8, 0xE7F8, 0xE7F8,
    0xE7F8, 0xE7F8, 0xE7F8, 0xE7F8, 0xE7F8, 0xE7F8, 0xE7F8, 0xE7F8, 0xE7F8, 0xE7F8, 0xE7F8, 0xE7F8, 0xE7F8, 0xE7F8, 0xE7F8, 0xE7F8,
    0xE7F8, 0xE7F8, 0xE7F8, 0xE7F8, 0xE7F8, 0xE7F8, 0xE7F8, 0xE7F8, 0xE7F8, 0xE7F8, 0xE7F8, 0xE7F8, 0xE7F8, 0xE7F8, 0xE7F8, 0xE7F8,
    0xE7F8, 0xE7F8, 0xE7F8, 0xE7F8, 0xE7F8, 0xE7F8, 0xE7F8, 0xE7F8, 0xE7F8, 0xE7F8, 0xE7F8, 0xE7F8, 0xE7F8, 0xE7F8, 0xE7F8, 0xE7F8,
    0xE7F8, 0xE7F8, 0xE7F8, 0xE7F8, 0xE7F8, 0xE7F8, 0xE7F8, 0xE7F8, 0xE7F8, 0xE7F8, 0xE7F8, 0xE7F8, 0xE7F8, 0xE7F8, 0xE7F8, 0xE7F8,
    0xE7F8, 0xE7F8, 0xE7F8, 0xE7F8, 0xE7F8, 0xE7F8, 0xE7F8, 0xE7F8, 0xE7F8, 0xE7F8, 0xE7F8, 0xE7F8, 0xE7F8, 0xE7F8, 0xE7F8, 0xE7F8,
    0xE7F8, 0xE7F8, 0xE7F8, 0xE7F8, 0xE7F8, 0xE7F8, 0xE7F8, 0xE7F8, 0xE7F8, 0xE7F8, 0xE7F8, 0xE7F8, 0xE7F8, 0xE7F8, 0xE7F8, 0xE7F8,
    0xE7F8, 0xE7F8, 0xE7F8, 0xE7F8, 0xE7F8, 0xE7F8, 0xE7F8, 0xE7F8, 0xE7F8, 0xE7F8, 0xE7F8, 0xE7F8, 0xE7F8, 0xE7F8, 0xE7F8, 0xE7F8,
    0xE7F8, 0xE7F8, 0xE7F8, 0xE7F8, 0xE7F8, 0xE7F8, 0xE7F8, 0xE7F8, 0xE7F8, 0xE7F8, 0xE7F8, 0xE7F8, 0xE7F8, 0xE7F8, 0xE7F8, 0xE7F8,
    0xE7F8, 0xE7F8, 0xE7F8, 0xE7F8, 0xE7F8, 0xE7F8, 0xE7F8, 0xE7F8, 0xE7F8, 0xE7F8, 0xE7F8, 0xE7F8, 0xE7F8, 0xE7F8, 0xE7F8, 0xE7F8,
    0xE7F8, 0xE7F8, 0xE7F8, 0xE7F8, 0xE7F8, 0xE7F8, 0xE7F8, 0xE7F8, 0xE7F8, 0xE7F8, 0xE7F8, 0xE7F8, 0xE7F8, 0xE7F8, 0xE7F8, 0xE7F8,
    0xE7F8, 0xE7F8, 0xE7F8, 0xE7F8, 0xE7F8, 0xE7F8, 0xE7F8, 0xE7F8, 0xE7F8, 0xE7F8, 0xE7F8, 0xE7F8, 0xE7F8, 0xE7F8, 0xE7F8, 0xE7F8,
    0xE7F8, 0xE7F8, 0xE7F8, 0xE7F8, 0xE7F8, 0xE7F8, 0xE7F8, 0xE7F8, 0xE7F8, 0xE7F8, 0xE7F8, 0xE7F8, 0xE7F8, 0xE7F8, 0xE7F8, 0xE7F8,
    0xFFFF, 0xFFFF, 0xFFFF, 0xFFFF, 0xFFFF, 0xFFFF, 0xFFFF, 0xFFFF, 0xFFFF, 0xFFFF, 0xFFFF, 0xC77D, 0x0DB4, 0x0DB4, 0x0DB4, 0x0DB4,
    0x0DB4, 0x0DB4, 0x0DB4, 0x3635, 0xBF97, 0xBF97, 0xE7F8, 0xE7F8, 0xE7F8, 0xE7F8, 0xE7F8, 0xE7F8, 0xE7F8, 0xE7F8, 0xE7F8, 0xE7F8,
    0xE7F8, 0xE7F8, 0xE7F8, 0xE7F8, 0xE7F8, 0xE7F8, 0xE7F8, 0xE7F8, 0xE7F8, 0xE7F8, 0xE7F8, 0xE7F8, 0xE7F8, 0xE7F8, 0xE7F8, 0xE7F8,
    0xE7F8, 0xE7F8, 0xE7F8, 0xE7F8, 0xE7F8, 0xE7F8, 0xE7F8, 0xE7F8, 0xE7F8, 0xE7F8, 0xE7F8, 0xE7F8, 0xE7F8, 0xE7F8, 0xE7F8, 0xE7F8,
    0xE7F8, 0xE7F8, 0xE7F8, 0xE7F8, 0xE7F8, 0xE7F8, 0xE7F8, 0xE7F8, 0xE7F8, 0xE7F8, 0xE7F8, 0xE7F8, 0xE7F8, 0xE7F8, 0xE7F8, 0xE7F8,
    0xE7F8, 0xE7F8, 0xE7F8, 0xE7F8, 0xE7F8, 0xE7F8, 0xE7F8, 0xE7F8, 0xE7F8, 0xE7F8, 0xE7F8, 0xE7F8, 0xE7F8, 0xE7F8, 0xE7F8, 0xE7F8,
    0xE7F8, 0xE7F8, 0xE7F8, 0xE7F8, 0xE7F8, 0xE7F8, 0xE7F8, 0xE7F8, 0xE7F8, 0xE7F8, 0xE7F8, 0xE7F8, 0xE7F8, 0xE7F8, 0xE7F8, 0xE7F8,
    0xE7F8, 0xE7F8, 0xE7F8, 0xE7F8, 0xE7F8, 0xE7F8, 0xE7F8, 0xE7F8, 0xE7F8, 0xE7F8, 0xE7F8, 0xE7F8, 0xE7F8, 0xE7F8, 0xE7F8, 0xE7F8,
    0xE7F8, 0xE7F8, 0xE7F8, 0xE7F8, 0xE7F8, 0xE7F8, 0xE7F8, 0xE7F8, 0xE7F8, 0xE7F8, 0xE7F8, 0xE7F8, 0xE7F8, 0xE7F8, 0xE7F8, 0xE7F8,
    0xE7F8, 0xE7F8, 0xE7F8, 0xE7F8, 0xE7F8, 0xE7F8, 0xE7F8, 0xE7F8, 0xE7F8, 0xE7F8, 0xE7F8, 0xE7F8, 0xE7F8, 0xE7F8, 0xE7F8, 0xE7F8,
    0xE7F8, 0xE7F8, 0xE7F8, 0xE7F8, 0xE7F8, 0xE7F8, 0xE7F8, 0xE7F8, 0xE7F8, 0xE7F8, 0xE7F8, 0xE7F8, 0xE7F8, 0xE7F8, 0xE7F8, 0xE7F8,
    0xE7F8, 0xE7F8, 0xE7F8, 0xE7F8, 0xE7F8, 0xE7F8, 0xE7F8, 0xE7F8, 0xE7F8, 0xE7F8, 0xE7F8, 0xE7F8, 0xE7F8, 0xE7F8, 0xE7F8, 0xE7F8,
    0xE7F8, 0xE7F8, 0xE7F8, 0xE7F8, 0xE7F8, 0xE7F8, 0xE7F8, 0xE7F8, 0xE7F8, 0xE7F8, 0xE7F8, 0xE7F8, 0xE7F8, 0xE7F8, 0xE7F8, 0xE7F8,
    0xE7F8, 0xE7F8, 0xE7F8, 0xE7F8, 0xE7F8, 0xE7F8, 0xE7F8, 0xE7F8, 0xE7F8, 0xE7F8, 0xE7F8, 0xE7F8, 0xE7F8, 0xE7F8, 0xE7F8, 0xE7F8,
    0xE7F8, 0xE7F8, 0xE7F8, 0xE7F8, 0xE7F8, 0xE7F8, 0xE7F8, 0xE7F8, 0xE7F8, 0xE7F8, 0xE7F8, 0xE7F8, 0xE7F8, 0xE7F8, 0xE7F8, 0xE7F8,
    0xE7F8, 0xE7F8, 0xE7F8, 0xE7F8, 0xE7F8, 0xE7F8, 0xE7F8, 0xE7F8, 0xE7F8, 0xE7F8, 0xE7F8, 0xE7F8, 0xE7F8, 0xE7F8, 0xE7F8, 0xE7F8,
    0xE7F8, 0xE7F8, 0xE7F8, 0xE7F8, 0xE7F8, 0xE7F8, 0xE7F8, 0xE7F8, 0xE7F8, 0xE7F8, 0xE7F8, 0xE7F8, 0xE7F8, 0xE7F8, 0xE7F8, 0xE7F8,
    0xE7F8, 0xE7F8, 0xE7F8, 0xE7F8, 0xE7F8, 0xE7F8, 0xE7F8, 0xE7F8, 0xE7F8, 0xE7F8, 0xE7F8, 0xE7F8, 0xE7F8, 0xE7F8, 0xE7F8, 0xE7F8,
    0xE7F8, 0xE7F8, 0xE7F8, 0xE7F8, 0xE7F8, 0xE7F8, 0xE7F8, 0xE7F8, 0xE7F8, 0xE7F8, 0xE7F8, 0xE7F8, 0xE7F8, 0xE7F8, 0xE7F8, 0xE7F8,
    0xE7F8, 0xE7F8, 0xE7F8, 0xE7F8, 0xE7F8, 0xE7F8, 0xE7F8, 0xE7F8, 0xE7F8, 0xE7F8, 0xE7F8, 0xE7F8, 0xE7F8, 0xE7F8, 0xE7F8, 0xE7F8,
    0xFFFF, 0xFFFF, 0xFFFF, 0xFFFF, 0xFFFF, 0xFFFF, 0xFFFF, 0xFFFF, 0xFFFF, 0xFFFF, 0xE7BE, 0x2E16, 0x0DB4, 0x0DB4, 0x0DB4, 0x0DB4,
    0x0DB4, 0x0DB4, 0x4655, 0xBF97, 0xCFB8, 0xD7D8, 0xE7F8, 0xE7F8, 0xE7F8, 0xE7F8, 0xE7F8, 0xE7F8, 0xE7F8, 0xE7F8, 0xE7F8, 0xE7F8,
    0xE7F8, 0xE7F8, 0xE7F8, 0xE7F8, 0xE7F8, 0xE7F8, 0xE7F8, 0xE7F8, 0xE7F8, 0xE7F8, 0xE7F8, 0xE7F8, 0xE7F8, 0xE7F8, 0xE7F8, 0xE7F8,
    0xE7F8, 0xE7F8, 0xE7F8, 0xE7F8, 0xE7F8, 0xE7F8, 0xE7F8, 0xE7F8, 0xE7F8, 0xE7F8, 0xE7F8, 0xE7F8, 0xE7F8, 0xE7F8, 0xE7F8, 0xE7F8,
    0xE7F8, 0xE7F8, 0xE7F8, 0xE7F8, 0xE7F8, 0xE7F8, 0xE7F8, 0xE7F8, 0xE7F8, 0xE7F8, 0xE7F8, 0xE7F8, 0xE7F8, 0xE7F8, 0xE7F8, 0xE7F8,
    0xE7F8, 0xE7F8, 0xE7F8, 0xE7F8, 0xE7F8, 0xE7F8, 0xE7F8, 0xE7F8, 0xE7F8, 0xE7F8, 0xE7F8, 0xE7F8, 0xE7F8, 0xE7F8, 0xE7F8, 0xE7F8,
    0xE7F8, 0xE7F8, 0xE7F8, 0xE7F8, 0xE7F8, 0xE7F8, 0xE7F8, 0xE7F8, 0xE7F8, 0xE7F8, 0xE7F8, 0xE7F8, 0xE7F8, 0xE7F8, 0xE7F8, 0xE7F8,
    0xE7F8, 0xE7F8, 0xE7F8, 0xE7F8, 0xE7F8, 0xE7F8, 0xE7F8, 0xE7F8, 0xE7F8, 0xE7F8, 0xE7F8, 0xE7F8, 0xE7F8, 0xE7F8, 0xE7F8, 0xE7F8,
    0xE7F8, 0xE7F8, 0xE7F8, 0xE7F8, 0xE7F8, 0xE7F8, 0xE7F8, 0xE7F8, 0xE7F8, 0xE7F8, 0xE7F8, 0xE7F8, 0xE7F8, 0xE7F8, 0xE7F8, 0xE7F8,
    0xE7F8, 0xE7F8, 0xE7F8, 0xE7F8, 0xE7F8, 0xE7F8, 0xE7F8, 0xE7F8, 0xE7F8, 0xE7F8, 0xE7F8, 0xE7F8, 0xE7F8, 0xE7F8, 0xE7F8, 0xE7F8,
    0xE7F8, 0xE7F8, 0xE7F8, 0xE7F8, 0xE7F8, 0xE7F8, 0xE7F8, 0xE7F8, 0xE7F8, 0xE7F8, 0xE7F8, 0xE7F8, 0xE7F8, 0xE7F8, 0xE7F8, 0xE7F8,
    0xE7F8, 0xE7F8, 0xE7F8, 0xE7F8, 0xE7F8, 0xE7F8, 0xE7F8, 0xE7F8, 0xE7F8, 0xE7F8, 0xE7F8, 0xE7F8, 0xE7F8, 0xE7F8, 0xE7F8, 0xE7F8,
    0xE7F8, 0xE7F8, 0xE7F8, 0xE7F8, 0xE7F8, 0xE7F8, 0xE7F8, 0xE7F8, 0xE7F8, 0xE7F8, 0xE7F8, 0xE7F8, 0xE7F8, 0xE7F8, 0xE7F8, 0xE7F8,
    0xE7F8, 0xE7F8, 0xE7F8, 0xE7F8, 0xE7F8, 0xE7F8, 0xE7F8, 0xE7F8, 0xE7F8, 0xE7F8, 0xE7F8, 0xE7F8, 0xE7F8, 0xE7F8, 0xE7F8, 0xE7F8,
    0xE7F8, 0xE7F8, 0xE7F8, 0xE7F8, 0xE7F8, 0xE7F8, 0xE7F8, 0xE7F8, 0xE7F8, 0xE7F8, 0xE7F8, 0xE7F8, 0xE7F8, 0xE7F8, 0xE7F8, 0xE7F8,
    0xE7F8, 0xE7F8, 0xE7F8, 0xE7F8, 0xE7F8, 0xE7F8, 0xE7F8, 0xE7F8, 0xE7F8, 0xE7F8, 0xE7F8, 0xE7F8, 0xE7F8, 0xE7F8, 0xE7F8, 0xE7F8,
    0xE7F8, 0xE7F8, 0xE7F8, 0xE7F8, 0xE7F8, 0xE7F8, 0xE7F8, 0xE7F8, 0xE7F8, 0xE7F8, 0xE7F8, 0xE7F8, 0xE7F8, 0xE7F8, 0xE7F8, 0xE7F8,
    0xE7F8, 0xE7F8, 0xE7F8, 0xE7F8, 0xE7F8, 0xE7F8, 0xE7F8, 0xE7F8, 0xE7F8, 0xE7F8, 0xE7F8, 0xE7F8, 0xE7F8, 0xE7F8, 0xE7F8, 0xE7F8,
    0xE7F8, 0xE7F8, 0xE7F8, 0xE7F8, 0xE7F8, 0xE7F8, 0xE7F8, 0xE7F8, 0xE7F8, 0xE7F8, 0xE7F8, 0xE7F8, 0xE7F8, 0xE7F8, 0xE7F8, 0xE7F8,
    0xE7F8, 0xE7F8, 0xE7F8, 0xE7F8, 0xE7F8, 0xE7F8, 0xE7F8, 0xE7F8, 0xE7F8, 0xE7F8, 0xE7F8, 0xE7F8, 0xE7F8, 0xE7F8, 0xE7F8, 0xE7F8,
    0xFFFF, 0xFFFF, 0xFFFF, 0xFFFF, 0xFFFF, 0xFFFF, 0xFFFF, 0xFFFF, 0xFFFF, 0xFFFF, 0x6E98, 0x0DB4, 0x0DB4, 0x0DB4, 0x0DB4, 0x0DB4,
    0x0DB4, 0x2E15, 0x9737, 0xE7F8, 0xE7F8, 0xE7F8, 0xE7F8, 0xE7F8, 0xE7F8, 0xE7F8, 0xE7F8, 0xE7F8, 0xE7F8, 0xE7F8, 0xE7F8, 0xE7F8,
    0xE7F8, 0xE7F8, 0xE7F8, 0xE7F8, 0xE7F8, 0xE7F8, 0xE7F8, 0xE7F8, 0xE7F8, 0xE7F8, 0xE7F8, 0xE7F8, 0xE7F8, 0xE7F8, 0xE7F8, 0xE7F8,
    0xE7F8, 0xE7F8, 0xE7F8, 0xE7F8, 0xE7F8, 0xE7F8, 0xE7F8, 0xE7F8, 0xE7F8, 0xE7F8, 0xE7F8, 0xE7F8, 0xE7F8, 0xE7F8, 0xE7F8, 0xE7F8,
    0xE7F8, 0xE7F8, 0xE7F8, 0xE7F8, 0xE7F8, 0xE7F8, 0xE7F8, 0xE7F8, 0xE7F8, 0xE7F8, 0xE7F8, 0xE7F8, 0xE7F8, 0xE7F8, 0xE7F8, 0xE7F8,
    0xE7F8, 0xE7F8, 0xE7F8, 0xE7F8, 0xE7F8, 0xE7F8, 0xE7F8, 0xE7F8, 0xE7F8, 0xE7F8, 0xE7F8, 0xE7F8, 0xE7F8, 0xE7F8, 0xE7F8, 0xE7F8,
    0xE7F8, 0xE7F8, 0xE7F8, 0xE7F8, 0xE7F8, 0xE7F8, 0xE7F8, 0xE7F8, 0xE7F8, 0xE7F8, 0xE7F8, 0xE7F8, 0xE7F8, 0xE7F8, 0xE7F8, 0xE7F8,
    0xE7F8, 0xE7F8, 0xE7F8, 0xE7F8, 0xE7F8, 0xE7F8, 0xE7F8, 0xE7F8, 0xE7F8, 0xE7F8, 0xE7F8, 0xE7F8, 0xE7F8, 0xE7F8, 0xE7F8, 0xE7F8,
    0xE7F8, 0xE7F8, 0xE7F8, 0xE7F8, 0xE7F8, 0xE7F8, 0xE7F8, 0xE7F8, 0xE7F8, 0xE7F8, 0xE7F8, 0xE7F8, 0xE7F8, 0xE7F8, 0xE7F8, 0xE7F8,
    0xE7F8, 0xE7F8, 0xE7F8, 0xE7F8, 0xE7F8, 0xE7F8, 0xE7F8, 0xE7F8, 0xE7F8, 0xE7F8, 0xE7F8, 0xE7F8, 0xE7F8, 0xE7F8, 0xE7F8, 0xE7F8,
    0xE7F8, 0xE7F8, 0xE7F8, 0xE7F8, 0xE7F8, 0xE7F8, 0xE7F8, 0xE7F8, 0xE7F8, 0xE7F8, 0xE7F8, 0xE7F8, 0xE7F8, 0xE7F8, 0xE7F8, 0xE7F8,
    0xE7F8, 0xE7F8, 0xE7F8, 0xE7F8, 0xE7F8, 0xE7F8, 0xE7F8, 0xE7F8, 0xE7F8, 0xE7F8, 0xE7F8, 0xE7F8, 0xE7F8, 0xE7F8, 0xE7F8, 0xE7F8,
    0xE7F8, 0xE7F8, 0xE7F8, 0xE7F8, 0xE7F8, 0xE7F8, 0xE7F8, 0xE7F8, 0xE7F8, 0xE7F8, 0xE7F8, 0xE7F8, 0xE7F8, 0xE7F8, 0xE7F8, 0xE7F8,
    0xE7F8, 0xE7F8, 0xE7F8, 0xE7F8, 0xE7F8, 0xE7F8, 0xE7F8, 0xE7F8, 0xE7F8, 0xE7F8, 0xE7F8, 0xE7F8, 0xE7F8, 0xE7F8, 0xE7F8, 0xE7F8,
    0xE7F8, 0xE7F8, 0xE7F8, 0xE7F8, 0xE7F8, 0xE7F8, 0xE7F8, 0xE7F8, 0xE7F8, 0xE7F8, 0xE7F8, 0xE7F8, 0xE7F8, 0xE7F8, 0xE7F8, 0xE7F8,
    0xE7F8, 0xE7F8, 0xE7F8, 0xE7F8, 0xE7F8, 0xE7F8, 0xE7F8, 0xE7F8, 0xE7F8, 0xE7F8, 0xE7F8, 0xE7F8, 0xE7F8, 0xE7F8, 0xE7F8, 0xE7F8,
    0xE7F8, 0xE7F8, 0xE7F8, 0xE7F8, 0xE7F8, 0xE7F8, 0xE7F8, 0xE7F8, 0xE7F8, 0xE7F8, 0xE7F8, 0xE7F8, 0xE7F8, 0xE7F8, 0xE7F8, 0xE7F8,
    0xE7F8, 0xE7F8, 0xE7F8, 0xE7F8, 0xE7F8, 0xE7F8, 0xE7F8, 0xE7F8, 0xE7F8, 0xE7F8, 0xE7F8, 0xE7F8, 0xE7F8, 0xE7F8, 0xE7F8, 0xE7F8,
    0xE7F8, 0xE7F8, 0xE7F8, 0xE7F8, 0xE7F8, 0xE7F8, 0xE7F8, 0xE7F8, 0xE7F8, 0xE7F8, 0xE7F8, 0xE7F8, 0xE7F8, 0xE7F8, 0xE7F8, 0xE7F8,
    0xE7F8, 0xE7F8, 0xE7F8, 0xE7F8, 0xE7F8, 0xE7F8, 0xE7F8, 0xE7F8, 0xE7F8, 0xE7F8, 0xE7F8, 0xE7F8, 0xE7F8, 0xE7F8, 0xE7F8, 0xE7F8,
    0xFFFF, 0xFFFF, 0xFFFF, 0xFFFF, 0xFFFF, 0xFFFF, 0xFFFF, 0xFFFF, 0xFFFF, 0xD79D, 0x0DB4, 0x0DB4, 0x0DB4, 0x0DB4, 0x0DB4, 0x0DB4,
    0x0DB4, 0x86F6, 0xD7D8, 0xE7F8, 0xE7F8, 0xE7F8, 0xE7F8, 0xE7F8, 0xE7F8, 0xE7F8, 0xE7F8, 0xE7F8, 0xE7F8, 0xE7F8, 0xE7F8, 0xE7F8,
    0xE7F8, 0xE7F8, 0xE7F8, 0xE7F8, 0xE7F8, 0xE7F8, 0xE7F8, 0xE7F8, 0xE7F8, 0xE7F8, 0xE7F8, 0xE7F8, 0xE7F8, 0xE7F8, 0xE7F8, 0xE7F8,
    0xE7F8, 0xE7F8, 0xE7F8, 0xE7F8, 0xE7F8, 0xE7F8, 0xE7F8, 0xE7F8, 0xE7F8, 0xE7F8, 0xE7F8, 0xE7F8, 0xE7F8, 0xE7F8, 0xE7F8, 0xE7F8,
    0xE7F8, 0xE7F8, 0xE7F8, 0xE7F8, 0xE7F8, 0xE7F8, 0xE7F8, 0xE7F8, 0xE7F8, 0xE7F8, 0xE7F8, 0xE7F8, 0xE7F8, 0xE7F8, 0xE7F8, 0xE7F8,
    0xE7F8, 0xE7F8, 0xE7F8, 0xE7F8, 0xE7F8, 0xE7F8, 0xE7F8, 0xE7F8, 0xE7F8, 0xE7F8, 0xE7F8, 0xE7F8, 0xE7F8, 0xE7F8, 0xE7F8, 0xE7F8,
    0xE7F8, 0xE7F8, 0xE7F8, 0xE7F8, 0xE7F8, 0xE7F8, 0xE7F8, 0xE7F8, 0xE7F8, 0xE7F8, 0xE7F8, 0xE7F8, 0xE7F8, 0xE7F8, 0xE7F8, 0xE7F8,
    0xE7F8, 0xE7F8, 0xE7F8, 0xE7F8, 0xE7F8, 0xE7F8, 0xE7F8, 0xE7F8, 0xE7F8, 0xE7F8, 0xE7F8, 0xE7F8, 0xE7F8, 0xE7F8, 0xE7F8, 0xE7F8,
    0xE7F8, 0xE7F8, 0xE7F8, 0xE7F8, 0xE7F8, 0xE7F8, 0xE7F8, 0xE7F8, 0xE7F8, 0xE7F8, 0xE7F8, 0xE7F8, 0xE7F8, 0xE7F8, 0xE7F8, 0xE7F8,
    0xE7F8, 0xE7F8, 0xE7F8, 0xE7F8, 0xE7F8, 0xE7F8, 0xE7F8, 0xE7F8, 0xE7F8, 0xE7F8, 0xE7F8, 0xE7F8, 0xE7F8, 0xE7F8, 0xE7F8, 0xE7F8,
    0xE7F8, 0xE7F8, 0xE7F8, 0xE7F8, 0xE7F8, 0xE7F8, 0xE7F8, 0xE7F8, 0xE7F8, 0xE7F8, 0xE7F8, 0xE7F8, 0xE7F8, 0xE7F8, 0xE7F8, 0xE7F8,
    0xE7F8, 0xE7F8, 0xE7F8, 0xE7F8, 0xE7F8, 0xE7F8, 0xE7F8, 0xE7F8, 0xE7F8, 0xE7F8, 0xE7F8, 0xE7F8, 0xE7F8, 0xE7F8, 0xE7F8, 0xE7F8,
    0xE7F8, 0xE7F8, 0xE7F8, 0xE7F8, 0xE7F8, 0xE7F8, 0xE7F8, 0xE7F8, 0xE7F8, 0xE7F8, 0xE7F8, 0xE7F8, 0xE7F8, 0xE7F8, 0xE7F8, 0xE7F8,
    0xE7F8, 0xE7F8, 0xE7F8, 0xE7F8, 0xE7F8, 0xE7F8, 0xE7F8, 0xE7F8, 0xE7F8, 0xE7F8, 0xE7F8, 0xE7F8, 0xE7F8, 0xE7F8, 0xE7F8, 0xE7F8,
    0xE7F8, 0xE7F8, 0xE7F8, 0xE7F8, 0xE7F8, 0xE7F8, 0xE7F8, 0xE7F8, 0xE7F8, 0xE7F8, 0xE7F8, 0xE7F8, 0xE7F8, 0xE7F8, 0xE7F8, 0xE7F8,
    0xE7F8, 0xE7F8, 0xE7F8, 0xE7F8, 0xE7F8, 0xE7F8, 0xE7F8, 0xE7F8, 0xE7F8, 0xE7F8, 0xE7F8, 0xE7F8, 0xE7F8, 0xE7F8, 0xE7F8, 0xE7F8,
    0xE7F8, 0xE7F8, 0xE7F8, 0xE7F8, 0xE7F8, 0xE7F8, 0xE7F8, 0xE7F8, 0xE7F8, 0xE7F8, 0xE7F8, 0xE7F8, 0xE7F8, 0xE7F8, 0xE7F8, 0xE7F8,
    0xE7F8, 0xE7F8, 0xE7F8, 0xE7F8, 0xE7F8, 0xE7F8, 0xE7F8, 0xE7F8, 0xE7F8, 0xE7F8, 0xE7F8, 0xE7F8, 0xE7F8, 0xE7F8, 0xE7F8, 0xE7F8,
    0xE7F8, 0xE7F8, 0xE7F8, 0xE7F8, 0xE7F8, 0xE7F8, 0xE7F8, 0xE7F8, 0xE7F8, 0xE7F8, 0xE7F8, 0xE7F8, 0xE7F8, 0xE7F8, 0xE7F8, 0xE7F8,
    0xE7F8, 0xE7F8, 0xE7F8, 0xE7F8, 0xE7F8, 0xE7F8, 0xE7F8, 0xE7F8, 0xE7F8, 0xE7F8, 0xE7F8, 0xE7F8, 0xE7F8, 0xE7F8, 0xE7F8, 0xE7F8,
    0xFFFF, 0xFFFF, 0xFFFF, 0xFFFF, 0xFFFF, 0xFFFF, 0xFFFF, 0xFFFF, 0xFFFF, 0x4E57, 0x0DB4, 0x0DB4, 0x0DB4, 0x0DB4, 0x0DB4, 0x0DB4,
    0x5E96, 0xD7D8, 0xE7F8, 0xE7F8, 0xE7F8, 0xE7F8, 0xE7F8, 0xE7F8, 0xE7F8, 0xE7F8, 0xE7F8, 0xE7F8, 0xE7F8, 0xE7F8, 0xE7F8, 0xE7F8,
    0xE7F8, 0xE7F8, 0xE7F8, 0xE7F8, 0xE7F8, 0xE7F8, 0xE7F8, 0xE7F8, 0xE7F8, 0xE7F8, 0xE7F8, 0xE7F8, 0xE7F8, 0xE7F8, 0xE7F8, 0xE7F8,
    0xE7F8, 0xE7F8, 0xE7F8, 0xE7F8, 0xE7F8, 0xE7F8, 0xE7F8, 0xE7F8, 0xE7F8, 0xE7F8, 0xE7F8, 0xE7F8, 0xE7F8, 0xE7F8, 0xE7F8, 0xE7F8,
    0xE7F8, 0xE7F8, 0xE7F8, 0xE7F8, 0xE7F8, 0xE7F8, 0xE7F8, 0xE7F8, 0xE7F8, 0xE7F8, 0xE7F8, 0xE7F8, 0xE7F8, 0xE7F8, 0xE7F8, 0xE7F8,
    0xE7F8, 0xE7F8, 0xE7F8, 0xE7F8, 0xE7F8, 0xE7F8, 0xE7F8, 0xE7F8, 0xE7F8, 0xE7F8, 0xE7F8, 0xE7F8, 0xE7F8, 0xE7F8, 0xE7F8, 0xE7F8,
    0xE7F8, 0xE7F8, 0xE7F8, 0xE7F8, 0xE7F8, 0xE7F8, 0xE7F8, 0xE7F8, 0xE7F8, 0xE7F8, 0xE7F8, 0xE7F8, 0xE7F8, 0xE7F8, 0xE7F8, 0xE7F8,
    0xE7F8, 0xE7F8, 0xE7F8, 0xE7F8, 0xE7F8, 0xE7F8, 0xE7F8, 0xE7F8, 0xE7F8, 0xE7F8, 0xE7F8, 0xE7F8, 0xE7F8, 0xE7F8, 0xE7F8, 0xE7F8,
    0xE7F8, 0xE7F8, 0xE7F8, 0xE7F8, 0xE7F8, 0xE7F8, 0xE7F8, 0xE7F8, 0xE7F8, 0xE7F8, 0xE7F8, 0xE7F8, 0xE7F8, 0xE7F8, 0xE7F8, 0xE7F8,
    0xE7F8, 0xE7F8, 0xE7F8, 0xE7F8, 0xE7F8, 0xE7F8, 0xE7F8, 0xE7F8, 0xE7F8, 0xE7F8, 0xE7F8, 0xE7F8, 0xE7F8, 0xE7F8, 0xE7F8, 0xE7F8,
    0xE7F8, 0xE7F8, 0xE7F8, 0xE7F8, 0xE7F8, 0xE7F8, 0xE7F8, 0xE7F8, 0xE7F8, 0xE7F8, 0xE7F8, 0xE7F8, 0xE7F8, 0xE7F8, 0xE7F8, 0xE7F8,
    0xE7F8, 0xE7F8, 0xE7F8, 0xE7F8, 0xE7F8, 0xE7F8, 0xE7F8, 0xE7F8, 0xE7F8, 0xE7F8, 0xE7F8, 0xE7F8, 0xE7F8, 0xE7F8, 0xE7F8, 0xE7F8,
    0xE7F8, 0xE7F8, 0xE7F8, 0xE7F8, 0xE7F8, 0xE7F8, 0xE7F8, 0xE7F8, 0xE7F8, 0xE7F8, 0xE7F8, 0xE7F8, 0xE7F8, 0xE7F8, 0xE7F8, 0xE7F8,
    0xE7F8, 0xE7F8, 0xE7F8, 0xE7F8, 0xE7F8, 0xE7F8, 0xE7F8, 0xE7F8, 0xE7F8, 0xE7F8, 0xE7F8, 0xE7F8, 0xE7F8, 0xE7F8, 0xE7F8, 0xE7F8,
    0xE7F8, 0xE7F8, 0xE7F8, 0xE7F8, 0xE7F8, 0xE7F8, 0xE7F8, 0xE7F8, 0xE7F8, 0xE7F8, 0xE7F8, 0xE7F8, 0xE7F8, 0xE7F8, 0xE7F8, 0xE7F8,
    0xE7F8, 0xE7F8, 0xE7F8, 0xE7F8, 0xE7F8, 0xE7F8, 0xE7F8, 0xE7F8, 0xE7F8, 0xE7F8, 0xE7F8, 0xE7F8, 0xE7F8, 0xE7F8, 0xE7F8, 0xE7F8,
    0xE7F8, 0xE7F8, 0xE7F8, 0xE7F8, 0xE7F8, 0xE7F8, 0xE7F8, 0xE7F8, 0xE7F8, 0xE7F8, 0xE7F8, 0xE7F8, 0xE7F8, 0xE7F8, 0xE7F8, 0xE7F8,
    0xE7F8, 0xE7F8, 0xE7F8, 0xE7F8, 0xE7F8, 0xE7F8, 0xE7F8, 0xE7F8, 0xE7F8, 0xE7F8, 0xE7F8, 0xE7F8, 0xE7F8, 0xE7F8, 0xE7F8, 0xE7F8,
    0xE7F8, 0xE7F8, 0xE7F8, 0xE7F8, 0xE7F8, 0xE7F8, 0xE7F8, 0xE7F8, 0xE7F8, 0xE7F8, 0xE7F8, 0xE7F8, 0xE7F8, 0xE7F8, 0xE7F8, 0xE7F8,
    0xE7F8, 0xE7F8, 0xE7F8, 0xE7F8, 0xE7F8, 0xE7F8, 0xE7F8, 0xE7F8, 0xE7F8, 0xE7F8, 0xE7F8, 0xE7F8, 0xE7F8, 0xE7F8, 0xE7F8, 0xE7F8,
    0xFFFF, 0xFFFF, 0xFFFF, 0xFFFF, 0xFFFF, 0xFFFF, 0xFFFF, 0xFFFF, 0xC77D, 0x0DB4, 0x0DB4, 0x0DB4, 0x0DB4, 0x0DB4, 0x0DB4, 0x0DB4,
    0xBF97, 0xE7F8, 0xE7F8, 0xE7F8, 0xE7F8, 0xE7F8, 0xE7F8, 0xE7F8, 0xE7F8, 0xE7F8, 0xE7F8, 0xE7F8, 0xE7F8, 0xE7F8, 0xE7F8, 0xE7F8,
    0xE7F8, 0xE7F8, 0xE7F8, 0xE7F8, 0xE7F8, 0xE7F8, 0xE7F8, 0xE7F8, 0xE7F8, 0xE7F8, 0xE7F8, 0xE7F8, 0xE7F8, 0xE7F8, 0xE7F8, 0xE7F8,
    0xE7F8, 0xE7F8, 0xE7F8, 0xE7F8, 0xE7F8, 0xE7F8, 0xE7F8, 0xE7F8, 0xE7F8, 0xE7F8, 0xE7F8, 0xE7F8, 0xE7F8, 0xE7F8, 0xE7F8, 0xE7F8,
    0xE7F8, 0xE7F8, 0xE7F8, 0xE7F8, 0xE7F8, 0xE7F8, 0xE7F8, 0xE7F8, 0xE7F8, 0xE7F8, 0xE7F8, 0xE7F8, 0xE7F8, 0xE7F8, 0xE7F8, 0xE7F8,
    0xE7F8, 0xE7F8, 0xE7F8, 0xE7F8, 0xE7F8, 0xE7F8, 0xE7F8, 0xE7F8, 0xE7F8, 0xE7F8, 0xE7F8, 0xE7F8, 0xE7F8, 0xE7F8, 0xE7F8, 0xE7F8,
    0xE7F8, 0xE7F8, 0xE7F8, 0xE7F8, 0xE7F8, 0xE7F8, 0xE7F8, 0xE7F8, 0xE7F8, 0xE7F8, 0xE7F8, 0xE7F8, 0xE7F8, 0xE7F8, 0xE7F8, 0xE7F8,
    0xE7F8, 0xE7F8, 0xE7F8, 0xE7F8, 0xE7F8, 0xE7F8, 0xE7F8, 0xE7F8, 0xE7F8, 0xE7F8, 0xE7F8, 0xE7F8, 0xE7F8, 0xE7F8, 0xE7F8, 0xE7F8,
    0xE7F8, 0xE7F8, 0xE7F8, 0xE7F8, 0xE7F8, 0xE7F8, 0xE7F8, 0xE7F8, 0xE7F8, 0xE7F8, 0xE7F8, 0xE7F8, 0xE7F8, 0xE7F8, 0xE7F8, 0xE7F8,
    0xE7F8, 0xE7F8, 0xE7F8, 0xE7F8, 0xE7F8, 0xE7F8, 0xE7F8, 0xE7F8, 0xE7F8, 0xE7F8, 0xE7F8, 0xE7F8, 0xE7F8, 0xE7F8, 0xE7F8, 0xE7F8,
    0xE7F8, 0xE7F8, 0xE7F8, 0xE7F8, 0xE7F8, 0xE7F8, 0xE7F8, 0xE7F8, 0xE7F8, 0xE7F8, 0xE7F8, 0xE7F8, 0xE7F8, 0xE7F8, 0xE7F8, 0xE7F8,
    0xE7F8, 0xE7F8, 0xE7F8, 0xE7F8, 0xE7F8, 0xE7F8, 0xE7F8, 0xE7F8, 0xE7F8, 0xE7F8, 0xE7F8, 0xE7F8, 0xE7F8, 0xE7F8, 0xE7F8, 0xE7F8,
    0xE7F8, 0xE7F8, 0xE7F8, 0xE7F8, 0xE7F8, 0xE7F8, 0xE7F8, 0xE7F8, 0xE7F8, 0xE7F8, 0xE7F8, 0xE7F8, 0xE7F8, 0xE7F8, 0xE7F8, 0xE7F8,
    0xE7F8, 0xE7F8, 0xE7F8, 0xE7F8, 0xE7F8, 0xE7F8, 0xE7F8, 0xE7F8, 0xE7F8, 0xE7F8, 0xE7F8, 0xE7F8, 0xE7F8, 0xE7F8, 0xE7F8, 0xE7F8,
    0xE7F8, 0xE7F8, 0xE7F8, 0xE7F8, 0xE7F8, 0xE7F8, 0xE7F8, 0xE7F8, 0xE7F8, 0xE7F8, 0xE7F8, 0xE7F8, 0xE7F8, 0xE7F8, 0xE7F8, 0xE7F8,
    0xE7F8, 0xE7F8, 0xE7F8, 0xE7F8, 0xE7F8, 0xE7F8, 0xE7F8, 0xE7F8, 0xE7F8, 0xE7F8, 0xE7F8, 0xE7F8, 0xE7F8, 0xE7F8, 0xE7F8, 0xE7F8,
    0xE7F8, 0xE7F8, 0xE7F8, 0xE7F8, 0xE7F8, 0xE7F8, 0xE7F8, 0xE7F8, 0xE7F8, 0xE7F8, 0xE7F8, 0xE7F8, 0xE7F8, 0xE7F8, 0xE7F8, 0xE7F8,
    0xE7F8, 0xE7F8, 0xE7F8, 0xE7F8, 0xE7F8, 0xE7F8, 0xE7F8, 0xE7F8, 0xE7F8, 0xE7F8, 0xE7F8, 0xE7F8, 0xE7F8, 0xE7F8, 0xE7F8, 0xE7F8,
    0xE7F8, 0xE7F8, 0xE7F8, 0xE7F8, 0xE7F8, 0xE7F8, 0xE7F8, 0xE7F8, 0xE7F8, 0xE7F8, 0xE7F8, 0xE7F8, 0xE7F8, 0xE7F8, 0xE7F8, 0xE7F8,
    0xE7F8, 0xE7F8, 0xE7F8, 0xE7F8, 0xE7F8, 0xE7F8, 0xE7F8, 0xE7F8, 0xE7F8, 0xE7F8, 0xE7F8, 0xE7F8, 0xE7F8, 0xE7F8, 0xE7F8, 0xE7F8,
    0xFFFF, 0xFFFF, 0xFFFF, 0xFFFF, 0xFFFF, 0xFFFF, 0xFFFF, 0xFFFF, 0x6E98, 0x0DB4, 0x0DB4, 0x0DB4, 0x0DB4, 0x0DB4, 0x0DB4, 0x5E96,
    0xE7F8, 0xE7F8, 0xE7F8, 0xE7F8, 0xE7F8, 0xE7F8, 0xE7F8, 0xE7F8, 0xE7F8, 0xE7F8, 0xE7F8, 0xE7F8, 0xE7F8, 0xE7F8, 0xE7F8, 0xE7F8,
    0xE7F8, 0xE7F8, 0xE7F8, 0xE7F8, 0xE7F8, 0xE7F8, 0xE7F8, 0xE7F8, 0xE7F8, 0xE7F8, 0xE7F8, 0xE7F8, 0xE7F8, 0xE7F8, 0xE7F8, 0xE7F8,
    0xE7F8, 0xE7F8, 0xE7F8, 0xE7F8, 0xE7F8, 0xE7F8, 0xE7F8, 0xE7F8, 0xE7F8, 0xE7F8, 0xE7F8, 0xE7F8, 0xE7F8, 0xE7F8, 0xE7F8, 0xE7F8,
    0xE7F8, 0xE7F8, 0xE7F8, 0xE7F8, 0xE7F8, 0xE7F8, 0xE7F8, 0xE7F8, 0xE7F8, 0xE7F8, 0xE7F8, 0xE7F8, 0xE7F8, 0xE7F8, 0xE7F8, 0xE7F8,
    0xE7F8, 0xE7F8, 0xE7F8, 0xE7F8, 0xE7F8, 0xE7F8, 0xE7F8, 0xE7F8, 0xE7F8, 0xE7F8, 0xE7F8, 0xE7F8, 0xE7F8, 0xE7F8, 0xE7F8, 0xE7F8,
    0xE7F8, 0xE7F8, 0xE7F8, 0xE7F8, 0xE7F8, 0xE7F8, 0xE7F8, 0xE7F8, 0xE7F8, 0xE7F8, 0xE7F8, 0xE7F8, 0xE7F8, 0xE7F8, 0xE7F8, 0xE7F8,
    0xE7F8, 0xE7F8, 0xE7F8, 0xE7F8, 0xE7F8, 0xE7F8, 0xE7F8, 0xE7F8, 0xE7F8, 0xE7F8, 0xE7F8, 0xE7F8, 0xE7F8, 0xE7F8, 0xE7F8, 0xE7F8,
    0xE7F8, 0xE7F8, 0xE7F8, 0xE7F8, 0xE7F8, 0xE7F8, 0xE7F8, 0xE7F8, 0xE7F8, 0xE7F8, 0xE7F8, 0xE7F8, 0xE7F8, 0xE7F8, 0xE7F8, 0xE7F8,
    0xE7F8, 0xE7F8, 0xE7F8, 0xE7F8, 0xE7F8, 0xE7F8, 0xE7F8, 0xE7F8, 0xE7F8, 0xE7F8, 0xE7F8, 0xE7F8, 0xE7F8, 0xE7F8, 0xE7F8, 0xE7F8,
    0xE7F8, 0xE7F8, 0xE7F8, 0xE7F8, 0xE7F8, 0xE7F8, 0xE7F8, 0xE7F8, 0xE7F8, 0xE7F8, 0xE7F8, 0xE7F8, 0xE7F8, 0xE7F8, 0xE7F8, 0xE7F8,
    0xE7F8, 0xE7F8, 0xE7F8, 0xE7F8, 0xE7F8, 0xE7F8, 0xE7F8, 0xE7F8, 0xE7F8, 0xE7F8, 0xE7F8, 0xE7F8, 0xE7F8, 0xE7F8, 0xE7F8, 0xE7F8,
    0xE7F8, 0xE7F8, 0xE7F8, 0xE7F8, 0xE7F8, 0xE7F8, 0xE7F8, 0xE7F8, 0xE7F8, 0xE7F8, 0xE7F8, 0xE7F8, 0xE7F8, 0xE7F8, 0xE7F8, 0xE7F8,
    0xE7F8, 0xE7F8, 0xE7F8, 0xE7F8, 0xE7F8, 0xE7F8, 0xE7F8, 0xE7F8, 0xE7F8, 0xE7F8, 0xE7F8, 0xE7F8, 0xE7F8, 0xE7F8, 0xE7F8, 0xE7F8,
    0xE7F8, 0xE7F8, 0xE7F8, 0xE7F8, 0xE7F8, 0xE7F8, 0xE7F8, 0xE7F8, 0xE7F8, 0xE7F8, 0xE7F8, 0xE7F8, 0xE7F8, 0xE7F8, 0xE7F8, 0xE7F8,
    0xE7F8, 0xE7F8, 0xE7F8, 0xE7F8, 0xE7F8, 0xE7F8, 0xE7F8, 0xE7F8, 0xE7F8, 0xE7F8, 0xE7F8, 0xE7F8, 0xE7F8, 0xE7F8, 0xE7F8, 0xE7F8,
    0xE7F8, 0xE7F8, 0xE7F8, 0xE7F8, 0xE7F8, 0xE7F8, 0xE7F8, 0xE7F8, 0xE7F8, 0xE7F8, 0xE7F8, 0xE7F8, 0xE7F8, 0xE7F8, 0xE7F8, 0xE7F8,
    0xE7F8, 0xE7F8, 0xE7F8, 0xE7F8, 0xE7F8, 0xE7F8, 0xE7F8, 0xE7F8, 0xE7F8, 0xE7F8, 0xE7F8, 0xE7F8, 0xE7F8, 0xE7F8, 0xE7F8, 0xE7F8,
    0xE7F8, 0xE7F8, 0xE7F8, 0xE7F8, 0xE7F8, 0xE7F8, 0xE7F8, 0xE7F8, 0xE7F8, 0xE7F8, 0xE7F8, 0xE7F8, 0xE7F8, 0xE7F8, 0xE7F8, 0xE7F8,
    0xE7F8, 0xE7F8, 0xE7F8, 0xE7F8, 0xE7F8, 0xE7F8, 0xE7F8, 0xE7F8, 0xE7F8, 0xE7F8, 0xE7F8, 0xE7F8, 0xE7F8, 0xE7F8, 0xE7F8, 0xE7F8,
    0xFFFF, 0xFFFF, 0xFFFF, 0xFFFF, 0xFFFF, 0xFFFF, 0xFFFF, 0xF7DF, 0x1DD5, 0x0DB4, 0x0DB4, 0x0DB4, 0x0DB4, 0x0DB4, 0x0DB4, 0xAF77,
    0xE7F8, 0xE7F8, 0xE7F8, 0xE7F8, 0xE7F8, 0xE7F8, 0xE7F8, 0xE7F8, 0xE7F8, 0xE7F8, 0xE7F8, 0xE7F8, 0xE7F8, 0xE7F8, 0xE7F8, 0xE7F8,
    0xE7F8, 0xE7F8, 0xE7F8, 0xE7F8, 0xE7F8, 0xE7F8, 0xE7F8, 0xE7F8, 0xE7F8, 0xE7F8, 0xE7F8, 0xE7F8, 0xE7F8, 0xE7F8, 0xE7F8, 0xE7F8,
    0xE7F8, 0xE7F8, 0xE7F8, 0xE7F8, 0xE7F8, 0xE7F8, 0xE7F8, 0xE7F8, 0xE7F8, 0xE7F8, 0xE7F8, 0xE7F8, 0xE7F8, 0xE7F8, 0xE7F8, 0xE7F8,
    0xE7F8, 0xE7F8, 0xE7F8, 0xE7F8, 0xE7F8, 0xE7F8, 0xE7F8, 0xE7F8, 0xE7F8, 0xE7F8, 0xE7F8, 0xE7F8, 0xE7F8, 0xE7F8, 0xE7F8, 0xE7F8,
    0xE7F8, 0xE7F8, 0xE7F8, 0xE7F8, 0xE7F8, 0xE7F8, 0xE7F8, 0xE7F8, 0xE7F8, 0xE7F8, 0xE7F8, 0xE7F8, 0xE7F8, 0xE7F8, 0xE7F8, 0xE7F8,
    0xE7F8, 0xE7F8, 0xE7F8, 0xE7F8, 0xE7F8, 0xE7F8, 0xE7F8, 0xE7F8, 0xE7F8, 0xE7F8, 0xE7F8, 0xE7F8, 0xE7F8, 0xE7F8, 0xE7F8, 0xE7F8,
    0xE7F8, 0xE7F8, 0xE7F8, 0xE7F8, 0xE7F8, 0xE7F8, 0xE7F8, 0xE7F8, 0xE7F8, 0xE7F8, 0xE7F8, 0xE7F8, 0xE7F8, 0xE7F8, 0xE7F8, 0xE7F8,
    0xE7F8, 0xE7F8, 0xE7F8, 0xE7F8, 0xE7F8, 0xE7F8, 0xE7F8, 0xE7F8, 0xE7F8, 0xE7F8, 0xE7F8, 0xE7F8, 0xE7F8, 0xE7F8, 0xE7F8, 0xE7F8,
    0xE7F8, 0xE7F8, 0xE7F8, 0xE7F8, 0xE7F8, 0xE7F8, 0xE7F8, 0xE7F8, 0xE7F8, 0xE7F8, 0xE7F8, 0xE7F8, 0xE7F8, 0xE7F8, 0xE7F8, 0xE7F8,
    0xE7F8, 0xE7F8, 0xE7F8, 0xE7F8, 0xE7F8, 0xE7F8, 0xE7F8, 0xE7F8, 0xE7F8, 0xE7F8, 0xE7F8, 0xE7F8, 0xE7F8, 0xE7F8, 0xE7F8, 0xE7F8,
    0xE7F8, 0xE7F8, 0xE7F8, 0xE7F8, 0xE7F8, 0xE7F8, 0xE7F8, 0xE7F8, 0xE7F8, 0xE7F8, 0xE7F8, 0xE7F8, 0xE7F8, 0xE7F8, 0xE7F8, 0xE7F8,
    0xE7F8, 0xE7F8, 0xE7F8, 0xE7F8, 0xE7F8, 0xE7F8, 0xE7F8, 0xE7F8, 0xE7F8, 0xE7F8, 0xE7F8, 0xE7F8, 0xE7F8, 0xE7F8, 0xE7F8, 0xE7F8,
    0xE7F8, 0xE7F8, 0xE7F8, 0xE7F8, 0xE7F8, 0xE7F8, 0xE7F8, 0xE7F8, 0xE7F8, 0xE7F8, 0xE7F8, 0xE7F8, 0xE7F8, 0xE7F8, 0xE7F8, 0xE7F8,
    0xE7F8, 0xE7F8, 0xE7F8, 0xE7F8, 0xE7F8, 0xE7F8, 0xE7F8, 0xE7F8, 0xE7F8, 0xE7F8, 0xE7F8, 0xE7F8, 0xE7F8, 0xE7F8, 0xE7F8, 0xE7F8,
    0xE7F8, 0xE7F8, 0xE7F8, 0xE7F8, 0xE7F8, 0xE7F8, 0xE7F8, 0xE7F8, 0xE7F8, 0xE7F8, 0xE7F8, 0xE7F8, 0xE7F8, 0xE7F8, 0xE7F8, 0xE7F8,
    0xE7F8, 0xE7F8, 0xE7F8, 0xE7F8, 0xE7F8, 0xE7F8, 0xE7F8, 0xE7F8, 0xE7F8, 0xE7F8, 0xE7F8, 0xE7F8, 0xE7F8, 0xE7F8, 0xE7F8, 0xE7F8,
    0xE7F8, 0xE7F8, 0xE7F8, 0xE7F8, 0xE7F8, 0xE7F8, 0xE7F8, 0xE7F8, 0xE7F8, 0xE7F8, 0xE7F8, 0xE7F8, 0xE7F8, 0xE7F8, 0xE7F8, 0xE7F8,
    0xE7F8, 0xE7F8, 0xE7F8, 0xE7F8, 0xE7F8, 0xE7F8, 0xE7F8, 0xE7F8, 0xE7F8, 0xE7F8, 0xE7F8, 0xE7F8, 0xE7F8, 0xE7F8, 0xE7F8, 0xE7F8,
    0xE7F8, 0xE7F8, 0xE7F8, 0xE7F8, 0xE7F8, 0xE7F8, 0xE7F8, 0xE7F8, 0xE7F8, 0xE7F8, 0xE7F8, 0xE7F8, 0xE7F8, 0xE7F8, 0xE7F8, 0xE7F8,
    0xFFFF, 0xFFFF, 0xFFFF, 0xFFFF, 0xFFFF, 0xFFFF, 0xFFFF, 0xB75C, 0x0DB4, 0x0DB4, 0x0DB4, 0x0DB4, 0x0DB4, 0x0DB4, 0x0DB4, 0xD7D8,
    0xE7F8, 0xE7F8, 0xE7F8, 0xE7F8, 0xE7F8, 0xE7F8, 0xE7F8, 0xE7F8, 0xE7F8, 0xE7F8, 0xE7F8, 0xE7F8, 0xE7F8, 0xE7F8, 0xE7F8, 0xE7F8,
    0xE7F8, 0xE7F8, 0xE7F8, 0xE7F8, 0xE7F8, 0xE7F8, 0xE7F8, 0xE7F8, 0xE7F8, 0xE7F8, 0xE7F8, 0xE7F8, 0xE7F8, 0xE7F8, 0xE7F8, 0xE7F8,
    0xE7F8, 0xE7F8, 0xE7F8, 0xE7F8, 0xE7F8, 0xE7F8, 0xE7F8, 0xE7F8, 0xE7F8, 0xE7F8, 0xE7F8, 0xE7F8, 0xE7F8, 0xE7F8, 0xE7F8, 0xE7F8,
    0xE7F8, 0xE7F8, 0xE7F8, 0xE7F8, 0xE7F8, 0xE7F8, 0xE7F8, 0xE7F8, 0xE7F8, 0xE7F8, 0xE7F8, 0xE7F8, 0xE7F8, 0xE7F8, 0xE7F8, 0xE7F8,
    0xE7F8, 0xE7F8, 0xE7F8, 0xE7F8, 0xE7F8, 0xE7F8, 0xE7F8, 0xE7F8, 0xE7F8, 0xE7F8, 0xE7F8, 0xE7F8, 0xE7F8, 0xE7F8, 0xE7F8, 0xE7F8,
    0xE7F8, 0xE7F8, 0xE7F8, 0xE7F8, 0xE7F8, 0xE7F8, 0xE7F8, 0xE7F8, 0xE7F8, 0xE7F8, 0xE7F8, 0xE7F8, 0xE7F8, 0xE7F8, 0xE7F8, 0xE7F8,
    0xE7F8, 0xE7F8, 0xE7F8, 0xE7F8, 0xE7F8, 0xE7F8, 0xE7F8, 0xE7F8, 0xE7F8, 0xE7F8, 0xE7F8, 0xE7F8, 0xE7F8, 0xE7F8, 0xE7F8, 0xE7F8,
    0xE7F8, 0xE7F8, 0xE7F8, 0xE7F8, 0xE7F8, 0xE7F8, 0xE7F8, 0xE7F8, 0xE7F8, 0xE7F8, 0xE7F8, 0xE7F8, 0xE7F8, 0xE7F8, 0xE7F8, 0xE7F8,
    0xE7F8, 0xE7F8, 0xE7F8, 0xE7F8, 0xE7F8, 0xE7F8, 0xE7F8, 0xE7F8, 0xE7F8, 0xE7F8, 0xE7F8, 0xE7F8, 0xE7F8, 0xE7F8, 0xE7F8, 0xE7F8,
    0xE7F8, 0xE7F8, 0xE7F8, 0xE7F8, 0xE7F8, 0xE7F8, 0xE7F8, 0xE7F8, 0xE7F8, 0xE7F8, 0xE7F8, 0xE7F8, 0xE7F8, 0xE7F8, 0xE7F8, 0xE7F8,
    0xE7F8, 0xE7F8, 0xE7F8, 0xE7F8, 0xE7F8, 0xE7F8, 0xE7F8, 0xE7F8, 0xE7F8, 0xE7F8, 0xE7F8, 0xE7F8, 0xE7F8, 0xE7F8, 0xE7F8, 0xE7F8,
    0xE7F8, 0xE7F8, 0xE7F8, 0xE7F8, 0xE7F8, 0xE7F8, 0xE7F8, 0xE7F8, 0xE7F8, 0xE7F8, 0xE7F8, 0xE7F8, 0xE7F8, 0xE7F8, 0xE7F8, 0xE7F8,
    0xE7F8, 0xE7F8, 0xE7F8, 0xE7F8, 0xE7F8, 0xE7F8, 0xE7F8, 0xE7F8, 0xE7F8, 0xE7F8, 0xE7F8, 0xE7F8, 0xE7F8, 0xE7F8, 0xE7F8, 0xE7F8,
    0xE7F8, 0xE7F8, 0xE7F8, 0xE7F8, 0xE7F8, 0xE7F8, 0xE7F8, 0xE7F8, 0xE7F8, 0xE7F8, 0xE7F8, 0xE7F8, 0xE7F8, 0xE7F8, 0xE7F8, 0xE7F8,
    0xE7F8, 0xE7F8, 0xE7F8, 0xE7F8, 0xE7F8, 0xE7F8, 0xE7F8, 0xE7F8, 0xE7F8, 0xE7F8, 0xE7F8, 0xE7F8, 0xE7F8, 0xE7F8, 0xE7F8, 0xE7F8,
    0xE7F8, 0xE7F8, 0xE7F8, 0xE7F8, 0xE7F8, 0xE7F8, 0xE7F8, 0xE7F8, 0xE7F8, 0xE7F8, 0xE7F8, 0xE7F8, 0xE7F8, 0xE7F8, 0xE7F8, 0xE7F8,
    0xE7F8, 0xE7F8, 0xE7F8, 0xE7F8, 0xE7F8, 0xE7F8, 0xE7F8, 0xE7F8, 0xE7F8, 0xE7F8, 0xE7F8, 0xE7F8, 0xE7F8, 0xE7F8, 0xE7F8, 0xE7F8,
    0xE7F8, 0xE7F8, 0xE7F8, 0xE7F8, 0xE7F8, 0xE7F8, 0xE7F8, 0xE7F8, 0xE7F8, 0xE7F8, 0xE7F8, 0xE7F8, 0xE7F8, 0xE7F8, 0xE7F8, 0xE7F8,
    0xE7F8, 0xE7F8, 0xE7F8, 0xE7F8, 0xE7F8, 0xE7F8, 0xE7F8, 0xE7F8, 0xE7F8, 0xE7F8, 0xE7F8, 0xE7F8, 0xE7F8, 0xE7F8, 0xE7F8, 0xE7F8,
    0xFFFF, 0xFFFF, 0xFFFF, 0xFFFF, 0xFFFF, 0xFFFF, 0xE7BE, 0x6E98, 0x0DB4, 0x0DB4, 0x0DB4, 0x0DB4, 0x0DB4, 0x0DB4, 0x4655, 0xE7F8,
    0xE7F8, 0xE7F8, 0xE7F8, 0xE7F8, 0xE7F8, 0xE7F8, 0xE7F8, 0xE7F8, 0xE7F8, 0xE7F8, 0xE7F8, 0xE7F8, 0xE7F8, 0xE7F8, 0xE7F8, 0xE7F8,
    0xE7F8, 0xE7F8, 0xE7F8, 0xE7F8, 0xE7F8, 0xE7F8, 0xE7F8, 0xE7F8, 0xE7F8, 0xE7F8, 0xE7F8, 0xE7F8, 0xE7F8, 0xE7F8, 0xE7F8, 0xE7F8,
    0xE7F8, 0xE7F8, 0xE7F8, 0xE7F8, 0xE7F8, 0xE7F8, 0xE7F8, 0xE7F8, 0xE7F8, 0xE7F8, 0xE7F8, 0xE7F8, 0xE7F8, 0xE7F8, 0xE7F8, 0xE7F8,
    0xE7F8, 0xE7F8, 0xE7F8, 0xE7F8, 0xE7F8, 0xE7F8, 0xE7F8, 0xE7F8, 0xE7F8, 0xE7F8, 0xE7F8, 0xE7F8, 0xE7F8, 0xE7F8, 0xE7F8, 0xE7F8,
    0xE7F8, 0xE7F8, 0xE7F8, 0xE7F8, 0xE7F8, 0xE7F8, 0xE7F8, 0xE7F8, 0xE7F8, 0xE7F8, 0xE7F8, 0xE7F8, 0xE7F8, 0xE7F8, 0xE7F8, 0xE7F8,
    0xE7F8, 0xE7F8, 0xE7F8, 0xE7F8, 0xE7F8, 0xE7F8, 0xE7F8, 0xE7F8, 0xE7F8, 0xE7F8, 0xE7F8, 0xE7F8, 0xE7F8, 0xE7F8, 0xE7F8, 0xE7F8,
    0xE7F8, 0xE7F8, 0xE7F8, 0xE7F8, 0xE7F8, 0xE7F8, 0xE7F8, 0xE7F8, 0xE7F8, 0xE7F8, 0xE7F8, 0xE7F8, 0xE7F8, 0xE7F8, 0xE7F8, 0xE7F8,
    0xE7F8, 0xE7F8, 0xE7F8, 0xE7F8, 0xE7F8, 0xE7F8, 0xE7F8, 0xE7F8, 0xE7F8, 0xE7F8, 0xE7F8, 0xE7F8, 0xE7F8, 0xE7F8, 0xE7F8, 0xE7F8,
    0xE7F8, 0xE7F8, 0xE7F8, 0xE7F8, 0xE7F8, 0xE7F8, 0xE7F8, 0xE7F8, 0xE7F8, 0xE7F8, 0xE7F8, 0xE7F8, 0xE7F8, 0xE7F8, 0xE7F8, 0xE7F8,
    0xE7F8, 0xE7F8, 0xE7F8, 0xE7F8, 0xE7F8, 0xE7F8, 0xE7F8, 0xE7F8, 0xE7F8, 0xE7F8, 0xE7F8, 0xE7F8, 0xE7F8, 0xE7F8, 0xE7F8, 0xE7F8,
    0xE7F8, 0xE7F8, 0xE7F8, 0xE7F8, 0xE7F8, 0xE7F8, 0xE7F8, 0xE7F8, 0xE7F8, 0xE7F8, 0xE7F8, 0xE7F8, 0xE7F8, 0xE7F8, 0xE7F8, 0xE7F8,
    0xE7F8, 0xE7F8, 0xE7F8, 0xE7F8, 0xE7F8, 0xE7F8, 0xE7F8, 0xE7F8, 0xE7F8, 0xE7F8, 0xE7F8, 0xE7F8, 0xE7F8, 0xE7F8, 0xE7F8, 0xE7F8,
    0xE7F8, 0xE7F8, 0xE7F8, 0xE7F8, 0xE7F8, 0xE7F8, 0xE7F8, 0xE7F8, 0xE7F8, 0xE7F8, 0xE7F8, 0xE7F8, 0xE7F8, 0xE7F8, 0xE7F8, 0xE7F8,
    0xE7F8, 0xE7F8, 0xE7F8, 0xE7F8, 0xE7F8, 0xE7F8, 0xE7F8, 0xE7F8, 0xE7F8, 0xE7F8, 0xE7F8, 0xE7F8, 0xE7F8, 0xE7F8, 0xE7F8, 0xE7F8,
    0xE7F8, 0xE7F8, 0xE7F8, 0xE7F8, 0xE7F8, 0xE7F8, 0xE7F8, 0xE7F8, 0xE7F8, 0xE7F8, 0xE7F8, 0xE7F8, 0xE7F8, 0xE7F8, 0xE7F8, 0xE7F8,
    0xE7F8, 0xE7F8, 0xE7F8, 0xE7F8, 0xE7F8, 0xE7F8, 0xE7F8, 0xE7F8, 0xE7F8, 0xE7F8, 0xE7F8, 0xE7F8, 0xE7F8, 0xE7F8, 0xE7F8, 0xE7F8,
    0xE7F8, 0xE7F8, 0xE7F8, 0xE7F8, 0xE7F8, 0xE7F8, 0xE7F8, 0xE7F8, 0xE7F8, 0xE7F8, 0xE7F8, 0xE7F8, 0xE7F8, 0xE7F8, 0xE7F8, 0xE7F8,
    0xE7F8, 0xE7F8, 0xE7F8, 0xE7F8, 0xE7F8, 0xE7F8, 0xE7F8, 0xE7F8, 0xE7F8, 0xE7F8, 0xE7F8, 0xE7F8, 0xE7F8, 0xE7F8, 0xE7F8, 0xE7F8,
    0xE7F8, 0xE7F8, 0xE7F8, 0xE7F8, 0xE7F8, 0xE7F8, 0xE7F8, 0xE7F8, 0xE7F8, 0xE7F8, 0xE7F8, 0xE7F8, 0xE7F8, 0xE7F8, 0xE7F8, 0xE7F8,
    0xFFFF, 0xFFFF, 0xFFFF, 0xFFFF, 0xFFFF, 0xFFFF, 0xF7DF, 0x2E16, 0x0DB4, 0x0DB4, 0x0DB4, 0x0DB4, 0x0DB4, 0x0DB4, 0x86F6, 0xE7F8,
    0xE7F8, 0xE7F8, 0xE7F8, 0xE7F8, 0xE7F8, 0xE7F8, 0xE7F8, 0xE7F8, 0xE7F8, 0xE7F8, 0xE7F8, 0xE7F8, 0xE7F8, 0xE7F8, 0xE7F8, 0xE7F8,
    0xE7F8, 0xE7F8, 0xE7F8, 0xE7F8, 0xE7F8, 0xE7F8, 0xE7F8, 0xE7F8, 0xE7F8, 0xE7F8, 0xE7F8, 0xE7F8, 0xE7F8, 0xE7F8, 0xE7F8, 0xE7F8,
    0xE7F8, 0xE7F8, 0xE7F8, 0xE7F8, 0xE7F8, 0xE7F8, 0xE7F8, 0xE7F8, 0xE7F8, 0xE7F8, 0xE7F8, 0xE7F8, 0xE7F8, 0xE7F8, 0xE7F8, 0xE7F8,
    0xE7F8, 0xE7F8, 0xE7F8, 0xE7F8, 0xE7F8, 0xE7F8, 0xE7F8, 0xE7F8, 0xE7F8, 0xE7F8, 0xE7F8, 0xE7F8, 0xE7F8, 0xE7F8, 0xE7F8, 0xE7F8,
    0xE7F8, 0xE7F8, 0xE7F8, 0xE7F8, 0xE7F8, 0xE7F8, 0xE7F8, 0xE7F8, 0xE7F8, 0xE7F8, 0xE7F8, 0xE7F8, 0xE7F8, 0xE7F8, 0xE7F8, 0xE7F8,
    0xE7F8, 0xE7F8, 0xE7F8, 0xE7F8, 0xE7F8, 0xE7F8, 0xE7F8, 0xE7F8, 0xE7F8, 0xE7F8, 0xE7F8, 0xE7F8, 0xE7F8, 0xE7F8, 0xE7F8, 0xE7F8,
    0xE7F8, 0xE7F8, 0xE7F8, 0xE7F8, 0xE7F8, 0xE7F8, 0xE7F8, 0xE7F8, 0xE7F8, 0xE7F8, 0xE7F8, 0xE7F8, 0xE7F8, 0xE7F8, 0xE7F8, 0xE7F8,
    0xE7F8, 0xE7F8, 0xE7F8, 0xE7F8, 0xE7F8, 0xE7F8, 0xE7F8, 0xE7F8, 0xE7F8, 0xE7F8, 0xE7F8, 0xE7F8, 0xE7F8, 0xE7F8, 0xE7F8, 0xE7F8,
    0xE7F8, 0xE7F8, 0xE7F8, 0xE7F8, 0xE7F8, 0xE7F8, 0xE7F8, 0xE7F8, 0xE7F8, 0xE7F8, 0xE7F8, 0xE7F8, 0xE7F8, 0xE7F8, 0xE7F8, 0xE7F8,
    0xE7F8, 0xE7F8, 0xE7F8, 0xE7F8, 0xE7F8, 0xE7F8, 0xE7F8, 0xE7F8, 0xE7F8, 0xE7F8, 0xE7F8, 0xE7F8, 0xE7F8, 0xE7F8, 0xE7F8, 0xE7F8,
    0xE7F8, 0xE7F8, 0xE7F8, 0xE7F8, 0xE7F8, 0xE7F8, 0xE7F8, 0xE7F8, 0xE7F8, 0xE7F8, 0xE7F8, 0xE7F8, 0xE7F8, 0xE7F8, 0xE7F8, 0xE7F8,
    0xE7F8, 0xE7F8, 0xE7F8, 0xE7F8, 0xE7F8, 0xE7F8, 0xE7F8, 0xE7F8, 0xE7F8, 0xE7F8, 0xE7F8, 0xE7F8, 0xE7F8, 0xE7F8, 0xE7F8, 0xE7F8,
    0xE7F8, 0xE7F8, 0xE7F8, 0xE7F8, 0xE7F8, 0xE7F8, 0xE7F8, 0xE7F8, 0xE7F8, 0xE7F8, 0xE7F8, 0xE7F8, 0xE7F8, 0xE7F8, 0xE7F8, 0xE7F8,
    0xE7F8, 0xE7F8, 0xE7F8, 0xE7F8, 0xE7F8, 0xE7F8, 0xE7F8, 0xE7F8, 0xE7F8, 0xE7F8, 0xE7F8, 0xE7F8, 0xE7F8, 0xE7F8, 0xE7F8, 0xE7F8,
    0xE7F8, 0xE7F8, 0xE7F8, 0xE7F8, 0xE7F8, 0xE7F8, 0xE7F8, 0xE7F8, 0xE7F8, 0xE7F8, 0xE7F8, 0xE7F8, 0xE7F8, 0xE7F8, 0xE7F8, 0xE7F8,
    0xE7F8, 0xE7F8, 0xE7F8, 0xE7F8, 0xE7F8, 0xE7F8, 0xE7F8, 0xE7F8, 0xE7F8, 0xE7F8, 0xE7F8, 0xE7F8, 0xE7F8, 0xE7F8, 0xE7F8, 0xE7F8,
    0xE7F8, 0xE7F8, 0xE7F8, 0xE7F8, 0xE7F8, 0xE7F8, 0xE7F8, 0xE7F8, 0xE7F8, 0xE7F8, 0xE7F8, 0xE7F8, 0xE7F8, 0xE7F8, 0xE7F8, 0xE7F8,
    0xE7F8, 0xE7F8, 0xE7F8, 0xE7F8, 0xE7F8, 0xE7F8, 0xE7F8, 0xE7F8, 0xE7F8, 0xE7F8, 0xE7F8, 0xE7F8, 0xE7F8, 0xE7F8, 0xE7F8, 0xE7F8,
    0xE7F8, 0xE7F8, 0xE7F8, 0xE7F8, 0xE7F8, 0xE7F8, 0xE7F8, 0xE7F8, 0xE7F8, 0xE7F8, 0xE7F8, 0xE7F8, 0xE7F8, 0xE7F8, 0xE7F8, 0xE7F8,
    0xFFFF, 0xFFFF, 0xFFFF, 0xFFFF, 0xFFFF, 0xFFFF, 0xD79D, 0x0DB4, 0x0DB4, 0x0DB4, 0x0DB4, 0x0DB4, 0x0DB4, 0x0DB4, 0xCFB8, 0xE7F8,
    0xE7F8, 0xE7F8, 0xE7F8, 0xE7F8, 0xE7F8, 0xE7F8, 0xE7F8, 0xE7F8, 0xE7F8, 0xE7F8, 0xE7F8, 0xE7F8, 0xE7F8, 0xE7F8, 0xE7F8, 0xE7F8,
    0xE7F8, 0xE7F8, 0xE7F8, 0xE7F8, 0xE7F8, 0xE7F8, 0xE7F8, 0xE7F8, 0xE7F8, 0xE7F8, 0xE7F8, 0xE7F8, 0xE7F8, 0xE7F8, 0xE7F8, 0xE7F8,
    0xE7F8, 0xE7F8, 0xE7F8, 0xE7F8, 0xE7F8, 0xE7F8, 0xE7F8, 0xE7F8, 0xE7F8, 0xE7F8, 0xE7F8, 0xE7F8, 0xE7F8, 0xE7F8, 0xE7F8, 0xE7F8,
    0xE7F8, 0xE7F8, 0xE7F8, 0xE7F8, 0xE7F8, 0xE7F8, 0xE7F8, 0xE7F8, 0xE7F8, 0xE7F8, 0xE7F8, 0xE7F8, 0xE7F8, 0xE7F8, 0xE7F8, 0xE7F8,
    0xE7F8, 0xE7F8, 0xE7F8, 0xE7F8, 0xE7F8, 0xE7F8, 0xE7F8, 0xE7F8, 0xE7F8, 0xE7F8, 0xE7F8, 0xE7F8, 0xE7F8, 0xE7F8, 0xE7F8, 0xE7F8,
    0xE7F8, 0xE7F8, 0xE7F8, 0xE7F8, 0xE7F8, 0xE7F8, 0xE7F8, 0xE7F8, 0xE7F8, 0xE7F8, 0xE7F8, 0xE7F8, 0xE7F8, 0xE7F8, 0xE7F8, 0xE7F8,
    0xE7F8, 0xE7F8, 0xE7F8, 0xE7F8, 0xE7F8, 0xE7F8, 0xE7F8, 0xE7F8, 0xE7F8, 0xE7F8, 0xE7F8, 0xE7F8, 0xE7F8, 0xE7F8, 0xE7F8, 0xE7F8,
    0xE7F8, 0xE7F8, 0xE7F8, 0xE7F8, 0xE7F8, 0xE7F8, 0xE7F8, 0xE7F8, 0xE7F8, 0xE7F8, 0xE7F8, 0xE7F8, 0xE7F8, 0xE7F8, 0xE7F8, 0xE7F8,
    0xE7F8, 0xE7F8, 0xE7F8, 0xE7F8, 0xE7F8, 0xE7F8, 0xE7F8, 0xE7F8, 0xE7F8, 0xE7F8, 0xE7F8, 0xE7F8, 0xE7F8, 0xE7F8, 0xE7F8, 0xE7F8,
    0xE7F8, 0xE7F8, 0xE7F8, 0xE7F8, 0xE7F8, 0xE7F8, 0xE7F8, 0xE7F8, 0xE7F8, 0xE7F8, 0xE7F8, 0xE7F8, 0xE7F8, 0xE7F8, 0xE7F8, 0xE7F8,
    0xE7F8, 0xE7F8, 0xE7F8, 0xE7F8, 0xE7F8, 0xE7F8, 0xE7F8, 0xE7F8, 0xE7F8, 0xE7F8, 0xE7F8, 0xE7F8, 0xE7F8, 0xE7F8, 0xE7F8, 0xE7F8,
    0xE7F8, 0xE7F8, 0xE7F8, 0xE7F8, 0xE7F8, 0xE7F8, 0xE7F8, 0xE7F8, 0xE7F8, 0xE7F8, 0xE7F8, 0xE7F8, 0xE7F8, 0xE7F8, 0xE7F8, 0xE7F8,
    0xE7F8, 0xE7F8, 0xE7F8, 0xE7F8, 0xE7F8, 0xE7F8, 0xE7F8, 0xE7F8, 0xE7F8, 0xE7F8, 0xE7F8, 0xE7F8, 0xE7F8, 0xE7F8, 0xE7F8, 0xE7F8,
    0xE7F8, 0xE7F8, 0xE7F8, 0xE7F8, 0xE7F8, 0xE7F8, 0xE7F8, 0xE7F8, 0xE7F8, 0xE7F8, 0xE7F8, 0xE7F8, 0xE7F8, 0xE7F8, 0xE7F8, 0xE7F8,
    0xE7F8, 0xE7F8, 0xE7F8, 0xE7F8, 0xE7F8, 0xE7F8, 0xE7F8, 0xE7F8, 0xE7F8, 0xE7F8, 0xE7F8, 0xE7F8, 0xE7F8, 0xE7F8, 0xE7F8, 0xE7F8,
    0xE7F8, 0xE7F8, 0xE7F8, 0xE7F8, 0xE7F8, 0xE7F8, 0xE7F8, 0xE7F8, 0xE7F8, 0xE7F8, 0xE7F8, 0xE7F8, 0xE7F8, 0xE7F8, 0xE7F8, 0xE7F8,
    0xE7F8, 0xE7F8, 0xE7F8, 0xE7F8, 0xE7F8, 0xE7F8, 0xE7F8, 0xE7F8, 0xE7F8, 0xE7F8, 0xE7F8, 0xE7F8, 0xE7F8, 0xE7F8, 0xE7F8, 0xE7F8,
    0xE7F8, 0xE7F8, 0xE7F8, 0xE7F8, 0xE7F8, 0xE7F8, 0xE7F8, 0xE7F8, 0xE7F8, 0xE7F8, 0xE7F8, 0xE7F8, 0xE7F8, 0xE7F8, 0xE7F8, 0xE7F8,
    0xE7F8, 0xE7F8, 0xE7F8, 0xE7F8, 0xE7F8, 0xE7F8, 0xE7F8, 0xE7F8, 0xE7F8, 0xE7F8, 0xE7F8, 0xE7F8, 0xE7F8, 0xE7F8, 0xE7F8, 0xE7F8,
    0xFFFF, 0xFFFF, 0xFFFF, 0xFFFF, 0xFFFF, 0xFFFF, 0x96FA, 0x0DB4, 0x0DB4, 0x0DB4, 0x0DB4, 0x0DB4, 0x0DB4, 0x3635, 0xE7F8, 0xE7F8,
    0xE7F8, 0xE7F8, 0xE7F8, 0xE7F8, 0xE7F8, 0xE7F8, 0xE7F8, 0xE7F8, 0xE7F8, 0xE7F8, 0xE7F8, 0xE7F8, 0xE7F8, 0xE7F8, 0xE7F8, 0xE7F8,
    0xE7F8, 0xE7F8, 0xE7F8, 0xE7F8, 0xE7F8, 0xE7F8, 0xE7F8, 0xE7F8, 0xE7F8, 0xE7F8, 0xE7F8, 0xE7F8, 0xE7F8, 0xE7F8, 0xE7F8, 0xE7F8,
    0xE7F8, 0xE7F8, 0xE7F8, 0xE7F8, 0xE7F8, 0xE7F8, 0xE7F8, 0xE7F8, 0xE7F8, 0xE7F8, 0xE7F8, 0xE7F8, 0xE7F8, 0xE7F8, 0xE7F8, 0xE7F8,
    0xE7F8, 0xE7F8, 0xE7F8, 0xE7F8, 0xE7F8, 0xE7F8, 0xE7F8, 0xE7F8, 0xE7F8, 0xE7F8, 0xE7F8, 0xE7F8, 0xE7F8, 0xE7F8, 0xE7F8, 0xE7F8,
    0xE7F8, 0xE7F8, 0xE7F8, 0xE7F8, 0xE7F8, 0xE7F8, 0xE7F8, 0xE7F8, 0xE7F8, 0xE7F8, 0xE7F8, 0xE7F8, 0xE7F8, 0xE7F8, 0xE7F8, 0xE7F8,
    0xE7F8, 0xE7F8, 0xE7F8, 0xE7F8, 0xE7F8, 0xE7F8, 0xE7F8, 0xE7F8, 0xE7F8, 0xE7F8, 0xE7F8, 0xE7F8, 0xE7F8, 0xE7F8, 0xE7F8, 0xE7F8,
    0xE7F8, 0xE7F8, 0xE7F8, 0xE7F8, 0xE7F8, 0xE7F8, 0xE7F8, 0xE7F8, 0xE7F8, 0xE7F8, 0xE7F8, 0xE7F8, 0xE7F8, 0xE7F8, 0xE7F8, 0xE7F8,
    0xE7F8, 0xE7F8, 0xE7F8, 0xE7F8, 0xE7F8, 0xE7F8, 0xE7F8, 0xE7F8, 0xE7F8, 0xE7F8, 0xE7F8, 0xE7F8, 0xE7F8, 0xE7F8, 0xE7F8, 0xE7F8,
    0xE7F8, 0xE7F8, 0xE7F8, 0xE7F8, 0xE7F8, 0xE7F8, 0xE7F8, 0xE7F8, 0xE7F8, 0xE7F8, 0xE7F8, 0xE7F8, 0xE7F8, 0xE7F8, 0xE7F8, 0xE7F8,
    0xE7F8, 0xE7F8, 0xE7F8, 0xE7F8, 0xE7F8, 0xE7F8, 0xE7F8, 0xE7F8, 0xE7F8, 0xE7F8, 0xE7F8, 0xE7F8, 0xE7F8, 0xE7F8, 0xE7F8, 0xE7F8,
    0xE7F8, 0xE7F8, 0xE7F8, 0xE7F8, 0xE7F8, 0xE7F8, 0xE7F8, 0xE7F8, 0xE7F8, 0xE7F8, 0xE7F8, 0xE7F8, 0xE7F8, 0xE7F8, 0xE7F8, 0xE7F8,
    0xE7F8, 0xE7F8, 0xE7F8, 0xE7F8, 0xE7F8, 0xE7F8, 0xE7F8, 0xE7F8, 0xE7F8, 0xE7F8, 0xE7F8, 0xE7F8, 0xE7F8, 0xE7F8, 0xE7F8, 0xE7F8,
    0xE7F8, 0xE7F8, 0xE7F8, 0xE7F8, 0xE7F8, 0xE7F8, 0xE7F8, 0xE7F8, 0xE7F8, 0xE7F8, 0xE7F8, 0xE7F8, 0xE7F8, 0xE7F8, 0xE7F8, 0xE7F8,
    0xE7F8, 0xE7F8, 0xE7F8, 0xE7F8, 0xE7F8, 0xE7F8, 0xE7F8, 0xE7F8, 0xE7F8, 0xE7F8, 0xE7F8, 0xE7F8, 0xE7F8, 0xE7F8, 0xE7F8, 0xE7F8,
    0xE7F8, 0xE7F8, 0xE7F8, 0xE7F8, 0xE7F8, 0xE7F8, 0xE7F8, 0xE7F8, 0xE7F8, 0xE7F8, 0xE7F8, 0xE7F8, 0xE7F8, 0xE7F8, 0xE7F8, 0xE7F8,
    0xE7F8, 0xE7F8, 0xE7F8, 0xE7F8, 0xE7F8, 0xE7F8, 0xE7F8, 0xE7F8, 0xE7F8, 0xE7F8, 0xE7F8, 0xE7F8, 0xE7F8, 0xE7F8, 0xE7F8, 0xE7F8,
    0xE7F8, 0xE7F8, 0xE7F8, 0xE7F8, 0xE7F8, 0xE7F8, 0xE7F8, 0xE7F8, 0xE7F8, 0xE7F8, 0xE7F8, 0xE7F8, 0xE7F8, 0xE7F8, 0xE7F8, 0xE7F8,
    0xE7F8, 0xE7F8, 0xE7F8, 0xE7F8, 0xE7F8, 0xE7F8, 0xE7F8, 0xE7F8, 0xE7F8, 0xE7F8, 0xE7F8, 0xE7F8, 0xE7F8, 0xE7F8, 0xE7F8, 0xE7F8,
    0xE7F8, 0xE7F8, 0xE7F8, 0xE7F8, 0xE7F8, 0xE7F8, 0xE7F8, 0xE7F8, 0xE7F8, 0xE7F8, 0xE7F8, 0xE7F8, 0xE7F8, 0xE7F8, 0xE7F8, 0xE7F8,
    0xFFFF, 0xFFFF, 0xFFFF, 0xFFFF, 0xFFFF, 0xFFFF, 0x4E57, 0x0DB4, 0x0DB4, 0x0DB4, 0x0DB4, 0x0DB4, 0x0DB4, 0x6EB6, 0xE7F8, 0xE7F8,
    0xE7F8, 0xE7F8, 0xE7F8, 0xE7F8, 0xE7F8, 0xE7F8, 0xE7F8, 0xE7F8, 0xE7F8, 0xE7F8, 0xE7F8, 0xE7F8, 0xE7F8, 0xE7F8, 0xE7F8, 0xE7F8,
    0xE7F8, 0xE7F8, 0xB69A, 0x853C, 0x853C, 0x853C, 0xAE3A, 0xE7F8, 0xE7F8, 0xE7F8, 0xE7F8, 0xE7F8, 0xE7F8, 0xE7F8, 0xE7F8, 0xE7F8,
    0xE7F8, 0xE7F8, 0xE7F8, 0xE7F8, 0xE7F8, 0xE7F8, 0x7CDC, 0x3B3F, 0x3B3F, 0x3B3F, 0x3B3F, 0x9DFB, 0xE7F8, 0xE7F8, 0xE7F8, 0xE7F8,
    0xE7F8, 0xE7F8, 0xE7F8, 0xE7F8, 0xE7F8, 0xE7F8, 0xE7F8, 0xE7F8, 0xE7F8, 0xE7F8, 0xE7F8, 0xE7F8, 0xE7F8, 0xE7F8, 0xE7F8, 0xE7F8,
    0xE7F8, 0xE7F8, 0xE7F8, 0xE7F8, 0xE7F8, 0xE7F8, 0xE7F8, 0xE7F8, 0xE7F8, 0xE7F8, 0xE7F8, 0xE7F8, 0xE7F8, 0xE7F8, 0xE7F8, 0xE7F8,
    0xE7F8, 0xE7F8, 0xE7F8, 0xE7F8, 0xE7F8, 0xE7F8, 0xE7F8, 0x6C9D, 0x3B3F, 0x3B3F, 0x3B3F, 0x3B3F, 0x9DFB, 0xE7F8, 0xE7F8, 0xE7F8,
    0xE7F8, 0xE7F8, 0xE7F8, 0xE7F8, 0xE7F8, 0xE7F8, 0xE7F8, 0xE7F8, 0xE7F8, 0xE7F8, 0xE7F8, 0xE7F8, 0xE7F8, 0xE7F8, 0xE7F8, 0xE7F8,
    0xE7F8, 0xE7F8, 0xE7F8, 0xE7F8, 0xE7F8, 0xE7F8, 0xE7F8, 0xE7F8, 0xE7F8, 0xE7F8, 0xE7F8, 0xE7F8, 0xE7F8, 0xE7F8, 0xE7F8, 0xE7F8,
    0xE7F8, 0xE7F8, 0xE7F8, 0xE7F8, 0xE7F8, 0xE7F8, 0xE7F8, 0xE7F8, 0xE7F8, 0xE7F8, 0xE7F8, 0xE7F8, 0xE7F8, 0xE7F8, 0xE7F8, 0xE7F8,
    0xE7F8, 0xE7F8, 0xE7F8, 0xE7F8, 0xE7F8, 0xE7F8, 0xE7F8, 0xE7F8, 0xE7F8, 0xE7F8, 0xE7F8, 0xE7F8, 0xE7F8, 0xE7F8, 0xE7F8, 0xE7F8,
    0xE7F8, 0xE7F8, 0xE7F8, 0xE7F8, 0xE7F8, 0xE7F8, 0xE7F8, 0xE7F8, 0xE7F8, 0xE7F8, 0xE7F8, 0xE7F8, 0xE7F8, 0xE7F8, 0xE7F8, 0xE7F8,
    0xE7F8, 0xE7F8, 0xE7F8, 0xE7F8, 0xE7F8, 0xE7F8, 0xE7F8, 0xE7F8, 0xE7F8, 0xE7F8, 0xE7F8, 0xE7F8, 0xE7F8, 0xE7F8, 0xE7F8, 0xE7F8,
    0xE7F8, 0xE7F8, 0xE7F8, 0xE7F8, 0xE7F8, 0xE7F8, 0xE7F8, 0xE7F8, 0xE7F8, 0xE7F8, 0xE7F8, 0xE7F8, 0xE7F8, 0xE7F8, 0xE7F8, 0xE7F8,
    0xE7F8, 0xE7F8, 0xE7F8, 0xE7F8, 0xE7F8, 0xE7F8, 0xE7F8, 0xE7F8, 0xE7F8, 0xCF59, 0x853C, 0x853C, 0x853C, 0x853C, 0x9DFB, 0xE7F8,
    0xE7F8, 0xE7F8, 0xE7F8, 0xE7F8, 0xE7F8, 0xE7F8, 0xE7F8, 0xE7F8, 0xE7F8, 0xE7F8, 0xE7F8, 0xE7F8, 0xE7F8, 0xE7F8, 0xE7F8, 0xE7F8,
    0xE7F8, 0xE7F8, 0xE7F8, 0xE7F8, 0xE7F8, 0xE7F8, 0xE7F8, 0xE7F8, 0xE7F8, 0xE7F8, 0xE7F8, 0xE7F8, 0xE7F8, 0xE7F8, 0xE7F8, 0xE7F8,
    0xE7F8, 0xE7F8, 0xE7F8, 0xE7F8, 0xE7F8, 0xE7F8, 0xE7F8, 0xE7F8, 0xE7F8, 0xE7F8, 0xE7F8, 0xE7F8, 0xE7F8, 0xE7F8, 0xE7F8, 0xE7F8,
    0xE7F8, 0xE7F8, 0xE7F8, 0xE7F8, 0xE7F8, 0xE7F8, 0xE7F8, 0xE7F8, 0xE7F8, 0xE7F8, 0xE7F8, 0xE7F8, 0xE7F8, 0xE7F8, 0xE7F8, 0xE7F8,
    0xE7F8, 0xE7F8, 0xE7F8, 0xE7F8, 0xE7F8, 0xE7F8, 0xE7F8, 0xE7F8, 0xE7F8, 0xE7F8, 0xE7F8, 0xE7F8, 0xE7F8, 0xE7F8, 0xE7F8, 0xE7F8,
    0xFFFF, 0xFFFF, 0xFFFF, 0xFFFF, 0xFFFF, 0xF7DF, 0x1DD5, 0x0DB4, 0x0DB4, 0x0DB4, 0x0DB4, 0x0DB4, 0x0DB4, 0xA757, 0xE7F8, 0xE7F8,
    0xE7F8, 0xE7F8, 0xE7F8, 0xE7F8, 0xE7F8, 0xE7F8, 0xE7F8, 0xE7F8, 0xE7F8, 0xE7F8, 0xE7F8, 0xE7F8, 0xE7F8, 0xE7F8, 0xE7F8, 0xE7F8,
    0xE7F8, 0xE7F8, 0x6C9D, 0x2A7F, 0x2A7F, 0x2A7F, 0x6C7D, 0xE7F8, 0xE7F8, 0xE7F8, 0xE7F8, 0xE7F8, 0xE7F8, 0xE7F8, 0xE7F8, 0xE7F8,
    0xE7F8, 0xE7F8, 0xE7F8, 0xE7F8, 0xE7F8, 0xE7F8, 0x53DE, 0x2A7F, 0x2A7F, 0x2A7F, 0x2A7F, 0x853C, 0xE7F8, 0xE7F8, 0xE7F8, 0xE7F8,
    0xE7F8, 0xE7F8, 0xE7F8, 0xE7F8, 0xE7F8, 0xE7F8, 0xE7F8, 0xE7F8, 0xE7F8, 0xE7F8, 0xE7F8, 0xE7F8, 0xE7F8, 0xE7F8, 0xE7F8, 0xE7F8,
    0xE7F8, 0xE7F8, 0xE7F8, 0xE7F8, 0xE7F8, 0xE7F8, 0xE7F8, 0xE7F8, 0xE7F8, 0xE7F8, 0xE7F8, 0xE7F8, 0xE7F8, 0xE7F8, 0xE7F8, 0xE7F8,
    0xE7F8, 0xE7F8, 0xE7F8, 0xE7F8, 0xE7F8, 0xE7F8, 0xE7F8, 0x53DE, 0x2A7F, 0x2A7F, 0x2A7F, 0x2A7F, 0x853C, 0xE7F8, 0xE7F8, 0xE7F8,
    0xE7F8, 0xE7F8, 0xE7F8, 0xE7F8, 0xE7F8, 0xE7F8, 0xE7F8, 0xE7F8, 0xAE3A, 0x53DE, 0x53DE, 0x53DE, 0x53DE, 0xE7F8, 0xE7F8, 0xE7F8,
    0xE7F8, 0xE7F8, 0xE7F8, 0xE7F8, 0xE7F8, 0xE7F8, 0xE7F8, 0xE7F8, 0xE7F8, 0xE7F8, 0xE7F8, 0xE7F8, 0xE7F8, 0xE7F8, 0xE7F8, 0xE7F8,
    0xE7F8, 0xE7F8, 0xE7F8, 0xE7F8, 0xE7F8, 0xE7F8, 0xE7F8, 0xE7F8, 0xE7F8, 0xE7F8, 0xE7F8, 0xE7F8, 0xE7F8, 0xE7F8, 0xE7F8, 0xE7F8,
    0xE7F8, 0xE7F8, 0xE7F8, 0xE7F8, 0xE7F8, 0xE7F8, 0xE7F8, 0xE7F8, 0xE7F8, 0xE7F8, 0xE7F8, 0xE7F8, 0xE7F8, 0xE7F8, 0xE7F8, 0xE7F8,
    0xE7F8, 0xE7F8, 0xE7F8, 0xE7F8, 0xE7F8, 0xE7F8, 0xE7F8, 0xE7F8, 0xE7F8, 0xE7F8, 0xE7F8, 0xE7F8, 0xE7F8, 0xE7F8, 0xE7F8, 0xE7F8,
    0xE7F8, 0xE7F8, 0xE7F8, 0xE7F8, 0xE7F8, 0xE7F8, 0xE7F8, 0xE7F8, 0xE7F8, 0xE7F8, 0xE7F8, 0xE7F8, 0xE7F8, 0xE7F8, 0xE7F8, 0xE7F8,
    0xE7F8, 0xE7F8, 0xE7F8, 0xE7F8, 0xE7F8, 0xE7F8, 0xE7F8, 0xE7F8, 0xE7F8, 0xE7F8, 0xE7F8, 0xE7F8, 0xE7F8, 0xE7F8, 0xE7F8, 0xE7F8,
    0xE7F8, 0xE7F8, 0xE7F8, 0xE7F8, 0xE7F8, 0xE7F8, 0xE7F8, 0xE7F8, 0xE7F8, 0x9DFB, 0x2A7F, 0x2A7F, 0x2A7F, 0x2A7F, 0x431F, 0xE7F8,
    0xE7F8, 0xE7F8, 0xE7F8, 0xE7F8, 0xE7F8, 0xE7F8, 0xE7F8, 0xE7F8, 0xE7F8, 0xE7F8, 0xE7F8, 0xE7F8, 0xE7F8, 0xE7F8, 0xE7F8, 0xE7F8,
    0xE7F8, 0xE7F8, 0xE7F8, 0xE7F8, 0xE7F8, 0xE7F8, 0xE7F8, 0xE7F8, 0xE7F8, 0xE7F8, 0xE7F8, 0xE7F8, 0xE7F8, 0xE7F8, 0xE7F8, 0xE7F8,
    0xE7F8, 0xE7F8, 0xE7F8, 0xE7F8, 0xE7F8, 0xE7F8, 0xE7F8, 0xE7F8, 0xE7F8, 0xE7F8, 0xE7F8, 0xE7F8, 0xE7F8, 0xE7F8, 0xE7F8, 0xE7F8,
    0xE7F8, 0xE7F8, 0xE7F8, 0xE7F8, 0xE7F8, 0xE7F8, 0xE7F8, 0xE7F8, 0xE7F8, 0xE7F8, 0xE7F8, 0xE7F8, 0xE7F8, 0xE7F8, 0xE7F8, 0xE7F8,
    0xE7F8, 0xE7F8, 0xE7F8, 0xE7F8, 0xE7F8, 0xE7F8, 0xE7F8, 0xE7F8, 0xE7F8, 0xE7F8, 0xE7F8, 0xE7F8, 0xE7F8, 0xE7F8, 0xE7F8, 0xE7F8,
    0xFFFF, 0xFFFF, 0xFFFF, 0xFFFF, 0xFFFF, 0xA73B, 0x0DB4, 0x0DB4, 0x0DB4, 0x0DB4, 0x0DB4, 0x0DB4, 0x0DB4, 0xD7D8, 0xE7F8, 0xE7F8,
    0xE7F8, 0xE7F8, 0xE7F8, 0xE7F8, 0xE7F8, 0xE7F8, 0xE7F8, 0xE7F8, 0xE7F8, 0xE7F8, 0xE7F8, 0xE7F8, 0xE7F8, 0xE7F8, 0xE7F8, 0xE7F8,
    0xE7F8, 0xE7F8, 0x6C9D, 0x2A7F, 0x2A7F, 0x2A7F, 0x6C7D, 0xE7F8, 0xE7F8, 0xE7F8, 0xE7F8, 0xE7F8, 0xE7F8, 0xE7F8, 0xE7F8, 0xE7F8,
    0xE7F8, 0xE7F8, 0xE7F8, 0xE7F8, 0xE7F8, 0xE7F8, 0x53DE, 0x2A7F, 0x2A7F, 0x2A7F, 0x2A7F, 0x853C, 0xE7F8, 0xE7F8, 0xE7F8, 0xE7F8,
    0xE7F8, 0xE7F8, 0xE7F8, 0xE7F8, 0xE7F8, 0xE7F8, 0xE7F8, 0xE7F8, 0xE7F8, 0xE7F8, 0xE7F8, 0xE7F8, 0xE7F8, 0xE7F8, 0xE7F8, 0xE7F8,
    0xE7F8, 0xE7F8, 0xE7F8, 0xE7F8, 0xE7F8, 0xE7F8, 0xE7F8, 0xE7F8, 0xE7F8, 0xE7F8, 0xE7F8, 0xE7F8, 0xE7F8, 0xE7F8, 0xE7F8, 0xE7F8,
    0xE7F8, 0xE7F8, 0xE7F8, 0xE7F8, 0xE7F8, 0xE7F8, 0xE7F8, 0x53DE, 0x2A7F, 0x2A7F, 0x2A7F, 0x2A7F, 0x853C, 0xE7F8, 0xE7F8, 0xE7F8,
    0xE7F8, 0xE7F8, 0xE7F8, 0xE7F8, 0xE7F8, 0xE7F8, 0xE7F8, 0xE7F8, 0x853C, 0x2A7F, 0x2A7F, 0x2A7F, 0x2A7F, 0xDFB9, 0xE7F8, 0xE7F8,
    0xE7F8, 0xE7F8, 0xE7F8, 0xE7F8, 0xE7F8, 0xE7F8, 0xE7F8, 0xE7F8, 0xE7F8, 0xE7F8, 0xE7F8, 0xE7F8, 0xE7F8, 0xE7F8, 0xE7F8, 0xE7F8,
    0xE7F8, 0xE7F8, 0xE7F8, 0xE7F8, 0xE7F8, 0xE7F8, 0xE7F8, 0xE7F8, 0xE7F8, 0xE7F8, 0xE7F8, 0xE7F8, 0xE7F8, 0xE7F8, 0xE7F8, 0xE7F8,
    0xE7F8, 0xE7F8, 0xE7F8, 0xE7F8, 0xE7F8, 0xE7F8, 0xE7F8, 0xE7F8, 0xE7F8, 0xE7F8, 0xE7F8, 0xE7F8, 0xE7F8, 0xE7F8, 0xE7F8, 0xE7F8,
    0xE7F8, 0xE7F8, 0xE7F8, 0xE7F8, 0xE7F8, 0xE7F8, 0xE7F8, 0xE7F8, 0xE7F8, 0xE7F8, 0xE7F8, 0xE7F8, 0xE7F8, 0xE7F8, 0xE7F8, 0xE7F8,
    0xE7F8, 0xE7F8, 0xE7F8, 0xE7F8, 0xE7F8, 0xE7F8, 0xE7F8, 0xE7F8, 0xE7F8, 0xE7F8, 0xE7F8, 0xE7F8, 0xE7F8, 0xE7F8, 0xE7F8, 0xE7F8,
    0xE7F8, 0xE7F8, 0xE7F8, 0xE7F8, 0xE7F8, 0xE7F8, 0xE7F8, 0xE7F8, 0xE7F8, 0xE7F8, 0xE7F8, 0xE7F8, 0xE7F8, 0xE7F8, 0xE7F8, 0xE7F8,
    0xE7F8, 0xE7F8, 0xE7F8, 0xE7F8, 0xE7F8, 0xE7F8, 0xE7F8, 0xE7F8, 0xE7F8, 0x9DFB, 0x2A7F, 0x2A7F, 0x2A7F, 0x2A7F, 0x431F, 0xE7F8,
    0xE7F8, 0xE7F8, 0xE7F8, 0xE7F8, 0xE7F8, 0xE7F8, 0xE7F8, 0xE7F8, 0xE7F8, 0xE7F8, 0xE7F8, 0xE7F8, 0xE7F8, 0xE7F8, 0xE7F8, 0xE7F8,
    0xE7F8, 0xE7F8, 0xE7F8, 0xE7F8, 0xE7F8, 0xE7F8, 0xE7F8, 0xE7F8, 0xE7F8, 0xE7F8, 0xE7F8, 0xE7F8, 0xE7F8, 0xE7F8, 0xE7F8, 0xE7F8,
    0xE7F8, 0xE7F8, 0xE7F8, 0xE7F8, 0xE7F8, 0xE7F8, 0xE7F8, 0xE7F8, 0xE7F8, 0xE7F8, 0xE7F8, 0xE7F8, 0xE7F8, 0xE7F8, 0xE7F8, 0xE7F8,
    0xE7F8, 0xE7F8, 0xE7F8, 0xE7F8, 0xE7F8, 0xE7F8, 0xE7F8, 0xE7F8, 0xE7F8, 0xE7F8, 0xE7F8, 0xE7F8, 0xE7F8, 0xE7F8, 0xE7F8, 0xE7F8,
    0xE7F8, 0xE7F8, 0xE7F8, 0xE7F8, 0xE7F8, 0xE7F8, 0xE7F8, 0xE7F8, 0xE7F8, 0xE7F8, 0xE7F8, 0xE7F8, 0xE7F8, 0xE7F8, 0xE7F8, 0xE7F8,
    0xFFFF, 0xFFFF, 0xFFFF, 0xFFFF, 0xFFFF, 0x6E98, 0x0DB4, 0x0DB4, 0x0DB4, 0x0DB4, 0x0DB4, 0x0DB4, 0x4655, 0xE7F8, 0xE7F8, 0xE7F8,
    0xE7F8, 0xE7F8, 0xE7F8, 0xE7F8, 0xE7F8, 0xE7F8, 0xE7F8, 0xE7F8, 0xE7F8, 0xE7F8, 0xE7F8, 0xE7F8, 0xE7F8, 0xE7F8, 0xE7F8, 0xE7F8,
    0xE7F8, 0xE7F8, 0x6C9D, 0x2A7F, 0x2A7F, 0x2A7F, 0x6C7D, 0xE7F8, 0xE7F8, 0xE7F8, 0xE7F8, 0xE7F8, 0xE7F8, 0xE7F8, 0xE7F8, 0xE7F8,
    0xE7F8, 0xE7F8, 0xE7F8, 0xE7F8, 0xE7F8, 0xE7F8, 0x6C9D, 0x3B3F, 0x3B3F, 0x3B3F, 0x3B3F, 0x959B, 0xE7F8, 0xE7F8, 0xE7F8, 0xE7F8,
    0xE7F8, 0xE7F8, 0xE7F8, 0xE7F8, 0xE7F8, 0xE7F8, 0xE7F8, 0xE7F8, 0xE7F8, 0xE7F8, 0xE7F8, 0xE7F8, 0xE7F8, 0xE7F8, 0xE7F8, 0xE7F8,
    0xE7F8, 0xE7F8, 0xE7F8, 0xE7F8, 0xE7F8, 0xE7F8, 0xE7F8, 0xE7F8, 0xE7F8, 0xE7F8, 0xE7F8, 0xE7F8, 0xE7F8, 0xE7F8, 0xE7F8, 0xE7F8,
    0xE7F8, 0xE7F8, 0xE7F8, 0xE7F8, 0xE7F8, 0xE7F8, 0xE7F8, 0x6C9D, 0x3B3F, 0x3B3F, 0x3B3F, 0x3B3F, 0x9DFB, 0xE7F8, 0xE7F8, 0xE7F8,
    0xE7F8, 0xE7F8, 0xE7F8, 0xE7F8, 0xE7F8, 0xE7F8, 0xE7F8, 0xE7F8, 0x853C, 0x2A7F, 0x2A7F, 0x2A7F, 0x2A7F, 0xE7F8, 0xE7F8, 0xE7F8,
    0xE7F8, 0xE7F8, 0xE7F8, 0xE7F8, 0xE7F8, 0xE7F8, 0xE7F8, 0xE7F8, 0xE7F8, 0xE7F8, 0xE7F8, 0xE7F8, 0xE7F8, 0xE7F8, 0xE7F8, 0xE7F8,
    0xE7F8, 0xE7F8, 0xE7F8, 0xE7F8, 0xE7F8, 0xE7F8, 0xE7F8, 0xE7F8, 0xE7F8, 0xE7F8, 0xE7F8, 0xE7F8, 0xE7F8, 0xE7F8, 0xE7F8, 0xE7F8,
    0xE7F8, 0xE7F8, 0xE7F8, 0xE7F8, 0xE7F8, 0xE7F8, 0xE7F8, 0xE7F8, 0xE7F8, 0xE7F8, 0xE7F8, 0xE7F8, 0xE7F8, 0xE7F8, 0xE7F8, 0xE7F8,
    0xE7F8, 0xE7F8, 0xE7F8, 0xE7F8, 0xE7F8, 0xE7F8, 0xE7F8, 0xE7F8, 0xE7F8, 0xE7F8, 0xE7F8, 0xE7F8, 0xE7F8, 0xE7F8, 0xE7F8, 0xE7F8,
    0xE7F8, 0xE7F8, 0xE7F8, 0xE7F8, 0xE7F8, 0xE7F8, 0xE7F8, 0xE7F8, 0xE7F8, 0xE7F8, 0xE7F8, 0xE7F8, 0xE7F8, 0xE7F8, 0xE7F8, 0xE7F8,
    0xE7F8, 0xE7F8, 0xE7F8, 0xE7F8, 0xE7F8, 0xE7F8, 0xE7F8, 0xE7F8, 0xE7F8, 0xE7F8, 0xE7F8, 0xE7F8, 0xE7F8, 0xE7F8, 0xE7F8, 0xE7F8,
    0xE7F8, 0xE7F8, 0xE7F8, 0xE7F8, 0xE7F8, 0xE7F8, 0xE7F8, 0xE7F8, 0xE7F8, 0x9DFB, 0x2A7F, 0x2A7F, 0x2A7F, 0x2A7F, 0x431F, 0xE7F8,
    0xE7F8, 0xE7F8, 0xE7F8, 0xE7F8, 0xE7F8, 0xE7F8, 0xE7F8, 0xE7F8, 0xE7F8, 0xE7F8, 0xE7F8, 0xE7F8, 0xE7F8, 0xE7F8, 0xE7F8, 0xE7F8,
    0xE7F8, 0xE7F8, 0xE7F8, 0xE7F8, 0xE7F8, 0xE7F8, 0xE7F8, 0xE7F8, 0xE7F8, 0xE7F8, 0xE7F8, 0xE7F8, 0xE7F8, 0xE7F8, 0xE7F8, 0xE7F8,
    0xE7F8, 0xE7F8, 0xE7F8, 0xE7F8, 0xE7F8, 0xE7F8, 0xE7F8, 0xE7F8, 0xE7F8, 0xE7F8, 0xE7F8, 0xE7F8, 0xE7F8, 0xE7F8, 0xE7F8, 0xE7F8,
    0xE7F8, 0xE7F8, 0xE7F8, 0xE7F8, 0xE7F8, 0xE7F8, 0xE7F8, 0xE7F8, 0xE7F8, 0xE7F8, 0xE7F8, 0xE7F8, 0xE7F8, 0xE7F8, 0xE7F8, 0xE7F8,
    0xE7F8, 0xE7F8, 0xE7F8, 0xE7F8, 0xE7F8, 0xE7F8, 0xE7F8, 0xE7F8, 0xE7F8, 0xE7F8, 0xE7F8, 0xE7F8, 0xE7F8, 0xE7F8, 0xE7F8, 0xE7F8,
    0xFFFF, 0xFFFF, 0xFFFF, 0xFFFF, 0xFFFF, 0x3E36, 0x0DB4, 0x0DB4, 0x0DB4, 0x0DB4, 0x0DB4, 0x0DB4, 0x6EB6, 0xE7F8, 0xE7F8, 0xE7F8,
    0xE7F8, 0xE7F8, 0xE7F8, 0xE7F8, 0xE7F8, 0xE7F8, 0xE7F8, 0xE7F8, 0xE7F8, 0xE7F8, 0xE7F8, 0xE7F8, 0xE7F8, 0xE7F8, 0xE7F8, 0xE7F8,
    0xE7F8, 0xE7F8, 0x6C9D, 0x2A7F, 0x2A7F, 0x2A7F, 0x6C7D, 0xE7F8, 0xE7F8, 0xE7F8, 0xE7F8, 0xE7F8, 0xE7F8, 0xE7F8, 0xE7F8, 0xE7F8,
    0xE7F8, 0xE7F8, 0xE7F8, 0xE7F8, 0xE7F8, 0xE7F8, 0xE7F8, 0xE7F8, 0xE7F8, 0xE7F8, 0xE7F8, 0xE7F8, 0xE7F8, 0xE7F8, 0xE7F8, 0xE7F8,
    0xE7F8, 0xE7F8, 0xE7F8, 0xE7F8, 0xE7F8, 0xE7F8, 0xE7F8, 0xE7F8, 0xE7F8, 0xE7F8, 0xE7F8, 0xE7F8, 0xE7F8, 0xE7F8, 0xE7F8, 0xE7F8,
    0xE7F8, 0xE7F8, 0xE7F8, 0xE7F8, 0xE7F8, 0xE7F8, 0xE7F8, 0xE7F8, 0xE7F8, 0xE7F8, 0xE7F8, 0xE7F8, 0xE7F8, 0xE7F8, 0xE7F8, 0xE7F8,
    0xE7F8, 0xE7F8, 0xE7F8, 0xE7F8, 0xE7F8, 0xE7F8, 0xE7F8, 0xE7F8, 0xE7F8, 0xE7F8, 0xE7F8, 0xE7F8, 0xE7F8, 0xE7F8, 0xE7F8, 0xE7F8,
    0xE7F8, 0xE7F8, 0xE7F8, 0xE7F8, 0xE7F8, 0xE7F8, 0xE7F8, 0xE7F8, 0x959B, 0x2A7F, 0x2A7F, 0x2A7F, 0x431F, 0xE7F8, 0xE7F8, 0xE7F8,
    0xE7F8, 0xE7F8, 0xE7F8, 0xE7F8, 0xE7F8, 0xE7F8, 0xE7F8, 0xE7F8, 0xE7F8, 0xE7F8, 0xE7F8, 0xE7F8, 0xE7F8, 0xE7F8, 0xE7F8, 0xE7F8,
    0xE7F8, 0xE7F8, 0xE7F8, 0xE7F8, 0xE7F8, 0xE7F8, 0xE7F8, 0xE7F8, 0xE7F8, 0xE7F8, 0xE7F8, 0xE7F8, 0xE7F8, 0xE7F8, 0xE7F8, 0xE7F8,
    0xE7F8, 0xE7F8, 0xE7F8, 0xE7F8, 0xE7F8, 0xE7F8, 0xE7F8, 0xE7F8, 0xE7F8, 0xE7F8, 0xE7F8, 0xE7F8, 0xE7F8, 0xE7F8, 0xE7F8, 0xE7F8,
    0xE7F8, 0xE7F8, 0xE7F8, 0xE7F8, 0xE7F8, 0xE7F8, 0xE7F8, 0xE7F8, 0xE7F8, 0xE7F8, 0xE7F8, 0xE7F8, 0xE7F8, 0xE7F8, 0xE7F8, 0xE7F8,
    0xE7F8, 0xE7F8, 0xE7F8, 0xE7F8, 0xE7F8, 0xE7F8, 0xE7F8, 0xE7F8, 0xE7F8, 0xE7F8, 0xE7F8, 0xE7F8, 0xE7F8, 0xE7F8, 0xE7F8, 0xE7F8,
    0xE7F8, 0xE7F8, 0xE7F8, 0xE7F8, 0xE7F8, 0xE7F8, 0xE7F8, 0xE7F8, 0xE7F8, 0xE7F8, 0xE7F8, 0xE7F8, 0xE7F8, 0xE7F8, 0xE7F8, 0xE7F8,
    0xE7F8, 0xE7F8, 0xE7F8, 0xE7F8, 0xE7F8, 0xE7F8, 0xE7F8, 0xE7F8, 0xE7F8, 0xCF59, 0x2A7F, 0x2A7F, 0x2A7F, 0x2A7F, 0x7CDC, 0xE7F8,
    0xE7F8, 0xE7F8, 0xE7F8, 0xE7F8, 0xE7F8, 0xE7F8, 0xE7F8, 0xE7F8, 0xE7F8, 0xE7F8, 0xE7F8, 0xE7F8, 0xE7F8, 0xE7F8, 0xE7F8, 0xE7F8,
    0xE7F8, 0xE7F8, 0xE7F8, 0xE7F8, 0xE7F8, 0xE7F8, 0xE7F8, 0xE7F8, 0xE7F8, 0xE7F8, 0xE7F8, 0xE7F8, 0xE7F8, 0xE7F8, 0xE7F8, 0xE7F8,
    0xE7F8, 0xE7F8, 0xE7F8, 0xE7F8, 0xE7F8, 0xE7F8, 0xE7F8, 0xE7F8, 0xE7F8, 0xE7F8, 0xE7F8, 0xE7F8, 0xE7F8, 0xE7F8, 0xE7F8, 0xE7F8,
    0xE7F8, 0xE7F8, 0xE7F8, 0xE7F8, 0xE7F8, 0xE7F8, 0xE7F8, 0xE7F8, 0xE7F8, 0xE7F8, 0xE7F8, 0xE7F8, 0xE7F8, 0xE7F8, 0xE7F8, 0xE7F8,
    0xE7F8, 0xE7F8, 0xE7F8, 0xE7F8, 0xE7F8, 0xE7F8, 0xE7F8, 0xE7F8, 0xE7F8, 0xE7F8, 0xE7F8, 0xE7F8, 0xE7F8, 0xE7F8, 0xE7F8, 0xE7F8,
    0xFFFF, 0xFFFF, 0xFFFF, 0xFFFF, 0xFFFF, 0x0DB4, 0x0DB4, 0x0DB4, 0x0DB4, 0x0DB4, 0x0DB4, 0x0DB4, 0x9737, 0xE7F8, 0xE7F8, 0xE7F8,
    0xE7F8, 0xE7F8, 0xE7F8, 0xE7F8, 0xE7F8, 0xE7F8, 0xE7F8, 0xE7F8, 0xE7F8, 0xE7F8, 0xE7F8, 0xE7F8, 0xE7F8, 0xE7F8, 0xE7F8, 0xE7F8,
    0xE7F8, 0xE7F8, 0x6C9D, 0x2A7F, 0x2A7F, 0x2A7F, 0x643D, 0x853C, 0x6C9D, 0x6C9D, 0x6C9D, 0x9DFB, 0xCF59, 0xE7F8, 0xE7F8, 0xE7F8,
    0xE7F8, 0xE7F8, 0xE7F8, 0xE7F8, 0xCF59, 0x6C9D, 0x6C9D, 0x6C9D, 0x6C9D, 0x6C9D, 0x6C9D, 0xB69A, 0xE7F8, 0xE7F8, 0xE7F8, 0xE7F8,
    0xE7F8, 0xE7F8, 0xE7F8, 0xE7F8, 0xE7F8, 0xE7F8, 0xE7F8, 0xE7F8, 0xE7F8, 0xE7F8, 0xE7F8, 0xE7F8, 0xE7F8, 0xE7F8, 0xE7F8, 0xE7F8,
    0xE7F8, 0xE7F8, 0xE7F8, 0xE7F8, 0xE7F8, 0xE7F8, 0xE7F8, 0xE7F8, 0xE7F8, 0xE7F8, 0xE7F8, 0xE7F8, 0xE7F8, 0xE7F8, 0xE7F8, 0xE7F8,
    0xE7F8, 0xE7F8, 0xE7F8, 0xE7F8, 0xE7F8, 0xC6F9, 0x6C9D, 0x6C9D, 0x6C9D, 0x6C9D, 0x6C9D, 0x6C9D, 0xC6F9, 0xE7F8, 0xE7F8, 0xE7F8,
    0xE7F8, 0xE7F8, 0xE7F8, 0xE7F8, 0xE7F8, 0xE7F8, 0xE7F8, 0xE7F8, 0x9DFB, 0x2A7F, 0x2A7F, 0x2A7F, 0x53DE, 0xE7F8, 0xE7F8, 0xE7F8,
    0xE7F8, 0xE7F8, 0xE7F8, 0xC6F9, 0xB69A, 0xB69A, 0xB69A, 0x959B, 0x6C9D, 0x6C9D, 0x9DFB, 0xCF59, 0x7CDC, 0x6C9D, 0x6C9D, 0x9DFB,
    0xCF59, 0xE7F8, 0xE7F8, 0xE7F8, 0xE7F8, 0xE7F8, 0xE7F8, 0xE7F8, 0xE7F8, 0xE7F8, 0xE7F8, 0xE7F8, 0xE7F8, 0xE7F8, 0xE7F8, 0xE7F8,
    0xE7F8, 0xE7F8, 0xE7F8, 0xE7F8, 0xE7F8, 0xE7F8, 0xE7F8, 0xDFB9, 0xAE5A, 0x6C9D, 0x6C9D, 0x6C9D, 0x6C9D, 0x853C, 0xB69A, 0xE7F8,
    0xE7F8, 0xE7F8, 0xE7F8, 0xE7F8, 0xE7F8, 0xE7F8, 0xE7F8, 0xE7F8, 0xDFB9, 0xAE5A, 0x6C9D, 0x6C9D, 0x6C9D, 0x9DFB, 0xB69A, 0xE7F8,
    0xE7F8, 0xE7F8, 0xE7F8, 0xE7F8, 0xE7F8, 0xE7F8, 0xE7F8, 0xE7F8, 0xCF59, 0xAE5A, 0x6C9D, 0x6C9D, 0x6C9D, 0x9DFB, 0xB69A, 0xE7F8,
    0xE7F8, 0xE7F8, 0xE7F8, 0xE7F8, 0xE7F8, 0xDFB9, 0xB69A, 0xB69A, 0xB69A, 0xCF59, 0xB69A, 0x7CDC, 0x6C9D, 0x6C9D, 0x7CDC, 0xB69A,
    0xE7F8, 0xE7F8, 0xE7F8, 0xE7F8, 0xE7F8, 0xE7F8, 0xE7F8, 0xE7F8, 0xE7F8, 0xE7F8, 0x2A7F, 0x2A7F, 0x2A7F, 0x2A7F, 0x853C, 0xE7F8,
    0xE7F8, 0xE7F8, 0xE7F8, 0xE7F8, 0xE7F8, 0xE7F8, 0xE7F8, 0xE7F8, 0xE7F8, 0xE7F8, 0xE7F8, 0xE7F8, 0xE7F8, 0xE7F8, 0xE7F8, 0xE7F8,
    0xE7F8, 0xE7F8, 0xE7F8, 0xE7F8, 0xE7F8, 0xE7F8, 0xE7F8, 0xE7F8, 0xE7F8, 0xE7F8, 0xE7F8, 0xE7F8, 0xE7F8, 0xE7F8, 0xE7F8, 0xE7F8,
    0xE7F8, 0xE7F8, 0xE7F8, 0xE7F8, 0xE7F8, 0xE7F8, 0xE7F8, 0xE7F8, 0xE7F8, 0xE7F8, 0xE7F8, 0xE7F8, 0xE7F8, 0xE7F8, 0xE7F8, 0xE7F8,
    0xE7F8, 0xE7F8, 0xE7F8, 0xE7F8, 0xE7F8, 0xE7F8, 0xE7F8, 0xE7F8, 0xE7F8, 0xE7F8, 0xE7F8, 0xE7F8, 0xE7F8, 0xE7F8, 0xE7F8, 0xE7F8,
    0xE7F8, 0xE7F8, 0xE7F8, 0xE7F8, 0xE7F8, 0xE7F8, 0xE7F8, 0xE7F8, 0xE7F8, 0xE7F8, 0xE7F8, 0xE7F8, 0xE7F8, 0xE7F8, 0xE7F8, 0xE7F8,
    0xFFFF, 0xFFFF, 0xFFFF, 0xFFFF, 0xFFFF, 0x0DB4, 0x0DB4, 0x0DB4, 0x0DB4, 0x0DB4, 0x0DB4, 0x0DB4, 0xAF77, 0xE7F8, 0xE7F8, 0xE7F8,
    0xE7F8, 0xE7F8, 0xE7F8, 0xE7F8, 0xE7F8, 0xE7F8, 0xE7F8, 0xE7F8, 0xE7F8, 0xE7F8, 0xE7F8, 0xE7F8, 0xE7F8, 0xE7F8, 0xE7F8, 0xE7F8,
    0xE7F8, 0xE7F8, 0x6C9D, 0x2A7F, 0x2A7F, 0x2A7F, 0x2A7F, 0x2A7F, 0x2A7F, 0x2A7F, 0x2A7F, 0x2A7F, 0x431F, 0xC6F9, 0xE7F8, 0xE7F8,
    0xE7F8, 0xE7F8, 0xE7F8, 0xE7F8, 0x9DFB, 0x2A7F, 0x2A7F, 0x2A7F, 0x2A7F, 0x2A7F, 0x2A7F, 0x853C, 0xE7F8, 0xE7F8, 0xE7F8, 0xE7F8,
    0xE7F8, 0xE7F8, 0xE7F8, 0xE7F8, 0xE7F8, 0xE7F8, 0xE7F8, 0xE7F8, 0xE7F8, 0xE7F8, 0xE7F8, 0xE7F8, 0xE7F8, 0xE7F8, 0xE7F8, 0xE7F8,
    0xE7F8, 0xE7F8, 0xE7F8, 0xE7F8, 0xE7F8, 0xE7F8, 0xE7F8, 0xE7F8, 0xE7F8, 0xE7F8, 0xE7F8, 0xE7F8, 0xE7F8, 0xE7F8, 0xE7F8, 0xE7F8,
    0xE7F8, 0xE7F8, 0xE7F8, 0xE7F8, 0xE7F8, 0x853C, 0x2A7F, 0x2A7F, 0x2A7F, 0x2A7F, 0x2A7F, 0x2A7F, 0x853C, 0xE7F8, 0xE7F8, 0xE7F8,
    0xE7F8, 0xE7F8, 0xE7F8, 0xE7F8, 0xE7F8, 0xE7F8, 0xE7F8, 0xE7F8, 0xB69A, 0x2A7F, 0x2A7F, 0x2A7F, 0x6C7D, 0xE7F8, 0xE7F8, 0xE7F8,
    0xE7F8, 0xE7F8, 0xCF59, 0x2A7F, 0x2A7F, 0x2A7F, 0x2A7F, 0x2A7F, 0x2A7F, 0x2A7F, 0x2A7F, 0x2A7F, 0x2A7F, 0x2A7F, 0x2A7F, 0x2A7F,
    0x431F, 0xCF59, 0xE7F8, 0xE7F8, 0xE7F8, 0xE7F8, 0xE7F8, 0xE7F8, 0xE7F8, 0xE7F8, 0xE7F8, 0xE7F8, 0xE7F8, 0xE7F8, 0xE7F8, 0xE7F8,
    0xE7F8, 0xE7F8, 0xE7F8, 0xE7F8, 0xE7F8, 0xE7F8, 0x853C, 0x2A7F, 0x2A7F, 0x2A7F, 0x2A7F, 0x2A7F, 0x2A7F, 0x2A7F, 0x2A7F, 0x431F,
    0xC6F9, 0xE7F8, 0xE7F8, 0xE7F8, 0xE7F8, 0xE7F8, 0xE7F8, 0x9DFB, 0x32DF, 0x2A7F, 0x2A7F, 0x2A7F, 0x2A7F, 0x2A7F, 0x2A7F, 0x53DE,
    0xDFB9, 0xE7F8, 0xE7F8, 0xE7F8, 0xE7F8, 0xE7F8, 0xCF59, 0x643D, 0x2A7F, 0x2A7F, 0x2A7F, 0x2A7F, 0x2A7F, 0x2A7F, 0x2A7F, 0x431F,
    0xC6F9, 0xE7F8, 0xE7F8, 0xE7F8, 0xE7F8, 0x853C, 0x2A7F, 0x2A7F, 0x2A7F, 0x2A7F, 0x2A7F, 0x2A7F, 0x2A7F, 0x2A7F, 0x2A7F, 0x2A7F,
    0x4B7E, 0xCF59, 0xE7F8, 0xE7F8, 0xE7F8, 0xE7F8, 0xE7F8, 0xE7F8, 0xE7F8, 0xE7F8, 0x2A7F, 0x2A7F, 0x2A7F, 0x2A7F, 0x853C, 0xE7F8,
    0xE7F8, 0xE7F8, 0xE7F8, 0xE7F8, 0xE7F8, 0xE7F8, 0xE7F8, 0xE7F8, 0xE7F8, 0xE7F8, 0xE7F8, 0xE7F8, 0xE7F8, 0xE7F8, 0xE7F8, 0xE7F8,
    0xE7F8, 0xE7F8, 0xE7F8, 0xE7F8, 0xE7F8, 0xE7F8, 0xE7F8, 0xE7F8, 0xE7F8, 0xE7F8, 0xE7F8, 0xE7F8, 0xE7F8, 0xE7F8, 0xE7F8, 0xE7F8,
    0xE7F8, 0xE7F8, 0xE7F8, 0xE7F8, 0xE7F8, 0xE7F8, 0xE7F8, 0xE7F8, 0xE7F8, 0xE7F8, 0xE7F8, 0xE7F8, 0xE7F8, 0xE7F8, 0xE7F8, 0xE7F8,
    0xE7F8, 0xE7F8, 0xE7F8, 0xE7F8, 0xE7F8, 0xE7F8, 0xE7F8, 0xE7F8, 0xE7F8, 0xE7F8, 0xE7F8, 0xE7F8, 0xE7F8, 0xE7F8, 0xE7F8, 0xE7F8,
    0xE7F8, 0xE7F8, 0xE7F8, 0xE7F8, 0xE7F8, 0xE7F8, 0xE7F8, 0xE7F8, 0xE7F8, 0xE7F8, 0xE7F8, 0xE7F8, 0xE7F8, 0xE7F8, 0xE7F8, 0xE7F8,
    0xFFFF, 0xFFFF, 0xFFFF, 0xFFFF, 0xF7DF, 0x0DB4, 0x0DB4, 0x0DB4, 0x0DB4, 0x0DB4, 0x0DB4, 0x0DB4, 0xAF77, 0xE7F8, 0xE7F8, 0xE7F8,
    0xE7F8, 0xE7F8, 0xE7F8, 0xE7F8, 0xE7F8, 0xE7F8, 0xE7F8, 0xE7F8, 0xE7F8, 0xE7F8, 0xE7F8, 0xE7F8, 0xE7F8, 0xE7F8, 0xE7F8, 0xE7F8,
    0xE7F8, 0xE7F8, 0x6C9D, 0x2A7F, 0x2A7F, 0x2A7F, 0x2A7F, 0x2A7F, 0x2A7F, 0x2A7F, 0x2A7F, 0x2A7F, 0x2A7F, 0x32DF, 0xCF59, 0xE7F8,
    0xE7F8, 0xE7F8, 0xE7F8, 0xE7F8, 0x9DFB, 0x2A7F, 0x2A7F, 0x2A7F, 0x2A7F, 0x2A7F, 0x2A7F, 0x853C, 0xE7F8, 0xE7F8, 0xE7F8, 0xE7F8,
    0xE7F8, 0xE7F8, 0xE7F8, 0xE7F8, 0xE7F8, 0xE7F8, 0xE7F8, 0xE7F8, 0xE7F8, 0xE7F8, 0xE7F8, 0xE7F8, 0xE7F8, 0xE7F8, 0xE7F8, 0xE7F8,
    0xE7F8, 0xE7F8, 0xE7F8, 0xE7F8, 0xE7F8, 0xE7F8, 0xE7F8, 0xE7F8, 0xE7F8, 0xE7F8, 0xE7F8, 0xE7F8, 0xE7F8, 0xE7F8, 0xE7F8, 0xE7F8,
    0xE7F8, 0xE7F8, 0xE7F8, 0xE7F8, 0xE7F8, 0x853C, 0x2A7F, 0x2A7F, 0x2A7F, 0x2A7F, 0x2A7F, 0x2A7F, 0x853C, 0xE7F8, 0xE7F8, 0xE7F8,
    0xE7F8, 0xE7F8, 0xE7F8, 0xE7F8, 0xE7F8, 0xE7F8, 0xE7F8, 0xE7F8, 0xC6FA, 0x2A7F, 0x2A7F, 0x2A7F, 0x853C, 0xE7F8, 0xE7F8, 0xE7F8,
    0xE7F8, 0xE7F8, 0xCF59, 0x2A7F, 0x2A7F, 0x2A7F, 0x2A7F, 0x2A7F, 0x2A7F, 0x2A7F, 0x2A7F, 0x2A7F, 0x2A7F, 0x2A7F, 0x2A7F, 0x2A7F,
    0x2A7F, 0x7CDC, 0xE7F8, 0xE7F8, 0xE7F8, 0xE7F8, 0xE7F8, 0xE7F8, 0xE7F8, 0xE7F8, 0xE7F8, 0xE7F8, 0xE7F8, 0xE7F8, 0xE7F8, 0xE7F8,
    0xE7F8, 0xE7F8, 0xE7F8, 0xE7F8, 0xE7F8, 0xAE5A, 0x2A7F, 0x2A7F, 0x2A7F, 0x2A7F, 0x2A7F, 0x2A7F, 0x2A7F, 0x2A7F, 0x2A7F, 0x2A7F,
    0x431F, 0xE7F8, 0xE7F8, 0xE7F8, 0xE7F8, 0xE7F8, 0xAE3A, 0x2A7F, 0x2A7F, 0x2A7F, 0x2A7F, 0x2A7F, 0x2A7F, 0x2A7F, 0x2A7F, 0x2A7F,
    0x53DE, 0xE7F8, 0xE7F8, 0xE7F8, 0xE7F8, 0xCF59, 0x32DF, 0x2A7F, 0x2A7F, 0x2A7F, 0x2A7F, 0x2A7F, 0x2A7F, 0x2A7F, 0x2A7F, 0x2A7F,
    0x2A7F, 0xAE3A, 0xE7F8, 0xE7F8, 0xE7F8, 0x853C, 0x2A7F, 0x2A7F, 0x2A7F, 0x2A7F, 0x2A7F, 0x2A7F, 0x2A7F, 0x2A7F, 0x2A7F, 0x2A7F,
    0x2A7F, 0x53DE, 0xE7F8, 0xE7F8, 0xE7F8, 0xE7F8, 0xE7F8, 0xE7F8, 0xE7F8, 0xE7F8, 0x2A7F, 0x2A7F, 0x2A7F, 0x2A7F, 0x853C, 0xE7F8,
    0xE7F8, 0xE7F8, 0xE7F8, 0xE7F8, 0xE7F8, 0xE7F8, 0xE7F8, 0xE7F8, 0xE7F8, 0xE7F8, 0xE7F8, 0xE7F8, 0xE7F8, 0xE7F8, 0xE7F8, 0xE7F8,
    0xE7F8, 0xE7F8, 0xE7F8, 0xE7F8, 0xE7F8, 0xE7F8, 0xE7F8, 0xE7F8, 0xE7F8, 0xE7F8, 0xE7F8, 0xE7F8, 0xE7F8, 0xE7F8, 0xE7F8, 0xE7F8,
    0xE7F8, 0xE7F8, 0xE7F8, 0xE7F8, 0xE7F8, 0xE7F8, 0xE7F8, 0xE7F8, 0xE7F8, 0xE7F8, 0xE7F8, 0xE7F8, 0xE7F8, 0xE7F8, 0xE7F8, 0xE7F8,
    0xE7F8, 0xE7F8, 0xE7F8, 0xE7F8, 0xE7F8, 0xE7F8, 0xE7F8, 0xE7F8, 0xE7F8, 0xE7F8, 0xE7F8, 0xE7F8, 0xE7F8, 0xE7F8, 0xE7F8, 0xE7F8,
    0xE7F8, 0xE7F8, 0xE7F8, 0xE7F8, 0xE7F8, 0xE7F8, 0xE7F8, 0xE7F8, 0xE7F8, 0xE7F8, 0xE7F8, 0xE7F8, 0xE7F8, 0xE7F8, 0xE7F8, 0xD7D8,
    0xFFFF, 0xFFFF, 0xFFFF, 0xFFFF, 0xE7BE, 0x0DB4, 0x0DB4, 0x0DB4, 0x0DB4, 0x0DB4, 0x0DB4, 0x0DB4, 0xAF77, 0xE7F8, 0xE7F8, 0xE7F8,
    0xE7F8, 0xE7F8, 0xE7F8, 0xE7F8, 0xE7F8, 0xE7F8, 0xE7F8, 0xE7F8, 0xE7F8, 0xE7F8, 0xE7F8, 0xE7F8, 0xE7F8, 0xE7F8, 0xE7F8, 0xE7F8,
    0xE7F8, 0xE7F8, 0x6C9D, 0x2A7F, 0x2A7F, 0x2A7F, 0x2A7F, 0x431F, 0x9DFB, 0x853C, 0x2A7F, 0x2A7F, 0x2A7F, 0x2A7F, 0x959B, 0xE7F8,
    0xE7F8, 0xE7F8, 0xE7F8, 0xE7F8, 0xCF59, 0xAE5A, 0x9DFB, 0x433E, 0x2A7F, 0x2A7F, 0x2A7F, 0x853C, 0xE7F8, 0xE7F8, 0xE7F8, 0xE7F8,
    0xE7F8, 0xE7F8, 0xE7F8, 0xE7F8, 0xE7F8, 0xE7F8, 0xE7F8, 0xE7F8, 0xE7F8, 0xE7F8, 0xE7F8, 0xE7F8, 0xE7F8, 0xE7F8, 0xE7F8, 0xE7F8,
    0xE7F8, 0xE7F8, 0xE7F8, 0xE7F8, 0xE7F8, 0xE7F8, 0xE7F8, 0xE7F8, 0xE7F8, 0xE7F8, 0xE7F8, 0xE7F8, 0xE7F8, 0xE7F8, 0xE7F8, 0xE7F8,
    0xE7F8, 0xE7F8, 0xE7F8, 0xE7F8, 0xE7F8, 0xCF59, 0xAE5A, 0x9DFB, 0x433E, 0x2A7F, 0x2A7F, 0x2A7F, 0x853C, 0xE7F8, 0xE7F8, 0xE7F8,
    0xE7F8, 0xE7F8, 0xE7F8, 0xE7F8, 0xE7F8, 0xE7F8, 0xE7F8, 0xE7F8, 0xCF59, 0x2A7F, 0x2A7F, 0x2A7F, 0x959B, 0xE7F8, 0xE7F8, 0xE7F8,
    0xE7F8, 0xE7F8, 0xCF59, 0x2A7F, 0x2A7F, 0x2A7F, 0x2A7F, 0x643D, 0x433E, 0x2A7F, 0x2A7F, 0x2A7F, 0x431F, 0x6C9D, 0x2A7F, 0x2A7F,
    0x2A7F, 0x53DE, 0xE7F8, 0xE7F8, 0xE7F8, 0xE7F8, 0xE7F8, 0xE7F8, 0xE7F8, 0xE7F8, 0xE7F8, 0xE7F8, 0xE7F8, 0xE7F8, 0xE7F8, 0xE7F8,
    0xE7F8, 0xE7F8, 0xE7F8, 0xE7F8, 0xE7F8, 0x643D, 0x2A7F, 0x2A7F, 0x2A7F, 0x431F, 0xB69A, 0xCF59, 0x643D, 0x2A7F, 0x2A7F, 0x2A7F,
    0x2A7F, 0xC6F9, 0xE7F8, 0xE7F8, 0xE7F8, 0xDFB9, 0x32DF, 0x2A7F, 0x2A7F, 0x2A7F, 0x4B7E, 0x9DFB, 0x6C9D, 0x2A7F, 0x2A7F, 0x2A7F,
    0x2A7F, 0xB69A, 0xE7F8, 0xE7F8, 0xE7F8, 0x6C9D, 0x2A7F, 0x2A7F, 0x2A7F, 0x32DF, 0x9DFB, 0xDFB9, 0x9DFB, 0x433E, 0x2A7F, 0x2A7F,
    0x2A7F, 0x431F, 0xDFB9, 0xE7F8, 0xE7F8, 0x853C, 0x2A7F, 0x2A7F, 0x2A7F, 0x2A7F, 0x32DF, 0x6C7D, 0x9DFB, 0x643D, 0x2A7F, 0x2A7F,
    0x2A7F, 0x2A7F, 0xB69A, 0xE7F8, 0xE7F8, 0xE7F8, 0xE7F8, 0xE7F8, 0xE7F8, 0xE7F8, 0x2A7F, 0x2A7F, 0x2A7F, 0x2A7F, 0x853C, 0xE7F8,
    0xE7F8, 0xE7F8, 0xE7F8, 0xE7F8, 0xE7F8, 0xE7F8, 0xE7F8, 0xE7F8, 0xE7F8, 0xE7F8, 0xE7F8, 0xE7F8, 0xE7F8, 0xE7F8, 0xE7F8, 0xE7F8,
    0xE7F8, 0xE7F8, 0xE7F8, 0xE7F8, 0xE7F8, 0xE7F8, 0xE7F8, 0xE7F8, 0xE7F8, 0xE7F8, 0xE7F8, 0xE7F8, 0xE7F8, 0xE7F8, 0xE7F8, 0xE7F8,
    0xE7F8, 0xE7F8, 0xE7F8, 0xE7F8, 0xE7F8, 0xE7F8, 0xE7F8, 0xE7F8, 0xE7F8, 0xE7F8, 0xE7F8, 0xE7F8, 0xE7F8, 0xE7F8, 0xE7F8, 0xE7F8,
    0xE7F8, 0xE7F8, 0xE7F8, 0xE7F8, 0xE7F8, 0xE7F8, 0xE7F8, 0xE7F8, 0xE7F8, 0xE7F8, 0xE7F8, 0xE7F8, 0xE7F8, 0xE7F8, 0xE7F8, 0xE7F8,
    0xE7F8, 0xE7F8, 0xE7F8, 0xE7F8, 0xE7F8, 0xE7F8, 0xE7F8, 0xE7F8, 0xE7F8, 0xE7F8, 0xE7F8, 0xE7F8, 0xE7F8, 0xAF77, 0x6EB6, 0x5676,
    0xFFFF, 0xFFFF, 0xFFFF, 0xFFFF, 0xFFFF, 0x1DD5, 0x0DB4, 0x0DB4, 0x0DB4, 0x0DB4, 0x0DB4, 0x0DB4, 0xAF77, 0xE7F8, 0xE7F8, 0xE7F8,
    0xE7F8, 0xE7F8, 0xE7F8, 0xE7F8, 0xE7F8, 0xE7F8, 0xE7F8, 0xE7F8, 0xE7F8, 0xE7F8, 0xE7F8, 0xE7F8, 0xE7F8, 0xE7F8, 0xE7F8, 0xE7F8,
    0xE7F8, 0xE7F8, 0x6C9D, 0x2A7F, 0x2A7F, 0x2A7F, 0x2A7F, 0xCF59, 0xE7F8, 0xE7F8, 0x643D, 0x2A7F, 0x2A7F, 0x2A7F, 0x6C7D, 0xE7F8,
    0xE7F8, 0xE7F8, 0xE7F8, 0xE7F8, 0xE7F8, 0xE7F8, 0xE7F8, 0x53DE, 0x2A7F, 0x2A7F, 0x2A7F, 0x853C, 0xE7F8, 0xE7F8, 0xE7F8, 0xE7F8,
    0xE7F8, 0xE7F8, 0xE7F8, 0xE7F8, 0xE7F8, 0xE7F8, 0xE7F8, 0xE7F8, 0xE7F8, 0xE7F8, 0xE7F8, 0xE7F8, 0xE7F8, 0xE7F8, 0xE7F8, 0xE7F8,
    0xE7F8, 0xE7F8, 0xE7F8, 0xE7F8, 0xE7F8, 0xE7F8, 0xE7F8, 0xE7F8, 0xE7F8, 0xE7F8, 0xE7F8, 0xE7F8, 0xE7F8, 0xE7F8, 0xE7F8, 0xE7F8,
    0xE7F8, 0xE7F8, 0xE7F8, 0xE7F8, 0xE7F8, 0xE7F8, 0xE7F8, 0xE7F8, 0x53DE, 0x2A7F, 0x2A7F, 0x2A7F, 0x853C, 0xE7F8, 0xE7F8, 0xE7F8,
    0xE7F8, 0xE7F8, 0xE7F8, 0xE7F8, 0xE7F8, 0xE7F8, 0xE7F8, 0xE7F8, 0xE7F8, 0xAE5A, 0x9DFB, 0x9DFB, 0xCF59, 0xE7F8, 0xE7F8, 0xE7F8,
    0xE7F8, 0xE7F8, 0xCF59, 0x2A7F, 0x2A7F, 0x2A7F, 0x2A7F, 0xB69A, 0x53DE, 0x2A7F, 0x2A7F, 0x2A7F, 0x853C, 0x9DFB, 0x2A7F, 0x2A7F,
    0x2A7F, 0x53DE, 0xE7F8, 0xE7F8, 0xE7F8, 0xE7F8, 0xE7F8, 0xE7F8, 0xE7F8, 0xE7F8, 0xE7F8, 0xE7F8, 0xE7F8, 0xE7F8, 0xE7F8, 0xE7F8,
    0xE7F8, 0xE7F8, 0xE7F8, 0xE7F8, 0xE7F8, 0x9DFB, 0x853C, 0x853C, 0x853C, 0xC6F9, 0xE7F8, 0xE7F8, 0xE7F8, 0x2A7F, 0x2A7F, 0x2A7F,
    0x2A7F, 0xB69A, 0xE7F8, 0xE7F8, 0xE7F8, 0x959B, 0x2A7F, 0x2A7F, 0x2A7F, 0x431F, 0xCF59, 0xE7F8, 0xDFB9, 0x853C, 0x853C, 0x853C,
    0x853C, 0xCF59, 0xE7F8, 0xE7F8, 0xC6FA, 0x2A7F, 0x2A7F, 0x2A7F, 0x2A7F, 0xB69A, 0xE7F8, 0xE7F8, 0xE7F8, 0xDFB9, 0x32DF, 0x2A7F,
    0x2A7F, 0x2A7F, 0x9DFB, 0xE7F8, 0xE7F8, 0x853C, 0x2A7F, 0x2A7F, 0x2A7F, 0x2A7F, 0xB69A, 0xE7F8, 0xE7F8, 0xDFB9, 0x32DF, 0x2A7F,
    0x2A7F, 0x2A7F, 0x9DFB, 0xE7F8, 0xE7F8, 0xE7F8, 0xE7F8, 0xE7F8, 0xE7F8, 0xE7F8, 0x2A7F, 0x2A7F, 0x2A7F, 0x2A7F, 0x853C, 0xE7F8,
    0xE7F8, 0xE7F8, 0xE7F8, 0xE7F8, 0xE7F8, 0xE7F8, 0xE7F8, 0xE7F8, 0xE7F8, 0xE7F8, 0xE7F8, 0xE7F8, 0xE7F8, 0xE7F8, 0xE7F8, 0xE7F8,
    0xE7F8, 0xE7F8, 0xE7F8, 0xE7F8, 0xE7F8, 0xE7F8, 0xE7F8, 0xE7F8, 0xE7F8, 0xE7F8, 0xE7F8, 0xE7F8, 0xE7F8, 0xE7F8, 0xE7F8, 0xE7F8,
    0xE7F8, 0xE7F8, 0xE7F8, 0xE7F8, 0xE7F8, 0xE7F8, 0xE7F8, 0xE7F8, 0xE7F8, 0xE7F8, 0xE7F8, 0xE7F8, 0xE7F8, 0xE7F8, 0xE7F8, 0xE7F8,
    0xE7F8, 0xE7F8, 0xE7F8, 0xE7F8, 0xE7F8, 0xE7F8, 0xE7F8, 0xE7F8, 0xE7F8, 0xE7F8, 0xE7F8, 0xE7F8, 0xE7F8, 0xE7F8, 0xE7F8, 0xE7F8,
    0xE7F8, 0xE7F8, 0xE7F8, 0xE7F8, 0xE7F8, 0xE7F8, 0xE7F8, 0xE7F8, 0xE7F8, 0xE7F8, 0xA757, 0x7ED6, 0x5E96, 0x3635, 0x1DD5, 0x0DB4,
    0xFFFF, 0xFFFF, 0xFFFF, 0xFFFF, 0xF7DF, 0x2E16, 0x0DB4, 0x0DB4, 0x0DB4, 0x0DB4, 0x0DB4, 0x0DB4, 0x9737, 0xE7F8, 0xE7F8, 0xE7F8,
    0xE7F8, 0xE7F8, 0xE7F8, 0xE7F8, 0xE7F8, 0xE7F8, 0xE7F8, 0xE7F8, 0xE7F8, 0xE7F8, 0xE7F8, 0xE7F8, 0xE7F8, 0xE7F8, 0xE7F8, 0xE7F8,
    0xE7F8, 0xE7F8, 0x6C9D, 0x2A7F, 0x2A7F, 0x2A7F, 0x643D, 0xE7F8, 0xE7F8, 0xE7F8, 0x6C9D, 0x2A7F, 0x2A7F, 0x2A7F, 0x6C7D, 0xE7F8,
    0xE7F8, 0xE7F8, 0xE7F8, 0xE7F8, 0xE7F8, 0xE7F8, 0xE7F8, 0x53DE, 0x2A7F, 0x2A7F, 0x2A7F, 0x853C, 0xE7F8, 0xE7F8, 0xE7F8, 0xE7F8,
    0xE7F8, 0xE7F8, 0xE7F8, 0xE7F8, 0xE7F8, 0xE7F8, 0xE7F8, 0xE7F8, 0xE7F8, 0xE7F8, 0xE7F8, 0xE7F8, 0xE7F8, 0xE7F8, 0xE7F8, 0xE7F8,
    0xE7F8, 0xE7F8, 0xE7F8, 0xE7F8, 0xE7F8, 0xE7F8, 0xE7F8, 0xE7F8, 0xE7F8, 0xE7F8, 0xE7F8, 0xE7F8, 0xE7F8, 0xE7F8, 0xE7F8, 0xE7F8,
    0xE7F8, 0xE7F8, 0xE7F8, 0xE7F8, 0xE7F8, 0xE7F8, 0xE7F8, 0xE7F8, 0x53DE, 0x2A7F, 0x2A7F, 0x2A7F, 0x853C, 0xE7F8, 0xE7F8, 0xE7F8,
    0xE7F8, 0xE7F8, 0xE7F8, 0xE7F8, 0xE7F8, 0xE7F8, 0xE7F8, 0xE7F8, 0xE7F8, 0xE7F8, 0xE7F8, 0xE7F8, 0xE7F8, 0xE7F8, 0xE7F8, 0xE7F8,
    0xE7F8, 0xE7F8, 0xCF59, 0x2A7F, 0x2A7F, 0x2A7F, 0x2A7F, 0xC6F9, 0x53DE, 0x2A7F, 0x2A7F, 0x2A7F, 0x853C, 0x9DFB, 0x2A7F, 0x2A7F,
    0x2A7F, 0x53DE, 0xE7F8, 0xE7F8, 0xE7F8, 0xE7F8, 0xE7F8, 0xE7F8, 0xE7F8, 0xE7F8, 0xE7F8, 0xE7F8, 0xE7F8, 0xE7F8, 0xE7F8, 0xE7F8,
    0xE7F8, 0xE7F8, 0xE7F8, 0xE7F8, 0xE7F8, 0xE7F8, 0xDFB9, 0x959B, 0x53DE, 0x3B3F, 0x3B3F, 0x3B3F, 0x3B3F, 0x2A7F, 0x2A7F, 0x2A7F,
    0x2A7F, 0xB69A, 0xE7F8, 0xE7F8, 0xE7F8, 0x53DE, 0x2A7F, 0x2A7F, 0x2A7F, 0x6C7D, 0xE7F8, 0xE7F8, 0xE7F8, 0xE7F8, 0xE7F8, 0xE7F8,
    0xE7F8, 0xE7F8, 0xE7F8, 0xE7F8, 0x853C, 0x2A7F, 0x2A7F, 0x2A7F, 0x431F, 0xE7F8, 0xE7F8, 0xE7F8, 0xE7F8, 0xE7F8, 0x643D, 0x2A7F,
    0x2A7F, 0x2A7F, 0x643D, 0xE7F8, 0xE7F8, 0x853C, 0x2A7F, 0x2A7F, 0x2A7F, 0x431F, 0xE7F8, 0xE7F8, 0xE7F8, 0xE7F8, 0x3B3E, 0x2A7F,
    0x2A7F, 0x2A7F, 0x9DFB, 0xE7F8, 0xE7F8, 0xE7F8, 0xE7F8, 0xE7F8, 0xE7F8, 0xE7F8, 0x2A7F, 0x2A7F, 0x2A7F, 0x2A7F, 0x959B, 0xE7F8,
    0xE7F8, 0xE7F8, 0xE7F8, 0xE7F8, 0xE7F8, 0xE7F8, 0xE7F8, 0xE7F8, 0xE7F8, 0xE7F8, 0xE7F8, 0xE7F8, 0xE7F8, 0xE7F8, 0xE7F8, 0xE7F8,
    0xE7F8, 0xE7F8, 0xE7F8, 0xE7F8, 0xE7F8, 0xE7F8, 0xE7F8, 0xE7F8, 0xE7F8, 0xE7F8, 0xE7F8, 0xE7F8, 0xE7F8, 0xE7F8, 0xE7F8, 0xE7F8,
    0xE7F8, 0xE7F8, 0xE7F8, 0xE7F8, 0xE7F8, 0xE7F8, 0xE7F8, 0xE7F8, 0xE7F8, 0xE7F8, 0xE7F8, 0xE7F8, 0xE7F8, 0xE7F8, 0xE7F8, 0xE7F8,
    0xE7F8, 0xE7F8, 0xE7F8, 0xE7F8, 0xE7F8, 0xE7F8, 0xE7F8, 0xE7F8, 0xE7F8, 0xE7F8, 0xE7F8, 0xE7F8, 0xE7F8, 0xE7F8, 0xE7F8, 0xE7F8,
    0xE7F8, 0xE7F8, 0xE7F8, 0xE7F8, 0xE7F8, 0xE7F8, 0xE7F8, 0xE7F8, 0xAF77, 0x4655, 0x5675, 0x4655, 0x1DD5, 0x0DB4, 0x0DB4, 0x0DB4,
    0xFFFF, 0xFFFF, 0xFFFF, 0xFFFF, 0xFFFF, 0x4E57, 0x0DB4, 0x0DB4, 0x0DB4, 0x0DB4, 0x0DB4, 0x0DB4, 0x6EB6, 0xE7F8, 0xE7F8, 0xE7F8,
    0xE7F8, 0xE7F8, 0xE7F8, 0xE7F8, 0xE7F8, 0xE7F8, 0xE7F8, 0xE7F8, 0xE7F8, 0xE7F8, 0xE7F8, 0xE7F8, 0xE7F8, 0xE7F8, 0xE7F8, 0xE7F8,
    0xE7F8, 0xE7F8, 0x6C9D, 0x2A7F, 0x2A7F, 0x2A7F, 0x6C7D, 0xE7F8, 0xE7F8, 0xE7F8, 0x6C9D, 0x2A7F, 0x2A7F, 0x2A7F, 0x6C7D, 0xE7F8,
    0xE7F8, 0xE7F8, 0xE7F8, 0xE7F8, 0xE7F8, 0xE7F8, 0xE7F8, 0x53DE, 0x2A7F, 0x2A7F, 0x2A7F, 0x853C, 0xE7F8, 0xE7F8, 0xE7F8, 0xE7F8,
    0xE7F8, 0xE7F8, 0xE7F8, 0xE7F8, 0xE7F8, 0xE7F8, 0xE7F8, 0xE7F8, 0xE7F8, 0xE7F8, 0xE7F8, 0xE7F8, 0xE7F8, 0xE7F8, 0xE7F8, 0xE7F8,
    0xE7F8, 0xE7F8, 0xE7F8, 0xE7F8, 0xE7F8, 0xE7F8, 0xE7F8, 0xE7F8, 0xE7F8, 0xE7F8, 0xE7F8, 0xE7F8, 0xE7F8, 0xE7F8, 0xE7F8, 0xE7F8,
    0xE7F8, 0xE7F8, 0xE7F8, 0xE7F8, 0xE7F8, 0xE7F8, 0xE7F8, 0xE7F8, 0x53DE, 0x2A7F, 0x2A7F, 0x2A7F, 0x853C, 0xE7F8, 0xE7F8, 0xE7F8,
    0xE7F8, 0xE7F8, 0xE7F8, 0xE7F8, 0xE7F8, 0xE7F8, 0xE7F8, 0xE7F8, 0xE7F8, 0xE7F8, 0xE7F8, 0xE7F8, 0xE7F8, 0xE7F8, 0xE7F8, 0xE7F8,
    0xE7F8, 0xE7F8, 0xCF59, 0x2A7F, 0x2A7F, 0x2A7F, 0x2A7F, 0xCF59, 0x53DE, 0x2A7F, 0x2A7F, 0x2A7F, 0x853C, 0x9DFB, 0x2A7F, 0x2A7F,
    0x2A7F, 0x53DE, 0xE7F8, 0xE7F8, 0xE7F8, 0xE7F8, 0xE7F8, 0xE7F8, 0xE7F8, 0xE7F8, 0xE7F8, 0xE7F8, 0xE7F8, 0xE7F8, 0xE7F8, 0xE7F8,
    0xE7F8, 0xE7F8, 0xE7F8, 0xE7F8, 0xE7F8, 0xC6F9, 0x433E, 0x2A7F, 0x2A7F, 0x2A7F, 0x2A7F, 0x2A7F, 0x2A7F, 0x2A7F, 0x2A7F, 0x2A7F,
    0x2A7F, 0xB69A, 0xE7F8, 0xE7F8, 0xE7F8, 0x53DE, 0x2A7F, 0x2A7F, 0x2A7F, 0x853C, 0xE7F8, 0xE7F8, 0xE7F8, 0xE7F8, 0xE7F8, 0xE7F8,
    0xE7F8, 0xE7F8, 0xE7F8, 0xE7F8, 0x853C, 0x2A7F, 0x2A7F, 0x2A7F, 0x53DE, 0xE7F8, 0xE7F8, 0xE7F8, 0xE7F8, 0xE7F8, 0x853C, 0x2A7F,
    0x2A7F, 0x2A7F, 0x53DE, 0xE7F8, 0xE7F8, 0x853C, 0x2A7F, 0x2A7F, 0x2A7F, 0x53DE, 0xE7F8, 0xE7F8, 0xE7F8, 0xE7F8, 0x3B3E, 0x2A7F,
    0x2A7F, 0x2A7F, 0x9DFB, 0xE7F8, 0xE7F8, 0xE7F8, 0xE7F8, 0xE7F8, 0xE7F8, 0xE7F8, 0x4B7E, 0x3B3F, 0x3B3F, 0x3B3F, 0xDFB9, 0xE7F8,
    0xE7F8, 0xE7F8, 0xE7F8, 0xE7F8, 0xE7F8, 0xE7F8, 0xE7F8, 0xE7F8, 0xE7F8, 0xE7F8, 0xE7F8, 0xE7F8, 0xE7F8, 0xE7F8, 0xE7F8, 0xE7F8,
    0xE7F8, 0xE7F8, 0xE7F8, 0xE7F8, 0xE7F8, 0xE7F8, 0xE7F8, 0xE7F8, 0xE7F8, 0xE7F8, 0xE7F8, 0xE7F8, 0xE7F8, 0xE7F8, 0xE7F8, 0xE7F8,
    0xE7F8, 0xE7F8, 0xE7F8, 0xE7F8, 0xE7F8, 0xE7F8, 0xE7F8, 0xE7F8, 0xE7F8, 0xE7F8, 0xE7F8, 0xE7F8, 0xE7F8, 0xE7F8, 0xE7F8, 0xE7F8,
    0xE7F8, 0xE7F8, 0xE7F8, 0xE7F8, 0xE7F8, 0xE7F8, 0xE7F8, 0xE7F8, 0xE7F8, 0xE7F8, 0xE7F8, 0xE7F8, 0xE7F8, 0xE7F8, 0xE7F8, 0xE7F8,
    0xE7F8, 0xE7F8, 0xE7F8, 0xE7F8, 0xE7F8, 0xCFB8, 0x6EB6, 0x4655, 0x2E15, 0x2E15, 0x6EB6, 0x0DB4, 0x0DB4, 0x0DB4, 0x0DB4, 0x0DB4,
    0xFFFF, 0xFFFF, 0xFFFF, 0xFFFF, 0xFFFF, 0x76B9, 0x0DB4, 0x0DB4, 0x0DB4, 0x0DB4, 0x0DB4, 0x0DB4, 0x3635, 0xE7F8, 0xE7F8, 0xE7F8,
    0xE7F8, 0xE7F8, 0xE7F8, 0xE7F8, 0xE7F8, 0xE7F8, 0xE7F8, 0xE7F8, 0xE7F8, 0xE7F8, 0xE7F8, 0xE7F8, 0xE7F8, 0xE7F8, 0xE7F8, 0xE7F8,
    0xE7F8, 0xE7F8, 0x6C9D, 0x2A7F, 0x2A7F, 0x2A7F, 0x6C7D, 0xE7F8, 0xE7F8, 0xE7F8, 0x6C9D, 0x2A7F, 0x2A7F, 0x2A7F, 0x6C7D, 0xE7F8,
    0xE7F8, 0xE7F8, 0xE7F8, 0xE7F8, 0xE7F8, 0xE7F8, 0xE7F8, 0x53DE, 0x2A7F, 0x2A7F, 0x2A7F, 0x853C, 0xE7F8, 0xE7F8, 0xE7F8, 0xE7F8,
    0xE7F8, 0xE7F8, 0xE7F8, 0xE7F8, 0xE7F8, 0xE7F8, 0xE7F8, 0xE7F8, 0xE7F8, 0xE7F8, 0xE7F8, 0xE7F8, 0xE7F8, 0xE7F8, 0xE7F8, 0xE7F8,
    0xE7F8, 0xE7F8, 0xE7F8, 0xE7F8, 0xE7F8, 0xE7F8, 0xE7F8, 0xE7F8, 0xE7F8, 0xE7F8, 0xE7F8, 0xE7F8, 0xE7F8, 0xE7F8, 0xE7F8, 0xE7F8,
    0xE7F8, 0xE7F8, 0xE7F8, 0xE7F8, 0xE7F8, 0xE7F8, 0xE7F8, 0xE7F8, 0x53DE, 0x2A7F, 0x2A7F, 0x2A7F, 0x853C, 0xE7F8, 0xE7F8, 0xE7F8,
    0xE7F8, 0xE7F8, 0xE7F8, 0xE7F8, 0xE7F8, 0xE7F8, 0xE7F8, 0xE7F8, 0xE7F8, 0xE7F8, 0xE7F8, 0xE7F8, 0xE7F8, 0xE7F8, 0xE7F8, 0xE7F8,
    0xE7F8, 0xE7F8, 0xCF59, 0x2A7F, 0x2A7F, 0x2A7F, 0x2A7F, 0xCF59, 0x53DE, 0x2A7F, 0x2A7F, 0x2A7F, 0x853C, 0x9DFB, 0x2A7F, 0x2A7F,
    0x2A7F, 0x53DE, 0xE7F8, 0xE7F8, 0xE7F8, 0xE7F8, 0xE7F8, 0xE7F8, 0xE7F8, 0xE7F8, 0xE7F8, 0xE7F8, 0xE7F8, 0xE7F8, 0xE7F8, 0xE7F8,
    0xE7F8, 0xE7F8, 0xE7F8, 0xE7F8, 0xE7F8, 0x433E, 0x2A7F, 0x2A7F, 0x2A7F, 0x2A7F, 0x2A7F, 0x3B3F, 0x53DE, 0x2A7F, 0x2A7F, 0x2A7F,
    0x2A7F, 0xB69A, 0xE7F8, 0xE7F8, 0xE7F8, 0x53DE, 0x2A7F, 0x2A7F, 0x2A7F, 0x853C, 0xE7F8, 0xE7F8, 0xE7F8, 0xE7F8, 0xE7F8, 0xE7F8,
    0xE7F8, 0xE7F8, 0xE7F8, 0xE7F8, 0x853C, 0x2A7F, 0x2A7F, 0x2A7F, 0x53DE, 0xE7F8, 0xE7F8, 0xE7F8, 0xE7F8, 0xE7F8, 0x853C, 0x2A7F,
    0x2A7F, 0x2A7F, 0x53DE, 0xE7F8, 0xE7F8, 0x853C, 0x2A7F, 0x2A7F, 0x2A7F, 0x53DE, 0xE7F8, 0xE7F8, 0xE7F8, 0xE7F8, 0x3B3E, 0x2A7F,
    0x2A7F, 0x2A7F, 0x9DFB, 0xE7F8, 0xE7F8, 0xE7F8, 0xE7F8, 0xE7F8, 0xE7F8, 0xE7F8, 0xE7F8, 0xE7F8, 0xE7F8, 0xE7F8, 0xE7F8, 0xE7F8,
    0xE7F8, 0xE7F8, 0xE7F8, 0xE7F8, 0xE7F8, 0xE7F8, 0xE7F8, 0xE7F8, 0xE7F8, 0xE7F8, 0xE7F8, 0xE7F8, 0xE7F8, 0xE7F8, 0xE7F8, 0xE7F8,
    0xE7F8, 0xE7F8, 0xE7F8, 0xE7F8, 0xE7F8, 0xE7F8, 0xE7F8, 0xE7F8, 0xE7F8, 0xE7F8, 0xE7F8, 0xE7F8, 0xE7F8, 0xE7F8, 0xE7F8, 0xE7F8,
    0xE7F8, 0xE7F8, 0xE7F8, 0xE7F8, 0xE7F8, 0xE7F8, 0xE7F8, 0xE7F8, 0xE7F8, 0xE7F8, 0xE7F8, 0xE7F8, 0xE7F8, 0xE7F8, 0xE7F8, 0xE7F8,
    0xE7F8, 0xE7F8, 0xE7F8, 0xE7F8, 0xE7F8, 0xE7F8, 0xE7F8, 0xE7F8, 0xE7F8, 0xE7F8, 0xE7F8, 0xE7F8, 0xE7F8, 0xE7F8, 0xE7F8, 0xE7F8,
    0xE7F8, 0xE7F8, 0xA757, 0xA757, 0x4655, 0x1DD5, 0x1DD5, 0x0DB4, 0x0DB4, 0x0DB4, 0x0DB4, 0x0DB4, 0x0DB4, 0x0DB4, 0x0DB4, 0x0DB4,
    0xFFFF, 0xFFFF, 0xFFFF, 0xFFFF, 0xFFFF, 0x96FB, 0x0DB4, 0x0DB4, 0x0DB4, 0x0DB4, 0x0DB4, 0x0DB4, 0x0DB4, 0xCFB8, 0xE7F8, 0xE7F8,
    0xE7F8, 0xE7F8, 0xE7F8, 0xE7F8, 0xE7F8, 0xE7F8, 0xE7F8, 0xE7F8, 0xE7F8, 0xE7F8, 0xE7F8, 0xE7F8, 0xE7F8, 0xE7F8, 0xE7F8, 0xE7F8,
    0xE7F8, 0xE7F8, 0x6C9D, 0x2A7F, 0x2A7F, 0x2A7F, 0x6C7D, 0xE7F8, 0xE7F8, 0xE7F8, 0x6C9D, 0x2A7F, 0x2A7F, 0x2A7F, 0x6C7D, 0xE7F8,
    0xE7F8, 0xE7F8, 0xE7F8, 0xE7F8, 0xE7F8, 0xE7F8, 0xE7F8, 0x53DE, 0x2A7F, 0x2A7F, 0x2A7F, 0x853C, 0xE7F8, 0xE7F8, 0xE7F8, 0xE7F8,
    0xE7F8, 0xE7F8, 0xE7F8, 0xE7F8, 0xE7F8, 0xE7F8, 0xE7F8, 0xB69A, 0x9DFB, 0x9DFB, 0x9DFB, 0xAE5A, 0xE7F8, 0xE7F8, 0xE7F8, 0xE7F8,
    0xE7F8, 0xE7F8, 0xE7F8, 0xE7F8, 0xE7F8, 0xE7F8, 0xE7F8, 0xE7F8, 0xE7F8, 0xE7F8, 0xE7F8, 0xE7F8, 0xE7F8, 0xE7F8, 0xE7F8, 0xE7F8,
    0xE7F8, 0xE7F8, 0xE7F8, 0xE7F8, 0xE7F8, 0xE7F8, 0xE7F8, 0xE7F8, 0x53DE, 0x2A7F, 0x2A7F, 0x2A7F, 0x853C, 0xE7F8, 0xE7F8, 0xE7F8,
    0xE7F8, 0xE7F8, 0xE7F8, 0xE7F8, 0xE7F8, 0xE7F8, 0xE7F8, 0xE7F8, 0xE7F8, 0xE7F8, 0xE7F8, 0xE7F8, 0xE7F8, 0xE7F8, 0xE7F8, 0xE7F8,
    0xE7F8, 0xE7F8, 0xCF59, 0x2A7F, 0x2A7F, 0x2A7F, 0x2A7F, 0xCF59, 0x53DE, 0x2A7F, 0x2A7F, 0x2A7F, 0x853C, 0x9DFB, 0x2A7F, 0x2A7F,
    0x2A7F, 0x53DE, 0xE7F8, 0xE7F8, 0xE7F8, 0xE7F8, 0xE7F8, 0xE7F8, 0xE7F8, 0xE7F8, 0xE7F8, 0xE7F8, 0xE7F8, 0xE7F8, 0xE7F8, 0xE7F8,
    0xE7F8, 0xE7F8, 0xE7F8, 0xE7F8, 0xB69A, 0x2A7F, 0x2A7F, 0x2A7F, 0x2A7F, 0x9DFB, 0xE7F8, 0xE7F8, 0xCF59, 0x2A7F, 0x2A7F, 0x2A7F,
    0x2A7F, 0xB69A, 0xE7F8, 0xE7F8, 0xE7F8, 0x643D, 0x2A7F, 0x2A7F, 0x2A7F, 0x643D, 0xE7F8, 0xE7F8, 0xE7F8, 0xB69A, 0x9DFB, 0x9DFB,
    0x9DFB, 0xCF59, 0xE7F8, 0xE7F8, 0xB69A, 0x2A7F, 0x2A7F, 0x2A7F, 0x2A7F, 0xE7F8, 0xE7F8, 0xE7F8, 0xE7F8, 0xE7F8, 0x4B7E, 0x2A7F,
    0x2A7F, 0x2A7F, 0x7CDC, 0xE7F8, 0xE7F8, 0x853C, 0x2A7F, 0x2A7F, 0x2A7F, 0x53DE, 0xE7F8, 0xE7F8, 0xE7F8, 0xE7F8, 0x3B3E, 0x2A7F,
    0x2A7F, 0x2A7F, 0x9DFB, 0xE7F8, 0xE7F8, 0xE7F8, 0xE7F8, 0xE7F8, 0xE7F8, 0xE7F8, 0xE7F8, 0xE7F8, 0xE7F8, 0xE7F8, 0xE7F8, 0xE7F8,
    0xE7F8, 0xE7F8, 0xE7F8, 0xE7F8, 0xE7F8, 0xE7F8, 0xE7F8, 0xE7F8, 0xE7F8, 0xE7F8, 0xE7F8, 0xE7F8, 0xE7F8, 0xE7F8, 0xE7F8, 0xE7F8,
    0xE7F8, 0xE7F8, 0xE7F8, 0xE7F8, 0xE7F8, 0xE7F8, 0xE7F8, 0xE7F8, 0xE7F8, 0xE7F8, 0xE7F8, 0xE7F8, 0xE7F8, 0xE7F8, 0xE7F8, 0xE7F8,
    0xE7F8, 0xE7F8, 0xE7F8, 0xE7F8, 0xE7F8, 0xE7F8, 0xE7F8, 0xE7F8, 0xE7F8, 0xE7F8, 0xE7F8, 0xE7F8, 0xE7F8, 0xE7F8, 0xE7F8, 0xE7F8,
    0xE7F8, 0xE7F8, 0xE7F8, 0xE7F8, 0xE7F8, 0xE7F8, 0xE7F8, 0xE7F8, 0xE7F8, 0xE7F8, 0xE7F8, 0xE7F8, 0xE7F8, 0xE7F8, 0xE7F8, 0x86F6,
    0x5E96, 0x2E15, 0x4655, 0x3635, 0x0DB4, 0x0DB4, 0x0DB4, 0x0DB4, 0x0DB4, 0x0DB4, 0x0DB4, 0x0DB4, 0x0DB4, 0x0DB4, 0x1DD5, 0x76B9,
    0xFFFF, 0xFFFF, 0xFFFF, 0xFFFF, 0xFFFF, 0xE7BE, 0x0DB4, 0x0DB4, 0x0DB4, 0x0DB4, 0x0DB4, 0x0DB4, 0x0DB4, 0x7ED6, 0xE7F8, 0xE7F8,
    0xE7F8, 0xE7F8, 0xE7F8, 0xE7F8, 0xE7F8, 0xE7F8, 0xE7F8, 0xE7F8, 0xE7F8, 0xE7F8, 0xE7F8, 0xE7F8, 0xE7F8, 0xE7F8, 0xE7F8, 0xE7F8,
    0xE7F8, 0xE7F8, 0x6C9D, 0x2A7F, 0x2A7F, 0x2A7F, 0x6C7D, 0xE7F8, 0xE7F8, 0xE7F8, 0x6C9D, 0x2A7F, 0x2A7F, 0x2A7F, 0x6C7D, 0xE7F8,
    0xE7F8, 0xE7F8, 0xE7F8, 0xE7F8, 0xE7F8, 0xE7F8, 0xE7F8, 0x53DE, 0x2A7F, 0x2A7F, 0x2A7F, 0x853C, 0xE7F8, 0xE7F8, 0xE7F8, 0xE7F8,
    0xE7F8, 0xE7F8, 0xE7F8, 0xE7F8, 0xE7F8, 0xE7F8, 0xCF59, 0x32DF, 0x2A7F, 0x2A7F, 0x2A7F, 0x2A7F, 0xE7F8, 0xE7F8, 0xE7F8, 0xE7F8,
    0xE7F8, 0xE7F8, 0xE7F8, 0xE7F8, 0xE7F8, 0xE7F8, 0xE7F8, 0xE7F8, 0xE7F8, 0xE7F8, 0xE7F8, 0xE7F8, 0xE7F8, 0xE7F8, 0xE7F8, 0xE7F8,
    0xE7F8, 0xE7F8, 0xE7F8, 0xE7F8, 0xE7F8, 0xE7F8, 0xE7F8, 0xE7F8, 0x53DE, 0x2A7F, 0x2A7F, 0x2A7F, 0x853C, 0xE7F8, 0xE7F8, 0xE7F8,
    0xE7F8, 0xE7F8, 0xE7F8, 0xE7F8, 0xE7F8, 0xE7F8, 0xE7F8, 0xE7F8, 0xE7F8, 0xE7F8, 0xE7F8, 0xE7F8, 0xE7F8, 0xE7F8, 0xE7F8, 0xE7F8,
    0xE7F8, 0xE7F8, 0xCF59, 0x2A7F, 0x2A7F, 0x2A7F, 0x2A7F, 0xCF59, 0x53DE, 0x2A7F, 0x2A7F, 0x2A7F, 0x853C, 0x9DFB, 0x2A7F, 0x2A7F,
    0x2A7F, 0x53DE, 0xE7F8, 0xE7F8, 0xE7F8, 0xE7F8, 0xE7F8, 0xE7F8, 0xE7F8, 0xE7F8, 0xE7F8, 0xE7F8, 0xE7F8, 0xE7F8, 0xE7F8, 0xE7F8,
    0xE7F8, 0xE7F8, 0xE7F8, 0xE7F8, 0xB69A, 0x2A7F, 0x2A7F, 0x2A7F, 0x2A7F, 0xE7F8, 0xE7F8, 0xE7F8, 0x7CDC, 0x2A7F, 0x2A7F, 0x2A7F,
    0x2A7F, 0xB69A, 0xE7F8, 0xE7F8, 0xE7F8, 0x959B, 0x2A7F, 0x2A7F, 0x2A7F, 0x2A7F, 0xC6F9, 0xE7F8, 0xCF59, 0x2A7F, 0x2A7F, 0x2A7F,
    0x2A7F, 0x9DFB, 0xE7F8, 0xE7F8, 0xDFB9, 0x32DF, 0x2A7F, 0x2A7F, 0x2A7F, 0x7CDC, 0xE7F8, 0xE7F8, 0xE7F8, 0xAE5A, 0x2A7F, 0x2A7F,
    0x2A7F, 0x2A7F, 0xAE3A, 0xE7F8, 0xE7F8, 0x853C, 0x2A7F, 0x2A7F, 0x2A7F, 0x53DE, 0xE7F8, 0xE7F8, 0xE7F8, 0xE7F8, 0x3B3E, 0x2A7F,
    0x2A7F, 0x2A7F, 0x9DFB, 0xE7F8, 0xE7F8, 0xE7F8, 0xE7F8, 0xE7F8, 0xE7F8, 0xCF59, 0x853C, 0x853C, 0x853C, 0x853C, 0x9DFB, 0xE7F8,
    0xE7F8, 0xE7F8, 0xE7F8, 0xE7F8, 0xE7F8, 0xE7F8, 0xE7F8, 0xE7F8, 0xE7F8, 0xE7F8, 0xE7F8, 0xE7F8, 0xE7F8, 0xE7F8, 0xE7F8, 0xE7F8,
    0xE7F8, 0xE7F8, 0xE7F8, 0xE7F8, 0xE7F8, 0xE7F8, 0xE7F8, 0xE7F8, 0xE7F8, 0xE7F8, 0xE7F8, 0xE7F8, 0xE7F8, 0xE7F8, 0xE7F8, 0xE7F8,
    0xE7F8, 0xE7F8, 0xE7F8, 0xE7F8, 0xE7F8, 0xE7F8, 0xE7F8, 0xE7F8, 0xE7F8, 0xE7F8, 0xE7F8, 0xE7F8, 0xE7F8, 0xE7F8, 0xE7F8, 0xE7F8,
    0xE7F8, 0xE7F8, 0xE7F8, 0xE7F8, 0xE7F8, 0xE7F8, 0xE7F8, 0xE7F8, 0xE7F8, 0xD7D8, 0xCFB8, 0xBF97, 0xAF77, 0x6EB6, 0x2E15, 0x3635,
    0x1DD5, 0x0DB4, 0x0DB4, 0x0DB4, 0x0DB4, 0x0DB4, 0x0DB4, 0x0DB4, 0x0DB4, 0x0DB4, 0x0DB4, 0x0DB4, 0x1DD5, 0x96FB, 0xF7DF, 0xFFFF,
    0xFFFF, 0xFFFF, 0xFFFF, 0xFFFF, 0xFFFF, 0xFFFF, 0x0DB4, 0x0DB4, 0x0DB4, 0x0DB4, 0x0DB4, 0x0DB4, 0x0DB4, 0x4655, 0xE7F8, 0xE7F8,
    0xE7F8, 0xE7F8, 0xE7F8, 0xE7F8, 0xE7F8, 0xE7F8, 0xE7F8, 0xE7F8, 0xE7F8, 0xE7F8, 0xE7F8, 0xE7F8, 0xE7F8, 0xE7F8, 0xE7F8, 0xE7F8,
    0xE7F8, 0xE7F8, 0x6C9D, 0x2A7F, 0x2A7F, 0x2A7F, 0x6C7D, 0xE7F8, 0xE7F8, 0xE7F8, 0x6C9D, 0x2A7F, 0x2A7F, 0x2A7F, 0x6C7D, 0xE7F8,
    0xE7F8, 0xE7F8, 0xE7F8, 0xE7F8, 0x959B, 0x6C9D, 0x6C9D, 0x433E, 0x2A7F, 0x2A7F, 0x2A7F, 0x4B7E, 0x6C9D, 0x6C9D, 0xB69A, 0xE7F8,
    0xE7F8, 0xE7F8, 0xE7F8, 0xE7F8, 0xE7F8, 0xE7F8, 0x9DFB, 0x2A7F, 0x2A7F, 0x2A7F, 0x2A7F, 0x7CDC, 0xE7F8, 0xE7F8, 0xE7F8, 0xE7F8,
    0xE7F8, 0xE7F8, 0xE7F8, 0xE7F8, 0xE7F8, 0xE7F8, 0xE7F8, 0xE7F8, 0xE7F8, 0xE7F8, 0xE7F8, 0xE7F8, 0xE7F8, 0xE7F8, 0xE7F8, 0xE7F8,
    0xE7F8, 0xE7F8, 0xE7F8, 0xE7F8, 0xE7F8, 0x959B, 0x6C9D, 0x6C9D, 0x433E, 0x2A7F, 0x2A7F, 0x2A7F, 0x4B7E, 0x6C9D, 0x6C9D, 0xC6F9,
    0xE7F8, 0xE7F8, 0xE7F8, 0xE7F8, 0xE7F8, 0xE7F8, 0xE7F8, 0xE7F8, 0xE7F8, 0xE7F8, 0xE7F8, 0xE7F8, 0xE7F8, 0xE7F8, 0xE7F8, 0xE7F8,
    0xE7F8, 0xE7F8, 0xCF59, 0x2A7F, 0x2A7F, 0x2A7F, 0x2A7F, 0xCF59, 0x53DE, 0x2A7F, 0x2A7F, 0x2A7F, 0x853C, 0x9DFB, 0x2A7F, 0x2A7F,
    0x2A7F, 0x53DE, 0xE7F8, 0xE7F8, 0xE7F8, 0xE7F8, 0xE7F8, 0xE7F8, 0xE7F8, 0xE7F8, 0xE7F8, 0xE7F8, 0xE7F8, 0xE7F8, 0xE7F8, 0xE7F8,
    0xE7F8, 0xE7F8, 0xE7F8, 0xE7F8, 0xC6FA, 0x2A7F, 0x2A7F, 0x2A7F, 0x2A7F, 0x5BDE, 0x959B, 0x53DE, 0x2A7F, 0x2A7F, 0x2A7F, 0x2A7F,
    0x2A7F, 0xB69A, 0xE7F8, 0xE7F8, 0xE7F8, 0xDFB9, 0x433E, 0x2A7F, 0x2A7F, 0x2A7F, 0x2A7F, 0x643D, 0x32DF, 0x2A7F, 0x2A7F, 0x2A7F,
    0x32DF, 0xDFB9, 0xE7F8, 0xE7F8, 0xE7F8, 0x959B, 0x2A7F, 0x2A7F, 0x2A7F, 0x2A7F, 0x643D, 0x959B, 0x6C9D, 0x32DF, 0x2A7F, 0x2A7F,
    0x2A7F, 0x53DE, 0xE7F8, 0xE7F8, 0xE7F8, 0x853C, 0x2A7F, 0x2A7F, 0x2A7F, 0x53DE, 0xE7F8, 0xE7F8, 0xE7F8, 0xE7F8, 0x3B3E, 0x2A7F,
    0x2A7F, 0x2A7F, 0x9DFB, 0xE7F8, 0xE7F8, 0xE7F8, 0xE7F8, 0xE7F8, 0xE7F8, 0x9DFB, 0x2A7F, 0x2A7F, 0x2A7F, 0x2A7F, 0x431F, 0xE7F8,
    0xE7F8, 0xE7F8, 0xE7F8, 0xE7F8, 0xE7F8, 0xE7F8, 0xE7F8, 0xE7F8, 0xE7F8, 0xE7F8, 0xE7F8, 0xE7F8, 0xE7F8, 0xE7F8, 0xE7F8, 0xE7F8,
    0xE7F8, 0xE7F8, 0xE7F8, 0xE7F8, 0xE7F8, 0xE7F8, 0xE7F8, 0xE7F8, 0xE7F8, 0xE7F8, 0xE7F8, 0xE7F8, 0xE7F8, 0xE7F8, 0xE7F8, 0xE7F8,
    0xE7F8, 0xE7F8, 0xE7F8, 0xE7F8, 0xE7F8, 0xE7F8, 0xE7F8, 0xE7F8, 0xE7F8, 0xE7F8, 0xE7F8, 0xE7F8, 0xE7F8, 0xE7F8, 0xE7F8, 0xE7F8,
    0xE7F8, 0xE7F8, 0xE7F8, 0xE7F8, 0xE7F8, 0xE7F8, 0xD7D8, 0xBF97, 0x7ED6, 0x6EB6, 0x5676, 0x2E15, 0x0DB4, 0x0DB4, 0x0DB4, 0x0DB4,
    0x0DB4, 0x0DB4, 0x0DB4, 0x0DB4, 0x0DB4, 0x0DB4, 0x0DB4, 0x0DB4, 0x0DB4, 0x1DD5, 0x86DA, 0xF7DF, 0xFFFF, 0xFFFF, 0xFFFF, 0xFFFF,
    0xFFFF, 0xFFFF, 0xFFFF, 0xFFFF, 0xFFFF, 0xFFFF, 0x6E98, 0x0DB4, 0x0DB4, 0x0DB4, 0x0DB4, 0x0DB4, 0x0DB4, 0x0DB4, 0xAF77, 0xE7F8,
    0xE7F8, 0xE7F8, 0xE7F8, 0xE7F8, 0xE7F8, 0xE7F8, 0xE7F8, 0xE7F8, 0xE7F8, 0xE7F8, 0xE7F8, 0xE7F8, 0xE7F8, 0xE7F8, 0xE7F8, 0xE7F8,
    0xE7F8, 0xE7F8, 0x6C9D, 0x2A7F, 0x2A7F, 0x2A7F, 0x6C7D, 0xE7F8, 0xE7F8, 0xE7F8, 0x6C9D, 0x2A7F, 0x2A7F, 0x2A7F, 0x6C7D, 0xE7F8,
    0xE7F8, 0xE7F8, 0xE7F8, 0xE7F8, 0x53DE, 0x2A7F, 0x2A7F, 0x2A7F, 0x2A7F, 0x2A7F, 0x2A7F, 0x2A7F, 0x2A7F, 0x2A7F, 0x853C, 0xE7F8,
    0xE7F8, 0xE7F8, 0xE7F8, 0xE7F8, 0xE7F8, 0xE7F8, 0x4B7E, 0x2A7F, 0x2A7F, 0x2A7F, 0x32DF, 0xCF59, 0xE7F8, 0xE7F8, 0xE7F8, 0xE7F8,
    0xE7F8, 0xE7F8, 0xE7F8, 0xE7F8, 0xE7F8, 0xE7F8, 0xE7F8, 0xE7F8, 0xE7F8, 0xE7F8, 0xE7F8, 0xE7F8, 0xE7F8, 0xE7F8, 0xE7F8, 0xE7F8,
    0xE7F8, 0xE7F8, 0xE7F8, 0xE7F8, 0xE7F8, 0x53DE, 0x2A7F, 0x2A7F, 0x2A7F, 0x2A7F, 0x2A7F, 0x2A7F, 0x2A7F, 0x2A7F, 0x2A7F, 0x9DFB,
    0xE7F8, 0xE7F8, 0xE7F8, 0xE7F8, 0xE7F8, 0xE7F8, 0xE7F8, 0xE7F8, 0xE7F8, 0xE7F8, 0xE7F8, 0xE7F8, 0xE7F8, 0xE7F8, 0xE7F8, 0xE7F8,
    0xE7F8, 0xE7F8, 0xCF59, 0x2A7F, 0x2A7F, 0x2A7F, 0x2A7F, 0xCF59, 0x53DE, 0x2A7F, 0x2A7F, 0x2A7F, 0x853C, 0x9DFB, 0x2A7F, 0x2A7F,
    0x2A7F, 0x53DE, 0xE7F8, 0xE7F8, 0xE7F8, 0xE7F8, 0xE7F8, 0xE7F8, 0xE7F8, 0xE7F8, 0xE7F8, 0xE7F8, 0xE7F8, 0xE7F8, 0xE7F8, 0xE7F8,
    0xE7F8, 0xE7F8, 0xE7F8, 0xE7F8, 0xE7F8, 0x53DE, 0x2A7F, 0x2A7F, 0x2A7F, 0x2A7F, 0x2A7F, 0x2A7F, 0x2A7F, 0x2A7F, 0x2A7F, 0x2A7F,
    0x2A7F, 0xB69A, 0xE7F8, 0xE7F8, 0xE7F8, 0xE7F8, 0xC6F9, 0x32DF, 0x2A7F, 0x2A7F, 0x2A7F, 0x2A7F, 0x2A7F, 0x2A7F, 0x2A7F, 0x2A7F,
    0x959B, 0xE7F8, 0xE7F8, 0xE7F8, 0xE7F8, 0xE7F8, 0x7CDC, 0x2A7F, 0x2A7F, 0x2A7F, 0x2A7F, 0x2A7F, 0x2A7F, 0x2A7F, 0x2A7F, 0x2A7F,
    0x53DE, 0xDFB9, 0xE7F8, 0xE7F8, 0xE7F8, 0x853C, 0x2A7F, 0x2A7F, 0x2A7F, 0x53DE, 0xE7F8, 0xE7F8, 0xE7F8, 0xE7F8, 0x3B3E, 0x2A7F,
    0x2A7F, 0x2A7F, 0x9DFB, 0xE7F8, 0xE7F8, 0xE7F8, 0xE7F8, 0xE7F8, 0xE7F8, 0x9DFB, 0x2A7F, 0x2A7F, 0x2A7F, 0x2A7F, 0x431F, 0xE7F8,
    0xE7F8, 0xE7F8, 0xE7F8, 0xE7F8, 0xE7F8, 0xE7F8, 0xE7F8, 0xE7F8, 0xE7F8, 0xE7F8, 0xE7F8, 0xE7F8, 0xE7F8, 0xE7F8, 0xE7F8, 0xE7F8,
    0xE7F8, 0xE7F8, 0xE7F8, 0xE7F8, 0xE7F8, 0xE7F8, 0xE7F8, 0xE7F8, 0xE7F8, 0xE7F8, 0xE7F8, 0xE7F8, 0xE7F8, 0xE7F8, 0xE7F8, 0xE7F8,
    0xE7F8, 0xE7F8, 0xE7F8, 0xE7F8, 0xE7F8, 0xE7F8, 0xE7F8, 0xE7F8, 0xE7F8, 0xE7F8, 0xE7F8, 0xE7F8, 0xE7F8, 0xE7F8, 0xE7F8, 0xE7F8,
    0xE7F8, 0xE7F8, 0xE7F8, 0xBF97, 0x86F7, 0x5676, 0x5675, 0x0DB4, 0x0DB4, 0x0DB4, 0x0DB4, 0x1DD5, 0x0DB4, 0x0DB4, 0x0DB4, 0x0DB4,
    0x0DB4, 0x0DB4, 0x0DB4, 0x0DB4, 0x0DB4, 0x0DB4, 0x1DD5, 0x5E78, 0xB75C, 0xF7DF, 0xFFFF, 0xFFFF, 0xFFFF, 0xFFFF, 0xFFFF, 0xFFFF,
    0xFFFF, 0xFFFF, 0xFFFF, 0xFFFF, 0xFFFF, 0xFFFF, 0xC77D, 0x0DB4, 0x0DB4, 0x0DB4, 0x0DB4, 0x0DB4, 0x0DB4, 0x0DB4, 0x4655, 0xE7F8,
    0xE7F8, 0xE7F8, 0xE7F8, 0xE7F8, 0xE7F8, 0xE7F8, 0xE7F8, 0xE7F8, 0xE7F8, 0xE7F8, 0xE7F8, 0xE7F8, 0xE7F8, 0xE7F8, 0xE7F8, 0xE7F8,
    0xE7F8, 0xE7F8, 0x6C9D, 0x2A7F, 0x2A7F, 0x2A7F, 0x853C, 0xE7F8, 0xE7F8, 0xE7F8, 0x6C9D, 0x2A7F, 0x2A7F, 0x2A7F, 0x853C, 0xE7F8,
    0xE7F8, 0xE7F8, 0xE7F8, 0xE7F8, 0x643D, 0x2A7F, 0x2A7F, 0x2A7F, 0x2A7F, 0x2A7F, 0x2A7F, 0x2A7F, 0x2A7F, 0x2A7F, 0x853C, 0xE7F8,
    0xE7F8, 0xE7F8, 0xE7F8, 0xE7F8, 0xE7F8, 0xC6FA, 0x2A7F, 0x2A7F, 0x2A7F, 0x2A7F, 0x9DFB, 0xE7F8, 0xE7F8, 0xE7F8, 0xE7F8, 0xE7F8,
    0xE7F8, 0xE7F8, 0xE7F8, 0xE7F8, 0xE7F8, 0xE7F8, 0xE7F8, 0xE7F8, 0xE7F8, 0xE7F8, 0xE7F8, 0xE7F8, 0xE7F8, 0xE7F8, 0xE7F8, 0xE7F8,
    0xE7F8, 0xE7F8, 0xE7F8, 0xE7F8, 0xE7F8, 0x53DE, 0x2A7F, 0x2A7F, 0x2A7F, 0x2A7F, 0x2A7F, 0x2A7F, 0x2A7F, 0x2A7F, 0x2A7F, 0x9DFB,
    0xE7F8, 0xE7F8, 0xE7F8, 0xE7F8, 0xE7F8, 0xE7F8, 0xE7F8, 0xE7F8, 0xE7F8, 0xE7F8, 0xE7F8, 0xE7F8, 0xE7F8, 0xE7F8, 0xE7F8, 0xE7F8,
    0xE7F8, 0xE7F8, 0xDFB9, 0x2A7F, 0x2A7F, 0x2A7F, 0x32DF, 0xDFB9, 0x643D, 0x2A7F, 0x2A7F, 0x2A7F, 0x959B, 0xAE3A, 0x2A7F, 0x2A7F,
    0x2A7F, 0x53DE, 0xE7F8, 0xE7F8, 0xE7F8, 0xE7F8, 0xE7F8, 0xE7F8, 0xE7F8, 0xE7F8, 0xE7F8, 0xE7F8, 0xE7F8, 0xE7F8, 0xE7F8, 0xE7F8,
    0xE7F8, 0xE7F8, 0xE7F8, 0xE7F8, 0xE7F8, 0xDFB9, 0x853C, 0x433E, 0x2A7F, 0x2A7F, 0x2A7F, 0x2A7F, 0x2A7F, 0x32DF, 0x2A7F, 0x2A7F,
    0x2A7F, 0xB69A, 0xE7F8, 0xE7F8, 0xE7F8, 0xE7F8, 0xE7F8, 0xCF59, 0x643D, 0x2A7F, 0x2A7F, 0x2A7F, 0x2A7F, 0x2A7F, 0x431F, 0x9DFB,
    0xE7F8, 0xE7F8, 0xE7F8, 0xE7F8, 0xE7F8, 0xE7F8, 0xE7F8, 0xAE3A, 0x433E, 0x2A7F, 0x2A7F, 0x2A7F, 0x2A7F, 0x2A7F, 0x32DF, 0x853C,
    0xE7F8, 0xE7F8, 0xE7F8, 0xE7F8, 0xE7F8, 0x9DFB, 0x2A7F, 0x2A7F, 0x2A7F, 0x53DE, 0xE7F8, 0xE7F8, 0xE7F8, 0xE7F8, 0x4B7E, 0x2A7F,
    0x2A7F, 0x2A7F, 0xAE3A, 0xE7F8, 0xE7F8, 0xE7F8, 0xE7F8, 0xE7F8, 0xE7F8, 0xAE3A, 0x2A7F, 0x2A7F, 0x2A7F, 0x2A7F, 0x4B7E, 0xE7F8,
    0xE7F8, 0xE7F8, 0xE7F8, 0xE7F8, 0xE7F8, 0xE7F8, 0xE7F8, 0xE7F8, 0xE7F8, 0xE7F8, 0xE7F8, 0xE7F8, 0xE7F8, 0xE7F8, 0xE7F8, 0xE7F8,
    0xE7F8, 0xE7F8, 0xE7F8, 0xE7F8, 0xE7F8, 0xE7F8, 0xE7F8, 0xE7F8, 0xE7F8, 0xE7F8, 0xE7F8, 0xE7F8, 0xE7F8, 0xE7F8, 0xE7F8, 0xE7F8,
    0xE7F8, 0xE7F8, 0xE7F8, 0xE7F8, 0xE7F8, 0xE7F8, 0xE7F8, 0xE7F8, 0xE7F8, 0xE7F8, 0xE7F8, 0xE7F8, 0xE7F8, 0xE7F8, 0xE7F8, 0xE7F8,
    0xAF77, 0x7ED6, 0x4655, 0x3635, 0x1DD5, 0x0DB4, 0x0DB4, 0x0DB4, 0x0DB4, 0x0DB4, 0x0DB4, 0x0DB4, 0x0DB4, 0x0DB4, 0x0DB4, 0x0DB4,
    0x0DB4, 0x0DB4, 0x0DB4, 0x0DB4, 0x76B9, 0xA73B, 0xC77D, 0xFFFF, 0xFFFF, 0xFFFF, 0xFFFF, 0xFFFF, 0xFFFF, 0xFFFF, 0xFFFF, 0xFFFF,
    0xFFFF, 0xFFFF, 0xFFFF, 0xFFFF, 0xFFFF, 0xFFFF, 0xFFFF, 0x1DD5, 0x0DB4, 0x0DB4, 0x0DB4, 0x0DB4, 0x0DB4, 0x0DB4, 0x0DB4, 0xAF77,
    0xE7F8, 0xE7F8, 0xE7F8, 0xE7F8, 0xE7F8, 0xE7F8, 0xE7F8, 0xE7F8, 0xE7F8, 0xE7F8, 0xE7F8, 0xE7F8, 0xE7F8, 0xE7F8, 0xE7F8, 0xE7F8,
    0xE7F8, 0xE7F8, 0xE7F8, 0xE7F8, 0xE7F8, 0xE7F8, 0xE7F8, 0xE7F8, 0xE7F8, 0xE7F8, 0xE7F8, 0xE7F8, 0xE7F8, 0xE7F8, 0xE7F8, 0xE7F8,
    0xE7F8, 0xE7F8, 0xE7F8, 0xE7F8, 0xCF59, 0xB69A, 0xB69A, 0xB69A, 0xB69A, 0xB69A, 0xB69A, 0xB69A, 0xB69A, 0xB69A, 0xDFB9, 0xE7F8,
    0xE7F8, 0xE7F8, 0xE7F8, 0xE7F8, 0xE7F8, 0x959B, 0x2A7F, 0x2A7F, 0x2A7F, 0x431F, 0xDFB9, 0xE7F8, 0xE7F8, 0xE7F8, 0xE7F8, 0xE7F8,
    0xE7F8, 0xE7F8, 0xE7F8, 0xE7F8, 0xE7F8, 0xE7F8, 0xE7F8, 0xE7F8, 0xE7F8, 0xE7F8, 0xE7F8, 0xE7F8, 0xE7F8, 0xE7F8, 0xE7F8, 0xE7F8,
    0xE7F8, 0xE7F8, 0xE7F8, 0xE7F8, 0xE7F8, 0xCF59, 0xB69A, 0xB69A, 0xB69A, 0xB69A, 0xB69A, 0xB69A, 0xB69A, 0xB69A, 0xB69A, 0xDFB9,
    0xE7F8, 0xE7F8, 0xE7F8, 0xE7F8, 0xE7F8, 0xE7F8, 0xE7F8, 0xE7F8, 0xE7F8, 0xE7F8, 0xE7F8, 0xE7F8, 0xE7F8, 0xE7F8, 0xE7F8, 0xE7F8,
    0xE7F8, 0xE7F8, 0xE7F8, 0xE7F8, 0xE7F8, 0xE7F8, 0xE7F8, 0xE7F8, 0xE7F8, 0xE7F8, 0xE7F8, 0xE7F8, 0xE7F8, 0xE7F8, 0xE7F8, 0xE7F8,
    0xE7F8, 0xE7F8, 0xE7F8, 0xE7F8, 0xE7F8, 0xE7F8, 0xE7F8, 0xE7F8, 0xE7F8, 0xE7F8, 0xE7F8, 0xE7F8, 0xE7F8, 0xE7F8, 0xE7F8, 0xE7F8,
    0xE7F8, 0xE7F8, 0xE7F8, 0xE7F8, 0xE7F8, 0xE7F8, 0xE7F8, 0xE7F8, 0xCF59, 0xB69A, 0xB69A, 0xC6F9, 0xE7F8, 0xE7F8, 0xE7F8, 0xE7F8,
    0xE7F8, 0xE7F8, 0xE7F8, 0xE7F8, 0xE7F8, 0xE7F8, 0xE7F8, 0xE7F8, 0xE7F8, 0xCF59, 0xB69A, 0xB69A, 0xB69A, 0xCF59, 0xE7F8, 0xE7F8,
    0xE7F8, 0xE7F8, 0xE7F8, 0xE7F8, 0xE7F8, 0xE7F8, 0xE7F8, 0xE7F8, 0xE7F8, 0xCF59, 0xB69A, 0xB69A, 0xB69A, 0xCF59, 0xE7F8, 0xE7F8,
    0xE7F8, 0xE7F8, 0xE7F8, 0xE7F8, 0xE7F8, 0xE7F8, 0xE7F8, 0xE7F8, 0xE7F8, 0xE7F8, 0xE7F8, 0xE7F8, 0xE7F8, 0xE7F8, 0xE7F8, 0xE7F8,
    0xE7F8, 0xE7F8, 0xE7F8, 0xE7F8, 0xE7F8, 0xE7F8, 0xE7F8, 0xE7F8, 0xE7F8, 0xE7F8, 0xE7F8, 0xE7F8, 0xE7F8, 0xE7F8, 0xE7F8, 0xE7F8,
    0xE7F8, 0x5E96, 0x86F7, 0xBF97, 0xA757, 0xA757, 0xCFB8, 0xE7F8, 0xE7F8, 0xE7F8, 0xE7F8, 0xE7F8, 0xE7F8, 0xE7F8, 0xE7F8, 0xE7F8,
    0xE7F8, 0xE7F8, 0xE7F8, 0xE7F8, 0xE7F8, 0xE7F8, 0xE7F8, 0xE7F8, 0xE7F8, 0xE7F8, 0xE7F8, 0xE7F8, 0xE7F8, 0xE7F8, 0xE7F8, 0xE7F8,
    0xE7F8, 0xE7F8, 0xE7F8, 0xE7F8, 0xE7F8, 0xE7F8, 0xE7F8, 0xE7F8, 0xE7F8, 0xE7F8, 0xE7F8, 0xD7D8, 0xD7D8, 0x86F6, 0x5676, 0x1DD5,
    0x0DB4, 0x0DB4, 0x0DB4, 0x0DB4, 0x0DB4, 0x0DB4, 0x0DB4, 0x0DB4, 0x0DB4, 0x0DB4, 0x0DB4, 0x0DB4, 0x0DB4, 0x0DB4, 0x0DB4, 0x0DB4,
    0x0DB4, 0x6E98, 0xB75C, 0xF7DF, 0xFFFF, 0xFFFF, 0xFFFF, 0xFFFF, 0xFFFF, 0xFFFF, 0xFFFF, 0xFFFF, 0xFFFF, 0xFFFF, 0xFFFF, 0xFFFF,
    0xFFFF, 0xFFFF, 0xFFFF, 0xFFFF, 0xFFFF, 0xFFFF, 0xFFFF, 0x86DA, 0x0DB4, 0x0DB4, 0x0DB4, 0x0DB4, 0x0DB4, 0x0DB4, 0x0DB4, 0x2E15,
    0xCFB8, 0xE7F8, 0xE7F8, 0xE7F8, 0xE7F8, 0xE7F8, 0xE7F8, 0xE7F8, 0xE7F8, 0xE7F8, 0xE7F8, 0xE7F8, 0xE7F8, 0xE7F8, 0xE7F8, 0xE7F8,
    0xE7F8, 0xE7F8, 0xE7F8, 0xE7F8, 0xE7F8, 0xE7F8, 0xE7F8, 0xE7F8, 0xE7F8, 0xE7F8, 0xE7F8, 0xE7F8, 0xE7F8, 0xE7F8, 0xE7F8, 0xE7F8,
    0xE7F8, 0xE7F8, 0xE7F8, 0xE7F8, 0xE7F8, 0xE7F8, 0xE7F8, 0xE7F8, 0xE7F8, 0xE7F8, 0xE7F8, 0xE7F8, 0xE7F8, 0xE7F8, 0xE7F8, 0xE7F8,
    0xE7F8, 0xE7F8, 0xE7F8, 0xE7F8, 0xE7F8, 0x4B7E, 0x2A7F, 0x2A7F, 0x2A7F, 0xAE5A, 0xE7F8, 0xE7F8, 0xE7F8, 0xE7F8, 0xE7F8, 0xE7F8,
    0xE7F8, 0xE7F8, 0xE7F8, 0xE7F8, 0xE7F8, 0xE7F8, 0xE7F8, 0xE7F8, 0xE7F8, 0xE7F8, 0xE7F8, 0xE7F8, 0xE7F8, 0xE7F8, 0xE7F8, 0xE7F8,
    0xE7F8, 0xE7F8, 0xE7F8, 0xE7F8, 0xE7F8, 0xE7F8, 0xE7F8, 0xE7F8, 0xE7F8, 0xE7F8, 0xE7F8, 0xE7F8, 0xE7F8, 0xE7F8, 0xE7F8, 0xE7F8,
    0xE7F8, 0xE7F8, 0xE7F8, 0xE7F8, 0xE7F8, 0xE7F8, 0xE7F8, 0xE7F8, 0xE7F8, 0xE7F8, 0xE7F8, 0xE7F8, 0xE7F8, 0xE7F8, 0xE7F8, 0xE7F8,
    0xE7F8, 0xE7F8, 0xE7F8, 0xE7F8, 0xE7F8, 0xE7F8, 0xE7F8, 0xE7F8, 0xE7F8, 0xE7F8, 0xE7F8, 0xE7F8, 0xE7F8, 0xE7F8, 0xE7F8, 0xE7F8,
    0xE7F8, 0xE7F8, 0xE7F8, 0xE7F8, 0xE7F8, 0xE7F8, 0xE7F8, 0xE7F8, 0xE7F8, 0xE7F8, 0xE7F8, 0xE7F8, 0xE7F8, 0xE7F8, 0xE7F8, 0xE7F8,
    0xE7F8, 0xE7F8, 0xE7F8, 0xE7F8, 0xE7F8, 0xE7F8, 0xE7F8, 0xE7F8, 0xE7F8, 0xE7F8, 0xE7F8, 0xE7F8, 0xE7F8, 0xE7F8, 0xE7F8, 0xE7F8,
    0xE7F8, 0xE7F8, 0xE7F8, 0xE7F8, 0xE7F8, 0xE7F8, 0xE7F8, 0xE7F8, 0xE7F8, 0xE7F8, 0xE7F8, 0xE7F8, 0xE7F8, 0xE7F8, 0xE7F8, 0xE7F8,
    0xE7F8, 0xE7F8, 0xE7F8, 0xE7F8, 0xE7F8, 0xE7F8, 0xE7F8, 0xE7F8, 0xE7F8, 0xE7F8, 0xE7F8, 0xE7F8, 0xE7F8, 0xE7F8, 0xE7F8, 0xE7F8,
    0xE7F8, 0xE7F8, 0xE7F8, 0xE7F8, 0xE7F8, 0xE7F8, 0xE7F8, 0xE7F8, 0xE7F8, 0xE7F8, 0xE7F8, 0xE7F8, 0xE7F8, 0xE7F8, 0xE7F8, 0xE7F8,
    0xE7F8, 0xE7F8, 0xE7F8, 0xE7F8, 0xE7F8, 0xE7F8, 0xE7F8, 0xE7F8, 0xE7F8, 0xE7F8, 0xE7F8, 0xE7F8, 0xE7F8, 0xE7F8, 0xE7F8, 0xE7F8,
    0xE7F8, 0x9737, 0x2E15, 0x0DB4, 0x0DB4, 0x0DB4, 0x2E15, 0xD7D8, 0xE7F8, 0xE7F8, 0xE7F8, 0xE7F8, 0xE7F8, 0xE7F8, 0xE7F8, 0xE7F8,
    0xE7F8, 0xE7F8, 0xE7F8, 0xE7F8, 0xE7F8, 0xE7F8, 0xE7F8, 0xE7F8, 0xE7F8, 0xE7F8, 0xE7F8, 0xE7F8, 0xE7F8, 0xE7F8, 0xE7F8, 0xE7F8,
    0xE7F8, 0xE7F8, 0xE7F8, 0xE7F8, 0xE7F8, 0xE7F8, 0xE7F8, 0xE7F8, 0xCFB8, 0x86F6, 0x5675, 0x2E15, 0x0DB4, 0x0DB4, 0x0DB4, 0x0DB4,
    0x0DB4, 0x0DB4, 0x0DB4, 0x0DB4, 0x0DB4, 0x0DB4, 0x0DB4, 0x0DB4, 0x0DB4, 0x0DB4, 0x0DB4, 0x0DB4, 0x0DB4, 0x1DD5, 0x76B9, 0xA73B,
    0xB75C, 0xD79D, 0xFFFF, 0xFFFF, 0xFFFF, 0xFFFF, 0xFFFF, 0xFFFF, 0xFFFF, 0xFFFF, 0xFFFF, 0xFFFF, 0xFFFF, 0xFFFF, 0xFFFF, 0xFFFF,
    0xFFFF, 0xFFFF, 0xFFFF, 0xFFFF, 0xFFFF, 0xFFFF, 0xFFFF, 0xF7DF, 0x1DD5, 0x0DB4, 0x0DB4, 0x0DB4, 0x0DB4, 0x0DB4, 0x0DB4, 0x0DB4,
    0x5E96, 0xE7F8, 0xE7F8, 0xE7F8, 0xE7F8, 0xE7F8, 0xE7F8, 0xE7F8, 0xE7F8, 0xE7F8, 0xE7F8, 0xE7F8, 0xE7F8, 0xE7F8, 0xE7F8, 0xE7F8,
    0xE7F8, 0xE7F8, 0xE7F8, 0xE7F8, 0xE7F8, 0xE7F8, 0xE7F8, 0xE7F8, 0xE7F8, 0xE7F8, 0xE7F8, 0xE7F8, 0xE7F8, 0xE7F8, 0xE7F8, 0xE7F8,
    0xE7F8, 0xE7F8, 0xE7F8, 0xE7F8, 0xE7F8, 0xE7F8, 0xE7F8, 0xE7F8, 0xE7F8, 0xE7F8, 0xE7F8, 0xE7F8, 0xE7F8, 0xE7F8, 0xE7F8, 0xE7F8,
    0xE7F8, 0xE7F8, 0xE7F8, 0xE7F8, 0xC6F9, 0x2A7F, 0x2A7F, 0x2A7F, 0x643D, 0xE7F8, 0xE7F8, 0xE7F8, 0xE7F8, 0xE7F8, 0xE7F8, 0xE7F8,
    0xE7F8, 0xE7F8, 0xE7F8, 0xE7F8, 0xE7F8, 0xE7F8, 0xE7F8, 0xE7F8, 0xE7F8, 0xE7F8, 0xE7F8, 0xE7F8, 0xE7F8, 0xE7F8, 0xE7F8, 0xE7F8,
    0xE7F8, 0xE7F8, 0xE7F8, 0xE7F8, 0xE7F8, 0xE7F8, 0xE7F8, 0xE7F8, 0xE7F8, 0xE7F8, 0xE7F8, 0xE7F8, 0xE7F8, 0xE7F8, 0xE7F8, 0xE7F8,
    0xE7F8, 0xE7F8, 0xE7F8, 0xE7F8, 0xE7F8, 0xE7F8, 0xE7F8, 0xE7F8, 0xE7F8, 0xE7F8, 0xE7F8, 0xE7F8, 0xE7F8, 0xE7F8, 0xE7F8, 0xE7F8,
    0xE7F8, 0xE7F8, 0xE7F8, 0xE7F8, 0xE7F8, 0xE7F8, 0xE7F8, 0xE7F8, 0xE7F8, 0xE7F8, 0xE7F8, 0xE7F8, 0xE7F8, 0xE7F8, 0xE7F8, 0xE7F8,
    0xE7F8, 0xE7F8, 0xE7F8, 0xE7F8, 0xE7F8, 0xE7F8, 0xE7F8, 0xE7F8, 0xE7F8, 0xE7F8, 0xE7F8, 0xE7F8, 0xE7F8, 0xE7F8, 0xE7F8, 0xE7F8,
    0xE7F8, 0xE7F8, 0xE7F8, 0xE7F8, 0xE7F8, 0xE7F8, 0xE7F8, 0xE7F8, 0xE7F8, 0xE7F8, 0xE7F8, 0xE7F8, 0xE7F8, 0xE7F8, 0xE7F8, 0xE7F8,
    0xE7F8, 0xE7F8, 0xE7F8, 0xE7F8, 0xE7F8, 0xE7F8, 0xE7F8, 0xE7F8, 0xE7F8, 0xE7F8, 0xE7F8, 0xE7F8, 0xE7F8, 0xE7F8, 0xE7F8, 0xE7F8,
    0xE7F8, 0xE7F8, 0xE7F8, 0xE7F8, 0xE7F8, 0xE7F8, 0xE7F8, 0xE7F8, 0xE7F8, 0xE7F8, 0xE7F8, 0xE7F8, 0xE7F8, 0xE7F8, 0xE7F8, 0xE7F8,
    0xE7F8, 0xE7F8, 0xE7F8, 0xE7F8, 0xE7F8, 0xE7F8, 0xE7F8, 0xE7F8, 0xE7F8, 0xE7F8, 0xE7F8, 0xE7F8, 0xE7F8, 0xE7F8, 0xE7F8, 0xE7F8,
    0xE7F8, 0xE7F8, 0xE7F8, 0xE7F8, 0xE7F8, 0xE7F8, 0xE7F8, 0xE7F8, 0xE7F8, 0xE7F8, 0xE7F8, 0xE7F8, 0xE7F8, 0xE7F8, 0xE7F8, 0xE7F8,
    0xE7F8, 0xA757, 0x5675, 0x0DB4, 0x0DB4, 0x0DB4, 0x2E15, 0xD7D8, 0xE7F8, 0xE7F8, 0xE7F8, 0xE7F8, 0xE7F8, 0xE7F8, 0xE7F8, 0xE7F8,
    0xE7F8, 0xE7F8, 0xE7F8, 0xE7F8, 0xE7F8, 0xE7F8, 0xE7F8, 0xE7F8, 0xE7F8, 0xE7F8, 0xE7F8, 0xE7F8, 0xE7F8, 0xE7F8, 0xE7F8, 0xE7F8,
    0xE7F8, 0xE7F8, 0xE7F8, 0xE7F8, 0xCFB8, 0x86F6, 0x5E96, 0x1DD5, 0x0DB4, 0x0DB4, 0x0DB4, 0x0DB4, 0x0DB4, 0x0DB4, 0x0DB4, 0x0DB4,
    0x0DB4, 0x0DB4, 0x0DB4, 0x0DB4, 0x0DB4, 0x0DB4, 0x0DB4, 0x0DB4, 0x0DB4, 0x0DB4, 0x2E16, 0x76B9, 0xC77D, 0xFFFF, 0xE7BE, 0xF7DF,
    0xFFFF, 0xFFFF, 0xFFFF, 0xFFFF, 0xFFFF, 0xFFFF, 0xFFFF, 0xFFFF, 0xFFFF, 0xFFFF, 0xFFFF, 0xFFFF, 0xFFFF, 0xFFFF, 0xFFFF, 0xFFFF,
    0xFFFF, 0xFFFF, 0xFFFF, 0xFFFF, 0xFFFF, 0xFFFF, 0xFFFF, 0xFFFF, 0x86DA, 0x0DB4, 0x0DB4, 0x0DB4, 0x0DB4, 0x0DB4, 0x0DB4, 0x0DB4,
    0x0DB4, 0x4655, 0xD7D8, 0xE7F8, 0xE7F8, 0xE7F8, 0xE7F8, 0xE7F8, 0xE7F8, 0xE7F8, 0xE7F8, 0xE7F8, 0xE7F8, 0xE7F8, 0xE7F8, 0xE7F8,
    0xE7F8, 0xE7F8, 0xE7F8, 0xE7F8, 0xE7F8, 0xE7F8, 0xE7F8, 0xE7F8, 0xE7F8, 0xE7F8, 0xE7F8, 0xE7F8, 0xE7F8, 0xE7F8, 0xE7F8, 0xE7F8,
    0xE7F8, 0xE7F8, 0xE7F8, 0xE7F8, 0xE7F8, 0xE7F8, 0xE7F8, 0xE7F8, 0xE7F8, 0xE7F8, 0xE7F8, 0xE7F8, 0xE7F8, 0xE7F8, 0xE7F8, 0xE7F8,
    0xE7F8, 0xE7F8, 0xE7F8, 0xE7F8, 0x9DFB, 0x53DE, 0x53DE, 0x643D, 0xCF59, 0xE7F8, 0xE7F8, 0xE7F8, 0xE7F8, 0xE7F8, 0xE7F8, 0xE7F8,
    0xE7F8, 0xE7F8, 0xE7F8, 0xE7F8, 0xE7F8, 0xE7F8, 0xE7F8, 0xE7F8, 0xE7F8, 0xE7F8, 0xE7F8, 0xE7F8, 0xE7F8, 0xE7F8, 0xE7F8, 0xE7F8,
    0xE7F8, 0xE7F8, 0xE7F8, 0xE7F8, 0xE7F8, 0xE7F8, 0xE7F8, 0xE7F8, 0xE7F8, 0xE7F8, 0xE7F8, 0xE7F8, 0xE7F8, 0xE7F8, 0xE7F8, 0xE7F8,
    0xE7F8, 0xE7F8, 0xE7F8, 0xE7F8, 0xE7F8, 0xE7F8, 0xE7F8, 0xE7F8, 0xE7F8, 0xE7F8, 0xE7F8, 0xE7F8, 0xE7F8, 0xE7F8, 0xE7F8, 0xE7F8,
    0xE7F8, 0xE7F8, 0xE7F8, 0xE7F8, 0xE7F8, 0xE7F8, 0xE7F8, 0xE7F8, 0xE7F8, 0xE7F8, 0xE7F8, 0xE7F8, 0xE7F8, 0xE7F8, 0xE7F8, 0xE7F8,
    0xE7F8, 0xE7F8, 0xE7F8, 0xE7F8, 0xE7F8, 0xE7F8, 0xE7F8, 0xE7F8, 0xE7F8, 0xE7F8, 0xE7F8, 0xE7F8, 0xE7F8, 0xE7F8, 0xE7F8, 0xE7F8,
    0xE7F8, 0xE7F8, 0xE7F8, 0xE7F8, 0xE7F8, 0xE7F8, 0xE7F8, 0xE7F8, 0xE7F8, 0xE7F8, 0xE7F8, 0xE7F8, 0xE7F8, 0xE7F8, 0xE7F8, 0xE7F8,
    0xE7F8, 0xE7F8, 0xE7F8, 0xE7F8, 0xE7F8, 0xE7F8, 0xE7F8, 0xE7F8, 0xE7F8, 0xE7F8, 0xE7F8, 0xE7F8, 0xE7F8, 0xE7F8, 0xE7F8, 0xE7F8,
    0xE7F8, 0xE7F8, 0xE7F8, 0xE7F8, 0xE7F8, 0xE7F8, 0xE7F8, 0xE7F8, 0xE7F8, 0xE7F8, 0xE7F8, 0xE7F8, 0xE7F8, 0xE7F8, 0xE7F8, 0xE7F8,
    0xE7F8, 0xE7F8, 0xE7F8, 0xE7F8, 0xE7F8, 0xE7F8, 0xE7F8, 0xE7F8, 0xE7F8, 0xE7F8, 0xE7F8, 0xE7F8, 0xE7F8, 0xE7F8, 0xE7F8, 0xE7F8,
    0xE7F8, 0xE7F8, 0xE7F8, 0xE7F8, 0xE7F8, 0xE7F8, 0xE7F8, 0xE7F8, 0xE7F8, 0xE7F8, 0xE7F8, 0xE7F8, 0xE7F8, 0xE7F8, 0xE7F8, 0xE7F8,
    0xE7F8, 0xBF97, 0x3635, 0x0DB4, 0x0DB4, 0x0DB4, 0x0DB4, 0xE7F8, 0xE7F8, 0xE7F8, 0xE7F8, 0xE7F8, 0xE7F8, 0xE7F8, 0xE7F8, 0xE7F8,
    0xE7F8, 0xE7F8, 0xE7F8, 0xE7F8, 0xE7F8, 0xE7F8, 0xE7F8, 0xE7F8, 0xE7F8, 0xE7F8, 0xE7F8, 0xE7F8, 0xE7F8, 0xE7F8, 0xD7D8, 0xE7F8,
    0xAF77, 0x86F6, 0x5676, 0x1DD5, 0x0DB4, 0x0DB4, 0x0DB4, 0x1DD5, 0x0DB4, 0x0DB4, 0x0DB4, 0x0DB4, 0x0DB4, 0x0DB4, 0x0DB4, 0x0DB4,
    0x0DB4, 0x0DB4, 0x0DB4, 0x0DB4, 0x0DB4, 0x0DB4, 0x0DB4, 0x4E57, 0x86DA, 0xE7BE, 0xFFFF, 0xFFFF, 0xFFFF, 0xFFFF, 0xFFFF, 0xFFFF,
    0xFFFF, 0xFFFF, 0xFFFF, 0xFFFF, 0xFFFF, 0xFFFF, 0xFFFF, 0xFFFF, 0xFFFF, 0xFFFF, 0xFFFF, 0xFFFF, 0xFFFF, 0xFFFF, 0xFFFF, 0xFFFF,
    0xFFFF, 0xFFFF, 0xFFFF, 0xFFFF, 0xFFFF, 0xFFFF, 0xFFFF, 0xFFFF, 0xF7DF, 0x2E16, 0x0DB4, 0x0DB4, 0x0DB4, 0x0DB4, 0x0DB4, 0x0DB4,
    0x0DB4, 0x0DB4, 0x2E15, 0xCFB8, 0xE7F8, 0xE7F8, 0xE7F8, 0xE7F8, 0xE7F8, 0xE7F8, 0xE7F8, 0xE7F8, 0xE7F8, 0xE7F8, 0xE7F8, 0xE7F8,
    0xE7F8, 0xE7F8, 0xE7F8, 0xE7F8, 0xE7F8, 0xE7F8, 0xE7F8, 0xE7F8, 0xE7F8, 0xE7F8, 0xE7F8, 0xE7F8, 0xE7F8, 0xE7F8, 0xE7F8, 0xE7F8,
    0xE7F8, 0xE7F8, 0xE7F8, 0xE7F8, 0xE7F8, 0xE7F8, 0xE7F8, 0xE7F8, 0xE7F8, 0xE7F8, 0xE7F8, 0xE7F8, 0xE7F8, 0xE7F8, 0xE7F8, 0xE7F8,
    0xE7F8, 0xE7F8, 0xE7F8, 0xE7F8, 0xE7F8, 0xE7F8, 0xE7F8, 0xE7F8, 0xE7F8, 0xE7F8, 0xE7F8, 0xE7F8, 0xE7F8, 0xE7F8, 0xE7F8, 0xE7F8,
    0xE7F8, 0xE7F8, 0xE7F8, 0xE7F8, 0xE7F8, 0xE7F8, 0xE7F8, 0xE7F8, 0xE7F8, 0xE7F8, 0xE7F8, 0xE7F8, 0xE7F8, 0xE7F8, 0xE7F8, 0xE7F8,
    0xE7F8, 0xE7F8, 0xE7F8, 0xE7F8, 0xE7F8, 0xE7F8, 0xE7F8, 0xE7F8, 0xE7F8, 0xE7F8, 0xE7F8, 0xE7F8, 0xE7F8, 0xE7F8, 0xE7F8, 0xE7F8,
    0xE7F8, 0xE7F8, 0xE7F8, 0xE7F8, 0xE7F8, 0xE7F8, 0xE7F8, 0xE7F8, 0xE7F8, 0xE7F8, 0xE7F8, 0xE7F8, 0xE7F8, 0xE7F8, 0xE7F8, 0xE7F8,
    0xE7F8, 0xE7F8, 0xE7F8, 0xE7F8, 0xE7F8, 0xE7F8, 0xE7F8, 0xE7F8, 0xE7F8, 0xE7F8, 0xE7F8, 0xE7F8, 0xE7F8, 0xE7F8, 0xE7F8, 0xE7F8,
    0xE7F8, 0xE7F8, 0xE7F8, 0xE7F8, 0xE7F8, 0xE7F8, 0xE7F8, 0xE7F8, 0xE7F8, 0xE7F8, 0xE7F8, 0xE7F8, 0xE7F8, 0xE7F8, 0xE7F8, 0xE7F8,
    0xE7F8, 0xE7F8, 0xE7F8, 0xE7F8, 0xE7F8, 0xE7F8, 0xE7F8, 0xE7F8, 0xE7F8, 0xE7F8, 0xE7F8, 0xE7F8, 0xE7F8, 0xE7F8, 0xE7F8, 0xE7F8,
    0xE7F8, 0xE7F8, 0xE7F8, 0xE7F8, 0xE7F8, 0xE7F8, 0xE7F8, 0xE7F8, 0xE7F8, 0xE7F8, 0xE7F8, 0xE7F8, 0xE7F8, 0xE7F8, 0xE7F8, 0xE7F8,
    0xE7F8, 0xE7F8, 0xE7F8, 0xE7F8, 0xE7F8, 0xE7F8, 0xE7F8, 0xE7F8, 0xE7F8, 0xE7F8, 0xE7F8, 0xE7F8, 0xE7F8, 0xE7F8, 0xE7F8, 0xE7F8,
    0xE7F8, 0xE7F8, 0xE7F8, 0xE7F8, 0xE7F8, 0xE7F8, 0xE7F8, 0xE7F8, 0xE7F8, 0xE7F8, 0xE7F8, 0xE7F8, 0xE7F8, 0xE7F8, 0xE7F8, 0xE7F8,
    0xE7F8, 0xE7F8, 0xE7F8, 0xE7F8, 0xE7F8, 0xE7F8, 0xE7F8, 0xE7F8, 0xE7F8, 0xE7F8, 0xE7F8, 0xE7F8, 0xE7F8, 0xE7F8, 0xE7F8, 0xE7F8,
    0xE7F8, 0xCFB8, 0x3635, 0x0DB4, 0x0DB4, 0x0DB4, 0x0DB4, 0xD7D8, 0xE7F8, 0xE7F8, 0xE7F8, 0xE7F8, 0xE7F8, 0xE7F8, 0xE7F8, 0xE7F8,
    0xE7F8, 0xE7F8, 0xE7F8, 0xE7F8, 0xE7F8, 0xE7F8, 0xE7F8, 0xE7F8, 0xE7F8, 0xE7F8, 0xCFB8, 0xBF97, 0x9737, 0x5E96, 0x3635, 0x1DD5,
    0x0DB4, 0x0DB4, 0x0DB4, 0x0DB4, 0x0DB4, 0x0DB4, 0x0DB4, 0x0DB4, 0x0DB4, 0x0DB4, 0x0DB4, 0x0DB4, 0x0DB4, 0x0DB4, 0x0DB4, 0x0DB4,
    0x0DB4, 0x0DB4, 0x0DB4, 0x1DD5, 0x6E98, 0xA73B, 0xD79D, 0xFFFF, 0xFFFF, 0xFFFF, 0xFFFF, 0xFFFF, 0xFFFF, 0xFFFF, 0xFFFF, 0xFFFF,
    0xFFFF, 0xFFFF, 0xFFFF, 0xFFFF, 0xFFFF, 0xFFFF, 0xFFFF, 0xFFFF, 0xFFFF, 0xFFFF, 0xFFFF, 0xFFFF, 0xFFFF, 0xFFFF, 0xFFFF, 0xFFFF,
    0xFFFF, 0xFFFF, 0xFFFF, 0xFFFF, 0xFFFF, 0xFFFF, 0xFFFF, 0xFFFF, 0xFFFF, 0xC77D, 0x0DB4, 0x0DB4, 0x0DB4, 0x0DB4, 0x0DB4, 0x0DB4,
    0x0DB4, 0x0DB4, 0x0DB4, 0x1DD5, 0xA757, 0xE7F8, 0xE7F8, 0xE7F8, 0xE7F8, 0xE7F8, 0xE7F8, 0xE7F8, 0xE7F8, 0xE7F8, 0xE7F8, 0xE7F8,
    0xE7F8, 0xE7F8, 0xE7F8, 0xE7F8, 0xE7F8, 0xE7F8, 0xE7F8, 0xE7F8, 0xE7F8, 0xE7F8, 0xE7F8, 0xE7F8, 0xE7F8, 0xE7F8, 0xE7F8, 0xE7F8,
    0xE7F8, 0xE7F8, 0xE7F8, 0xE7F8, 0xE7F8, 0xE7F8, 0xE7F8, 0xE7F8, 0xE7F8, 0xE7F8, 0xE7F8, 0xE7F8, 0xE7F8, 0xE7F8, 0xE7F8, 0xE7F8,
    0xE7F8, 0xE7F8, 0xE7F8, 0xE7F8, 0xE7F8, 0xE7F8, 0xE7F8, 0xE7F8, 0xE7F8, 0xE7F8, 0xE7F8, 0xE7F8, 0xE7F8, 0xE7F8, 0xE7F8, 0xE7F8,
    0xE7F8, 0xE7F8, 0xE7F8, 0xE7F8, 0xE7F8, 0xE7F8, 0xE7F8, 0xE7F8, 0xE7F8, 0xE7F8, 0xE7F8, 0xE7F8, 0xE7F8, 0xE7F8, 0xE7F8, 0xE7F8,
    0xE7F8, 0xE7F8, 0xE7F8, 0xE7F8, 0xE7F8, 0xE7F8, 0xE7F8, 0xE7F8, 0xE7F8, 0xE7F8, 0xE7F8, 0xE7F8, 0xE7F8, 0xE7F8, 0xE7F8, 0xE7F8,
    0xE7F8, 0xE7F8, 0xE7F8, 0xE7F8, 0xE7F8, 0xE7F8, 0xE7F8, 0xE7F8, 0xE7F8, 0xE7F8, 0xE7F8, 0xE7F8, 0xE7F8, 0xE7F8, 0xE7F8, 0xE7F8,
    0xE7F8, 0xE7F8, 0xE7F8, 0xE7F8, 0xE7F8, 0xE7F8, 0xE7F8, 0xE7F8, 0xE7F8, 0xE7F8, 0xE7F8, 0xE7F8, 0xE7F8, 0xE7F8, 0xE7F8, 0xE7F8,
    0xE7F8, 0xE7F8, 0xE7F8, 0xE7F8, 0xE7F8, 0xE7F8, 0xE7F8, 0xE7F8, 0xE7F8, 0xE7F8, 0xE7F8, 0xE7F8, 0xE7F8, 0xE7F8, 0xE7F8, 0xE7F8,
    0xE7F8, 0xE7F8, 0xE7F8, 0xE7F8, 0xE7F8, 0xE7F8, 0xE7F8, 0xE7F8, 0xE7F8, 0xE7F8, 0xE7F8, 0xE7F8, 0xE7F8, 0xE7F8, 0xE7F8, 0xE7F8,
    0xE7F8, 0xE7F8, 0xE7F8, 0xE7F8, 0xE7F8, 0xE7F8, 0xE7F8, 0xE7F8, 0xE7F8, 0xE7F8, 0xE7F8, 0xE7F8, 0xE7F8, 0xE7F8, 0xE7F8, 0xE7F8,
    0xE7F8, 0xE7F8, 0xE7F8, 0xE7F8, 0xE7F8, 0xE7F8, 0xE7F8, 0xE7F8, 0xE7F8, 0xE7F8, 0xE7F8, 0xE7F8, 0xE7F8, 0xE7F8, 0xE7F8, 0xE7F8,
    0xE7F8, 0xE7F8, 0xE7F8, 0xE7F8, 0xE7F8, 0xE7F8, 0xE7F8, 0xE7F8, 0xE7F8, 0xE7F8, 0xE7F8, 0xE7F8, 0xE7F8, 0xE7F8, 0xE7F8, 0xE7F8,
    0xE7F8, 0xE7F8, 0xE7F8, 0xE7F8, 0xE7F8, 0xE7F8, 0xE7F8, 0xE7F8, 0xE7F8, 0xE7F8, 0xE7F8, 0xE7F8, 0xE7F8, 0xE7F8, 0xE7F8, 0xE7F8,
    0xE7F8, 0xA757, 0x2E15, 0x0DB4, 0x0DB4, 0x0DB4, 0x0DB4, 0xAF77, 0xE7F8, 0xE7F8, 0xE7F8, 0xE7F8, 0xE7F8, 0xE7F8, 0xE7F8, 0xE7F8,
    0xE7F8, 0xE7F8, 0xE7F8, 0xE7F8, 0xE7F8, 0xD7D8, 0xCFB8, 0xA757, 0x5E96, 0x5676, 0x2E15, 0x0DB4, 0x0DB4, 0x0DB4, 0x0DB4, 0x0DB4,
    0x0DB4, 0x0DB4, 0x0DB4, 0x0DB4, 0x0DB4, 0x0DB4, 0x0DB4, 0x0DB4, 0x0DB4, 0x0DB4, 0x0DB4, 0x0DB4, 0x0DB4, 0x0DB4, 0x0DB4, 0x0DB4,
    0x4E57, 0x86DA, 0xC77D, 0xFFFF, 0xF7DF, 0xF7DF, 0xFFFF, 0xFFFF, 0xFFFF, 0xFFFF, 0xFFFF, 0xFFFF, 0xFFFF, 0xFFFF, 0xFFFF, 0xFFFF,
    0xFFFF, 0xFFFF, 0xFFFF, 0xFFFF, 0xFFFF, 0xFFFF, 0xFFFF, 0xFFFF, 0xFFFF, 0xFFFF, 0xFFFF, 0xFFFF, 0xFFFF, 0xFFFF, 0xFFFF, 0xFFFF,
    0xFFFF, 0xFFFF, 0xFFFF, 0xFFFF, 0xFFFF, 0xFFFF, 0xFFFF, 0xFFFF, 0xFFFF, 0xFFFF, 0x4E57, 0x0DB4, 0x0DB4, 0x0DB4, 0x0DB4, 0x0DB4,
    0x0DB4, 0x0DB4, 0x0DB4, 0x0DB4, 0x0DB4, 0x5E96, 0xCFB8, 0xE7F8, 0xE7F8, 0xE7F8, 0xE7F8, 0xE7F8, 0xE7F8, 0xE7F8, 0xE7F8, 0xE7F8,
    0xE7F8, 0xE7F8, 0xE7F8, 0xE7F8, 0xE7F8, 0xE7F8, 0xE7F8, 0xE7F8, 0xE7F8, 0xE7F8, 0xE7F8, 0xE7F8, 0xE7F8, 0xE7F8, 0xE7F8, 0xE7F8,
    0xE7F8, 0xE7F8, 0xE7F8, 0xE7F8, 0xE7F8, 0xE7F8, 0xE7F8, 0xE7F8, 0xE7F8, 0xE7F8, 0xE7F8, 0xE7F8, 0xE7F8, 0xE7F8, 0xE7F8, 0xE7F8,
    0xE7F8, 0xE7F8, 0xE7F8, 0xE7F8, 0xE7F8, 0xE7F8, 0xE7F8, 0xE7F8, 0xE7F8, 0xE7F8, 0xE7F8, 0xE7F8, 0xE7F8, 0xE7F8, 0xE7F8, 0xE7F8,
    0xE7F8, 0xE7F8, 0xE7F8, 0xE7F8, 0xE7F8, 0xE7F8, 0xE7F8, 0xE7F8, 0xE7F8, 0xE7F8, 0xE7F8, 0xE7F8, 0xE7F8, 0xE7F8, 0xE7F8, 0xE7F8,
    0xE7F8, 0xE7F8, 0xE7F8, 0xE7F8, 0xE7F8, 0xE7F8, 0xE7F8, 0xE7F8, 0xE7F8, 0xE7F8, 0xE7F8, 0xE7F8, 0xE7F8, 0xE7F8, 0xE7F8, 0xE7F8,
    0xE7F8, 0xE7F8, 0xE7F8, 0xE7F8, 0xE7F8, 0xE7F8, 0xE7F8, 0xE7F8, 0xE7F8, 0xE7F8, 0xE7F8, 0xE7F8, 0xE7F8, 0xE7F8, 0xE7F8, 0xE7F8,
    0xE7F8, 0xE7F8, 0xE7F8, 0xE7F8, 0xE7F8, 0xE7F8, 0xE7F8, 0xE7F8, 0xE7F8, 0xE7F8, 0xE7F8, 0xE7F8, 0xE7F8, 0xE7F8, 0xE7F8, 0xE7F8,
    0xE7F8, 0xE7F8, 0xE7F8, 0xE7F8, 0xE7F8, 0xE7F8, 0xE7F8, 0xE7F8, 0xE7F8, 0xE7F8, 0xE7F8, 0xE7F8, 0xE7F8, 0xE7F8, 0xE7F8, 0xE7F8,
    0xE7F8, 0xE7F8, 0xE7F8, 0xE7F8, 0xE7F8, 0xE7F8, 0xE7F8, 0xE7F8, 0xE7F8, 0xE7F8, 0xE7F8, 0xE7F8, 0xE7F8, 0xE7F8, 0xE7F8, 0xE7F8,
    0xE7F8, 0xE7F8, 0xE7F8, 0xE7F8, 0xE7F8, 0xE7F8, 0xE7F8, 0xE7F8, 0xE7F8, 0xE7F8, 0xE7F8, 0xE7F8, 0xE7F8, 0xE7F8, 0xE7F8, 0xE7F8,
    0xE7F8, 0xE7F8, 0xE7F8, 0xE7F8, 0xE7F8, 0xE7F8, 0xE7F8, 0xE7F8, 0xE7F8, 0xE7F8, 0xE7F8, 0xE7F8, 0xE7F8, 0xE7F8, 0xE7F8, 0xE7F8,
    0xE7F8, 0xE7F8, 0xE7F8, 0xE7F8, 0xCFB8, 0xD7D8, 0xE7F8, 0xE7F8, 0xE7F8, 0xE7F8, 0xE7F8, 0xE7F8, 0xE7F8, 0xE7F8, 0xE7F8, 0xE7F8,
    0xE7F8, 0xE7F8, 0xE7F8, 0xE7F8, 0xE7F8, 0xE7F8, 0xE7F8, 0xE7F8, 0xE7F8, 0xE7F8, 0xE7F8, 0xE7F8, 0xE7F8, 0xE7F8, 0xE7F8, 0xE7F8,
    0xE7F8, 0xCFB8, 0x1DD5, 0x0DB4, 0x0DB4, 0x0DB4, 0x0DB4, 0xAF77, 0xE7F8, 0xE7F8, 0xE7F8, 0xE7F8, 0xE7F8, 0xE7F8, 0xE7F8, 0xE7F8,
    0xE7F8, 0xCFB8, 0xA757, 0x7ED6, 0x5676, 0x3635, 0x1DD5, 0x0DB4, 0x0DB4, 0x0DB4, 0x0DB4, 0x0DB4, 0x0DB4, 0x0DB4, 0x0DB4, 0x0DB4,
    0x0DB4, 0x0DB4, 0x0DB4, 0x0DB4, 0x0DB4, 0x0DB4, 0x0DB4, 0x0DB4, 0x0DB4, 0x0DB4, 0x0DB4, 0x0DB4, 0x2E16, 0x4E57, 0xB75C, 0xE7BE,
    0xF7DF, 0xFFFF, 0xFFFF, 0xFFFF, 0xFFFF, 0xFFFF, 0xFFFF, 0xFFFF, 0xFFFF, 0xFFFF, 0xFFFF, 0xFFFF, 0xFFFF, 0xFFFF, 0xFFFF, 0xFFFF,
    0xFFFF, 0xFFFF, 0xFFFF, 0xFFFF, 0xFFFF, 0xFFFF, 0xFFFF, 0xFFFF, 0xFFFF, 0xFFFF, 0xFFFF, 0xFFFF, 0xFFFF, 0xFFFF, 0xFFFF, 0xFFFF,
    0xFFFF, 0xFFFF, 0xFFFF, 0xFFFF, 0xFFFF, 0xFFFF, 0xFFFF, 0xFFFF, 0xFFFF, 0xFFFF, 0xFFFF, 0x86DA, 0x0DB4, 0x0DB4, 0x0DB4, 0x0DB4,
    0x0DB4, 0x0DB4, 0x0DB4, 0x0DB4, 0x0DB4, 0x0DB4, 0x2E15, 0x7ED6, 0xCFB8, 0xE7F8, 0xE7F8, 0xE7F8, 0xE7F8, 0xE7F8, 0xE7F8, 0xE7F8,
    0xE7F8, 0xE7F8, 0xE7F8, 0xE7F8, 0xE7F8, 0xE7F8, 0xE7F8, 0xE7F8, 0xE7F8, 0xE7F8, 0xE7F8, 0xE7F8, 0xE7F8, 0xE7F8, 0xE7F8, 0xE7F8,
    0xE7F8, 0xE7F8, 0xE7F8, 0xE7F8, 0xE7F8, 0xE7F8, 0xE7F8, 0xE7F8, 0xE7F8, 0xE7F8, 0xE7F8, 0xE7F8, 0xE7F8, 0xE7F8, 0xE7F8, 0xE7F8,
    0xE7F8, 0xE7F8, 0xE7F8, 0xE7F8, 0xE7F8, 0xE7F8, 0xE7F8, 0xE7F8, 0xE7F8, 0xE7F8, 0xE7F8, 0xE7F8, 0xE7F8, 0xE7F8, 0xE7F8, 0xE7F8,
    0xE7F8, 0xE7F8, 0xE7F8, 0xE7F8, 0xE7F8, 0xE7F8, 0xE7F8, 0xE7F8, 0xE7F8, 0xE7F8, 0xE7F8, 0xE7F8, 0xE7F8, 0xE7F8, 0xE7F8, 0xE7F8,
    0xE7F8, 0xE7F8, 0xE7F8, 0xE7F8, 0xE7F8, 0xE7F8, 0xE7F8, 0xE7F8, 0xE7F8, 0xE7F8, 0xE7F8, 0xE7F8, 0xE7F8, 0xE7F8, 0xE7F8, 0xE7F8,
    0xE7F8, 0xE7F8, 0xE7F8, 0xE7F8, 0xE7F8, 0xE7F8, 0xE7F8, 0xE7F8, 0xE7F8, 0xE7F8, 0xE7F8, 0xE7F8, 0xE7F8, 0xE7F8, 0xE7F8, 0xE7F8,
    0xE7F8, 0xE7F8, 0xE7F8, 0xE7F8, 0xE7F8, 0xE7F8, 0xE7F8, 0xE7F8, 0xE7F8, 0xE7F8, 0xE7F8, 0xE7F8, 0xE7F8, 0xE7F8, 0xE7F8, 0xE7F8,
    0xE7F8, 0xE7F8, 0xE7F8, 0xE7F8, 0xE7F8, 0xE7F8, 0xE7F8, 0xE7F8, 0xE7F8, 0xE7F8, 0xE7F8, 0xE7F8, 0xE7F8, 0xE7F8, 0xE7F8, 0xE7F8,
    0xE7F8, 0xE7F8, 0xE7F8, 0xE7F8, 0xE7F8, 0xE7F8, 0xE7F8, 0xE7F8, 0xE7F8, 0xE7F8, 0xE7F8, 0xE7F8, 0xE7F8, 0xE7F8, 0xE7F8, 0xE7F8,
    0xE7F8, 0xE7F8, 0xE7F8, 0xE7F8, 0xE7F8, 0xE7F8, 0xE7F8, 0xE7F8, 0xE7F8, 0xE7F8, 0xE7F8, 0xE7F8, 0xE7F8, 0xE7F8, 0xE7F8, 0xE7F8,
    0xE7F8, 0xE7F8, 0xE7F8, 0xE7F8, 0xE7F8, 0xE7F8, 0xE7F8, 0xE7F8, 0xE7F8, 0xE7F8, 0xE7F8, 0xE7F8, 0xE7F8, 0xE7F8, 0xE7F8, 0xE7F8,
    0xE7F8, 0xE7F8, 0xE7F8, 0xE7F8, 0xE7F8, 0xE7F8, 0xAF77, 0xD7D8, 0xE7F8, 0xE7F8, 0xE7F8, 0xE7F8, 0xE7F8, 0xE7F8, 0xE7F8, 0xE7F8,
    0xE7F8, 0xE7F8, 0xE7F8, 0xE7F8, 0xE7F8, 0xE7F8, 0xE7F8, 0xE7F8, 0xE7F8, 0xE7F8, 0xE7F8, 0xE7F8, 0xE7F8, 0xE7F8, 0xE7F8, 0xE7F8,
    0xE7F8, 0xAF77, 0x1DD5, 0x0DB4, 0x0DB4, 0x0DB4, 0x0DB4, 0xBF97, 0xE7F8, 0xE7F8, 0xE7F8, 0xD7D8, 0xCFB8, 0xBF97, 0x7ED6, 0x4655,
    0x3635, 0x1DD5, 0x0DB4, 0x0DB4, 0x0DB4, 0x0DB4, 0x0DB4, 0x0DB4, 0x0DB4, 0x0DB4, 0x0DB4, 0x0DB4, 0x0DB4, 0x0DB4, 0x0DB4, 0x0DB4,
    0x0DB4, 0x0DB4, 0x0DB4, 0x0DB4, 0x0DB4, 0x0DB4, 0x0DB4, 0x0DB4, 0x1DD5, 0x1DD5, 0x86DA, 0xC77D, 0xD79D, 0xF7DF, 0xFFFF, 0xFFFF,
    0xFFFF, 0xFFFF, 0xFFFF, 0xFFFF, 0xFFFF, 0xFFFF, 0xFFFF, 0xFFFF, 0xFFFF, 0xFFFF, 0xFFFF, 0xFFFF, 0xFFFF, 0xFFFF, 0xFFFF, 0xFFFF,
    0xFFFF, 0xFFFF, 0xFFFF, 0xFFFF, 0xFFFF, 0xFFFF, 0xFFFF, 0xFFFF, 0xFFFF, 0xFFFF, 0xFFFF, 0xFFFF, 0xFFFF, 0xFFFF, 0xFFFF, 0xFFFF,
    0xFFFF, 0xFFFF, 0xFFFF, 0xFFFF, 0xFFFF, 0xFFFF, 0xFFFF, 0xFFFF, 0xFFFF, 0xFFFF, 0xFFFF, 0xFFFF, 0x86DA, 0x0DB4, 0x0DB4, 0x0DB4,
    0x0DB4, 0x0DB4, 0x0DB4, 0x0DB4, 0x0DB4, 0x0DB4, 0x0DB4, 0x0DB4, 0x0DB4, 0x5E96, 0x9737, 0xE7F8, 0xE7F8, 0xE7F8, 0xE7F8, 0xE7F8,
    0xE7F8, 0xE7F8, 0xE7F8, 0xE7F8, 0xE7F8, 0xE7F8, 0xE7F8, 0xE7F8, 0xE7F8, 0xE7F8, 0xE7F8, 0xE7F8, 0xE7F8, 0xE7F8, 0xE7F8, 0xE7F8,
    0xE7F8, 0xE7F8, 0xE7F8, 0xE7F8, 0xE7F8, 0xE7F8, 0xE7F8, 0xE7F8, 0xE7F8, 0xE7F8, 0xE7F8, 0xE7F8, 0xE7F8, 0xE7F8, 0xE7F8, 0xE7F8,
    0xE7F8, 0xE7F8, 0xE7F8, 0xE7F8, 0xE7F8, 0xE7F8, 0xE7F8, 0xE7F8, 0xE7F8, 0xE7F8, 0xE7F8, 0xE7F8, 0xE7F8, 0xE7F8, 0xE7F8, 0xE7F8,
    0xE7F8, 0xE7F8, 0xE7F8, 0xE7F8, 0xE7F8, 0xE7F8, 0xE7F8, 0xE7F8, 0xE7F8, 0xE7F8, 0xE7F8, 0xE7F8, 0xE7F8, 0xE7F8, 0xE7F8, 0xE7F8,
    0xE7F8, 0xE7F8, 0xE7F8, 0xE7F8, 0xE7F8, 0xE7F8, 0xE7F8, 0xE7F8, 0xE7F8, 0xE7F8, 0xE7F8, 0xE7F8, 0xE7F8, 0xE7F8, 0xE7F8, 0xE7F8,
    0xE7F8, 0xE7F8, 0xE7F8, 0xE7F8, 0xE7F8, 0xE7F8, 0xE7F8, 0xE7F8, 0xE7F8, 0xE7F8, 0xE7F8, 0xE7F8, 0xE7F8, 0xE7F8, 0xE7F8, 0xE7F8,
    0xE7F8, 0xE7F8, 0xE7F8, 0xE7F8, 0xE7F8, 0xE7F8, 0xE7F8, 0xE7F8, 0xE7F8, 0xE7F8, 0xE7F8, 0xE7F8, 0xE7F8, 0xE7F8, 0xE7F8, 0xE7F8,
    0xE7F8, 0xE7F8, 0xE7F8, 0xE7F8, 0xE7F8, 0xE7F8, 0xE7F8, 0xE7F8, 0xE7F8, 0xE7F8, 0xE7F8, 0xE7F8, 0xE7F8, 0xE7F8, 0xE7F8, 0xE7F8,
    0xE7F8, 0xE7F8, 0xE7F8, 0xE7F8, 0xE7F8, 0xE7F8, 0xE7F8, 0xE7F8, 0xE7F8, 0xE7F8, 0xE7F8, 0xE7F8, 0xE7F8, 0xE7F8, 0xE7F8, 0xE7F8,
    0xE7F8, 0xE7F8, 0xE7F8, 0xE7F8, 0xE7F8, 0xE7F8, 0xE7F8, 0xE7F8, 0xE7F8, 0xE7F8, 0xE7F8, 0xE7F8, 0xE7F8, 0xE7F8, 0xE7F8, 0xE7F8,
    0xE7F8, 0xE7F8, 0xE7F8, 0xE7F8, 0xE7F8, 0xE7F8, 0xE7F8, 0xE7F8, 0xE7F8, 0xE7F8, 0xE7F8, 0xE7F8, 0xE7F8, 0xE7F8, 0xE7F8, 0xE7F8,
    0xE7F8, 0xE7F8, 0xE7F8, 0xCFB8, 0xE7F8, 0xD7D8, 0x9737, 0xBF97, 0xD7D8, 0xD7D8, 0xE7F8, 0xE7F8, 0xE7F8, 0xE7F8, 0xE7F8, 0xE7F8,
    0xE7F8, 0xE7F8, 0xE7F8, 0xE7F8, 0xE7F8, 0xE7F8, 0xE7F8, 0xE7F8, 0xE7F8, 0xE7F8, 0xE7F8, 0xE7F8, 0xE7F8, 0xE7F8, 0xE7F8, 0xE7F8,
    0xE7F8, 0x5E96, 0x0DB4, 0x0DB4, 0x0DB4, 0x0DB4, 0x0DB4, 0x6EB6, 0xAF77, 0x7ED6, 0x4655, 0x2E15, 0x1DD5, 0x0DB4, 0x0DB4, 0x0DB4,
    0x0DB4, 0x0DB4, 0x0DB4, 0x0DB4, 0x0DB4, 0x0DB4, 0x0DB4, 0x0DB4, 0x0DB4, 0x0DB4, 0x0DB4, 0x0DB4, 0x0DB4, 0x0DB4, 0x0DB4, 0x0DB4,
    0x0DB4, 0x0DB4, 0x0DB4, 0x0DB4, 0x1DD5, 0x4E57, 0x86DA, 0x96FB, 0xD79D, 0xC77D, 0xF7DF, 0xFFFF, 0xFFFF, 0xFFFF, 0xFFFF, 0xFFFF,
    0xFFFF, 0xFFFF, 0xFFFF, 0xFFFF, 0xFFFF, 0xFFFF, 0xFFFF, 0xFFFF, 0xFFFF, 0xFFFF, 0xFFFF, 0xFFFF, 0xFFFF, 0xFFFF, 0xFFFF, 0xFFFF,
    0xFFFF, 0xFFFF, 0xFFFF, 0xFFFF, 0xFFFF, 0xFFFF, 0xFFFF, 0xFFFF, 0xFFFF, 0xFFFF, 0xFFFF, 0xFFFF, 0xFFFF, 0xFFFF, 0xFFFF, 0xFFFF,
    0xFFFF, 0xFFFF, 0xFFFF, 0xFFFF, 0xFFFF, 0xFFFF, 0xFFFF, 0xFFFF, 0xFFFF, 0xFFFF, 0xFFFF, 0xFFFF, 0xFFFF, 0x86DA, 0x0DB4, 0x0DB4,
    0x0DB4, 0x0DB4, 0x0DB4, 0x0DB4, 0x0DB4, 0x0DB4, 0x0DB4, 0x0DB4, 0x0DB4, 0x0DB4, 0x0DB4, 0x3635, 0x9737, 0xCFB8, 0xE7F8, 0xE7F8,
    0xE7F8, 0xE7F8, 0xE7F8, 0xE7F8, 0xE7F8, 0xE7F8, 0xE7F8, 0xE7F8, 0xE7F8, 0xE7F8, 0xE7F8, 0xE7F8, 0xE7F8, 0xE7F8, 0xE7F8, 0xE7F8,
    0xE7F8, 0xE7F8, 0xE7F8, 0xE7F8, 0xE7F8, 0xE7F8, 0xE7F8, 0xE7F8, 0xE7F8, 0xE7F8, 0xE7F8, 0xE7F8, 0xE7F8, 0xE7F8, 0xE7F8, 0xE7F8,
    0xE7F8, 0xE7F8, 0xE7F8, 0xE7F8, 0xE7F8, 0xE7F8, 0xE7F8, 0xE7F8, 0xE7F8, 0xE7F8, 0xE7F8, 0xE7F8, 0xE7F8, 0xE7F8, 0xE7F8, 0xE7F8,
    0xE7F8, 0xE7F8, 0xE7F8, 0xE7F8, 0xE7F8, 0xE7F8, 0xE7F8, 0xE7F8, 0xE7F8, 0xE7F8, 0xE7F8, 0xE7F8, 0xE7F8, 0xE7F8, 0xE7F8, 0xE7F8,
    0xE7F8, 0xE7F8, 0xE7F8, 0xE7F8, 0xE7F8, 0xE7F8, 0xE7F8, 0xE7F8, 0xE7F8, 0xE7F8, 0xE7F8, 0xE7F8, 0xE7F8, 0xE7F8, 0xE7F8, 0xE7F8,
    0xE7F8, 0xE7F8, 0xE7F8, 0xE7F8, 0xE7F8, 0xE7F8, 0xE7F8, 0xE7F8, 0xE7F8, 0xE7F8, 0xE7F8, 0xE7F8, 0xE7F8, 0xE7F8, 0xE7F8, 0xE7F8,
    0xE7F8, 0xE7F8, 0xE7F8, 0xE7F8, 0xE7F8, 0xE7F8, 0xE7F8, 0xE7F8, 0xE7F8, 0xE7F8, 0xE7F8, 0xE7F8, 0xE7F8, 0xE7F8, 0xE7F8, 0xE7F8,
    0xE7F8, 0xE7F8, 0xE7F8, 0xE7F8, 0xE7F8, 0xE7F8, 0xE7F8, 0xE7F8, 0xE7F8, 0xE7F8, 0xE7F8, 0xE7F8, 0xE7F8, 0xE7F8, 0xE7F8, 0xE7F8,
    0xE7F8, 0xE7F8, 0xE7F8, 0xE7F8, 0xE7F8, 0xE7F8, 0xE7F8, 0xE7F8, 0xE7F8, 0xE7F8, 0xE7F8, 0xE7F8, 0xE7F8, 0xE7F8, 0xE7F8, 0xE7F8,
    0xE7F8, 0xE7F8, 0xE7F8, 0xE7F8, 0xE7F8, 0xE7F8, 0xE7F8, 0xE7F8, 0xE7F8, 0xE7F8, 0xE7F8, 0xE7F8, 0xE7F8, 0xE7F8, 0xE7F8, 0xE7F8,
    0xE7F8, 0xE7F8, 0xE7F8, 0xE7F8, 0xE7F8, 0xE7F8, 0xE7F8, 0xE7F8, 0xE7F8, 0xE7F8, 0xE7F8, 0xE7F8, 0xE7F8, 0xE7F8, 0xE7F8, 0xE7F8,
    0xE7F8, 0xE7F8, 0xE7F8, 0xE7F8, 0xE7F8, 0xCFB8, 0x9737, 0x5675, 0x4655, 0xA757, 0xAF77, 0xE7F8, 0xE7F8, 0xE7F8, 0xE7F8, 0xE7F8,
    0xE7F8, 0xE7F8, 0xE7F8, 0xE7F8, 0xE7F8, 0xE7F8, 0xE7F8, 0xE7F8, 0xE7F8, 0xE7F8, 0xE7F8, 0xE7F8, 0xE7F8, 0xE7F8, 0xE7F8, 0xE7F8,
    0xE7F8, 0x6EB6, 0x0DB4, 0x0DB4, 0x0DB4, 0x0DB4, 0x0DB4, 0x0DB4, 0x0DB4, 0x0DB4, 0x0DB4, 0x0DB4, 0x0DB4, 0x0DB4, 0x0DB4, 0x0DB4,
    0x0DB4, 0x0DB4, 0x0DB4, 0x0DB4, 0x0DB4, 0x0DB4, 0x0DB4, 0x0DB4, 0x0DB4, 0x0DB4, 0x0DB4, 0x0DB4, 0x0DB4, 0x0DB4, 0x0DB4, 0x0DB4,
    0x2E16, 0x2E16, 0x5E78, 0x96FB, 0xC77D, 0xC77D, 0xD79D, 0xFFFF, 0xFFFF, 0xFFFF, 0xFFFF, 0xFFFF, 0xFFFF, 0xFFFF, 0xFFFF, 0xFFFF,
    0xFFFF, 0xFFFF, 0xFFFF, 0xFFFF, 0xFFFF, 0xFFFF, 0xFFFF, 0xFFFF, 0xFFFF, 0xFFFF, 0xFFFF, 0xFFFF, 0xFFFF, 0xFFFF, 0xFFFF, 0xFFFF,
    0xFFFF, 0xFFFF, 0xFFFF, 0xFFFF, 0xFFFF, 0xFFFF, 0xFFFF, 0xFFFF, 0xFFFF, 0xFFFF, 0xFFFF, 0xFFFF, 0xFFFF, 0xFFFF, 0xFFFF, 0xFFFF,
    0xFFFF, 0xFFFF, 0xFFFF, 0xFFFF, 0xFFFF, 0xFFFF, 0xFFFF, 0xFFFF, 0xFFFF, 0xFFFF, 0xFFFF, 0xFFFF, 0xFFFF, 0xFFFF, 0xB75C, 0x1DD5,
    0x0DB4, 0x0DB4, 0x0DB4, 0x0DB4, 0x0DB4, 0x0DB4, 0x0DB4, 0x0DB4, 0x0DB4, 0x0DB4, 0x0DB4, 0x0DB4, 0x0DB4, 0x1DD5, 0x3635, 0x7ED6,
    0xCFB8, 0xE7F8, 0xE7F8, 0xE7F8, 0xE7F8, 0xE7F8, 0xE7F8, 0xE7F8, 0xE7F8, 0xE7F8, 0xE7F8, 0xE7F8, 0xE7F8, 0xE7F8, 0xE7F8, 0xE7F8,
    0xE7F8, 0xE7F8, 0xE7F8, 0xE7F8, 0xE7F8, 0xE7F8, 0xE7F8, 0xE7F8, 0xE7F8, 0xE7F8, 0xE7F8, 0xE7F8, 0xE7F8, 0xE7F8, 0xE7F8, 0xE7F8,
    0xE7F8, 0xE7F8, 0xE7F8, 0xE7F8, 0xE7F8, 0xE7F8, 0xE7F8, 0xE7F8, 0xE7F8, 0xE7F8, 0xE7F8, 0xE7F8, 0xE7F8, 0xE7F8, 0xE7F8, 0xE7F8,
    0xE7F8, 0xE7F8, 0xE7F8, 0xE7F8, 0xE7F8, 0xE7F8, 0xE7F8, 0xE7F8, 0xE7F8, 0xE7F8, 0xE7F8, 0xE7F8, 0xE7F8, 0xE7F8, 0xE7F8, 0xE7F8,
    0xE7F8, 0xE7F8, 0xE7F8, 0xE7F8, 0xE7F8, 0xE7F8, 0xE7F8, 0xE7F8, 0xE7F8, 0xE7F8, 0xE7F8, 0xE7F8, 0xE7F8, 0xE7F8, 0xE7F8, 0xE7F8,
    0xE7F8, 0xE7F8, 0xE7F8, 0xE7F8, 0xE7F8, 0xE7F8, 0xE7F8, 0xE7F8, 0xE7F8, 0xE7F8, 0xE7F8, 0xE7F8, 0xE7F8, 0xE7F8, 0xE7F8, 0xE7F8,
    0xE7F8, 0xE7F8, 0xE7F8, 0xE7F8, 0xE7F8, 0xE7F8, 0xE7F8, 0xE7F8, 0xE7F8, 0xE7F8, 0xE7F8, 0xE7F8, 0xE7F8, 0xE7F8, 0xE7F8, 0xE7F8,
    0xE7F8, 0xE7F8, 0xE7F8, 0xE7F8, 0xE7F8, 0xE7F8, 0xE7F8, 0xE7F8, 0xE7F8, 0xE7F8, 0xE7F8, 0xE7F8, 0xE7F8, 0xE7F8, 0xE7F8, 0xE7F8,
    0xE7F8, 0xE7F8, 0xE7F8, 0xE7F8, 0xE7F8, 0xE7F8, 0xE7F8, 0xE7F8, 0xE7F8, 0xE7F8, 0xE7F8, 0xE7F8, 0xE7F8, 0xE7F8, 0xE7F8, 0xE7F8,
    0xE7F8, 0xE7F8, 0xE7F8, 0xE7F8, 0xE7F8, 0xE7F8, 0xE7F8, 0xE7F8, 0xE7F8, 0xE7F8, 0xE7F8, 0xE7F8, 0xE7F8, 0xE7F8, 0xE7F8, 0xE7F8,
    0xE7F8, 0xE7F8, 0xE7F8, 0xE7F8, 0xE7F8, 0xE7F8, 0xE7F8, 0xE7F8, 0xE7F8, 0xE7F8, 0xE7F8, 0xE7F8, 0xE7F8, 0xE7F8, 0xE7F8, 0xE7F8,
    0xE7F8, 0xE7F8, 0xE7F8, 0xE7F8, 0xE7F8, 0xA757, 0x3635, 0x0DB4, 0x0DB4, 0x0DB4, 0x3635, 0x9737, 0xE7F8, 0xE7F8, 0xE7F8, 0xE7F8,
    0xE7F8, 0xE7F8, 0xE7F8, 0xE7F8, 0xE7F8, 0xE7F8, 0xE7F8, 0xE7F8, 0xE7F8, 0xE7F8, 0xE7F8, 0xE7F8, 0xCFB8, 0xAF77, 0x9737, 0x5E96,
    0x3635, 0x1DD5, 0x0DB4, 0x0DB4, 0x0DB4, 0x0DB4, 0x0DB4, 0x0DB4, 0x0DB4, 0x0DB4, 0x0DB4, 0x0DB4, 0x0DB4, 0x0DB4, 0x0DB4, 0x0DB4,
    0x0DB4, 0x0DB4, 0x0DB4, 0x0DB4, 0x0DB4, 0x0DB4, 0x0DB4, 0x0DB4, 0x0DB4, 0x0DB4, 0x0DB4, 0x0DB4, 0x0DB4, 0x0DB4, 0x1DD5, 0x86DA,
    0x96FB, 0xD79D, 0xFFFF, 0xFFFF, 0xFFFF, 0xFFFF, 0xFFFF, 0xFFFF, 0xFFFF, 0xFFFF, 0xFFFF, 0xFFFF, 0xFFFF, 0xFFFF, 0xFFFF, 0xFFFF,
    0xFFFF, 0xFFFF, 0xFFFF, 0xFFFF, 0xFFFF, 0xFFFF, 0xFFFF, 0xFFFF, 0xFFFF, 0xFFFF, 0xFFFF, 0xFFFF, 0xFFFF, 0xFFFF, 0xFFFF, 0xFFFF,
    0xFFFF, 0xFFFF, 0xFFFF, 0xFFFF, 0xFFFF, 0xFFFF, 0xFFFF, 0xFFFF, 0xFFFF, 0xFFFF, 0xFFFF, 0xFFFF, 0xFFFF, 0xFFFF, 0xFFFF, 0xFFFF,
    0xFFFF, 0xFFFF, 0xFFFF, 0xFFFF, 0xFFFF, 0xFFFF, 0xFFFF, 0xFFFF, 0xFFFF, 0xFFFF, 0xFFFF, 0xFFFF, 0xFFFF, 0xFFFF, 0xFFFF, 0xD79D,
    0x1DD5, 0x0DB4, 0x0DB4, 0x0DB4, 0x0DB4, 0x0DB4, 0x0DB4, 0x0DB4, 0x0DB4, 0x0DB4, 0x0DB4, 0x0DB4, 0x0DB4, 0x0DB4, 0x0DB4, 0x0DB4,
    0x0DB4, 0x5676, 0xA757, 0xD7D8, 0xE7F8, 0xE7F8, 0xE7F8, 0xE7F8, 0xE7F8, 0xE7F8, 0xE7F8, 0xE7F8, 0xE7F8, 0xE7F8, 0xE7F8, 0xE7F8,
    0xE7F8, 0xE7F8, 0xE7F8, 0xE7F8, 0xE7F8, 0xE7F8, 0xE7F8, 0xE7F8, 0xE7F8, 0xE7F8, 0xE7F8, 0xE7F8, 0xE7F8, 0xE7F8, 0xE7F8, 0xE7F8,
    0xE7F8, 0xE7F8, 0xE7F8, 0xE7F8, 0xE7F8, 0xE7F8, 0xE7F8, 0xE7F8, 0xE7F8, 0xE7F8, 0xE7F8, 0xE7F8, 0xE7F8, 0xE7F8, 0xE7F8, 0xE7F8,
    0xE7F8, 0xE7F8, 0xE7F8, 0xE7F8, 0xE7F8, 0xE7F8, 0xE7F8, 0xE7F8, 0xE7F8, 0xE7F8, 0xE7F8, 0xE7F8, 0xE7F8, 0xE7F8, 0xE7F8, 0xE7F8,
    0xE7F8, 0xE7F8, 0xE7F8, 0xE7F8, 0xE7F8, 0xE7F8, 0xE7F8, 0xE7F8, 0xE7F8, 0xE7F8, 0xE7F8, 0xE7F8, 0xE7F8, 0xE7F8, 0xE7F8, 0xE7F8,
    0xE7F8, 0xE7F8, 0xE7F8, 0xE7F8, 0xE7F8, 0xE7F8, 0xE7F8, 0xE7F8, 0xE7F8, 0xE7F8, 0xE7F8, 0xE7F8, 0xE7F8, 0xE7F8, 0xE7F8, 0xE7F8,
    0xE7F8, 0xE7F8, 0xE7F8, 0xE7F8, 0xE7F8, 0xE7F8, 0xE7F8, 0xE7F8, 0xE7F8, 0xE7F8, 0xE7F8, 0xE7F8, 0xE7F8, 0xE7F8, 0xE7F8, 0xE7F8,
    0xE7F8, 0xE7F8, 0xE7F8, 0xE7F8, 0xE7F8, 0xE7F8, 0xE7F8, 0xE7F8, 0xE7F8, 0xE7F8, 0xE7F8, 0xE7F8, 0xE7F8, 0xE7F8, 0xE7F8, 0xE7F8,
    0xE7F8, 0xE7F8, 0xE7F8, 0xE7F8, 0xE7F8, 0xE7F8, 0xE7F8, 0xE7F8, 0xE7F8, 0xE7F8, 0xE7F8, 0xE7F8, 0xE7F8, 0xE7F8, 0xE7F8, 0xE7F8,
    0xE7F8, 0xE7F8, 0xE7F8, 0xE7F8, 0xE7F8, 0xE7F8, 0xE7F8, 0xE7F8, 0xE7F8, 0xE7F8, 0xE7F8, 0xE7F8, 0xE7F8, 0xE7F8, 0xE7F8, 0xE7F8,
    0xE7F8, 0xE7F8, 0xE7F8, 0xE7F8, 0xE7F8, 0xE7F8, 0xE7F8, 0xE7F8, 0xE7F8, 0xE7F8, 0xE7F8, 0xE7F8, 0xE7F8, 0xE7F8, 0xE7F8, 0xE7F8,
    0xE7F8, 0xE7F8, 0xE7F8, 0xE7F8, 0xD7D8, 0x6EB6, 0x0DB4, 0x0DB4, 0x0DB4, 0x0DB4, 0x0DB4, 0x0DB4, 0x5676, 0xE7F8, 0xE7F8, 0xE7F8,
    0xE7F8, 0xE7F8, 0xE7F8, 0xE7F8, 0xE7F8, 0xCFB8, 0xA757, 0x9737, 0x9737, 0x6EB6, 0x6EB6, 0x1DD5, 0x0DB4, 0x0DB4, 0x0DB4, 0x0DB4,
    0x0DB4, 0x0DB4, 0x0DB4, 0x0DB4, 0x0DB4, 0x0DB4, 0x0DB4, 0x0DB4, 0x0DB4, 0x0DB4, 0x0DB4, 0x0DB4, 0x0DB4, 0x0DB4, 0x0DB4, 0x0DB4,
    0x0DB4, 0x0DB4, 0x0DB4, 0x0DB4, 0x0DB4, 0x0DB4, 0x0DB4, 0x0DB4, 0x0DB4, 0x0DB4, 0x1DD5, 0x4E57, 0x96FB, 0xC77D, 0xFFFF, 0xFFFF,
    0xFFFF, 0xFFFF, 0xFFFF, 0xFFFF, 0xFFFF, 0xFFFF, 0xFFFF, 0xFFFF, 0xFFFF, 0xFFFF, 0xFFFF, 0xFFFF, 0xFFFF, 0xFFFF, 0xFFFF, 0xFFFF,
    0xFFFF, 0xFFFF, 0xFFFF, 0xFFFF, 0xFFFF, 0xFFFF, 0xFFFF, 0xFFFF, 0xFFFF, 0xFFFF, 0xFFFF, 0xFFFF, 0xFFFF, 0xFFFF, 0xFFFF, 0xFFFF,
    0xFFFF, 0xFFFF, 0xFFFF, 0xFFFF, 0xFFFF, 0xFFFF, 0xFFFF, 0xFFFF, 0xFFFF, 0xFFFF, 0xFFFF, 0xFFFF, 0xFFFF, 0xFFFF, 0xFFFF, 0xFFFF,
    0xFFFF, 0xFFFF, 0xFFFF, 0xFFFF, 0xFFFF, 0xFFFF, 0xFFFF, 0xFFFF, 0xFFFF, 0xFFFF, 0xFFFF, 0xFFFF, 0xFFFF, 0xFFFF, 0xFFFF, 0xFFFF,
    0xB75C, 0x6E98, 0x0DB4, 0x0DB4, 0x0DB4, 0x0DB4, 0x0DB4, 0x0DB4, 0x0DB4, 0x0DB4, 0x0DB4, 0x0DB4, 0x0DB4, 0x0DB4, 0x0DB4, 0x0DB4,
    0x0DB4, 0x0DB4, 0x0DB4, 0x0DB4, 0x4655, 0x86F6, 0xBF97, 0xE7F8, 0xE7F8, 0xE7F8, 0xE7F8, 0xE7F8, 0xE7F8, 0xE7F8, 0xE7F8, 0xE7F8,
    0xE7F8, 0xE7F8, 0xE7F8, 0xE7F8, 0xE7F8, 0xE7F8, 0xE7F8, 0xE7F8, 0xE7F8, 0xE7F8, 0xE7F8, 0xE7F8, 0xE7F8, 0xE7F8, 0xE7F8, 0xE7F8,
    0xE7F8, 0xE7F8, 0xE7F8, 0xE7F8, 0xE7F8, 0xE7F8, 0xE7F8, 0xE7F8, 0xE7F8, 0xE7F8, 0xE7F8, 0xE7F8, 0xE7F8, 0xE7F8, 0xE7F8, 0xE7F8,
    0xE7F8, 0xE7F8, 0xE7F8, 0xE7F8, 0xE7F8, 0xE7F8, 0xE7F8, 0xE7F8, 0xE7F8, 0xE7F8, 0xE7F8, 0xE7F8, 0xE7F8, 0xE7F8, 0xE7F8, 0xE7F8,
    0xE7F8, 0xE7F8, 0xE7F8, 0xE7F8, 0xE7F8, 0xE7F8, 0xE7F8, 0xE7F8, 0xE7F8, 0xE7F8, 0xE7F8, 0xE7F8, 0xE7F8, 0xE7F8, 0xE7F8, 0xE7F8,
    0xE7F8, 0xE7F8, 0xE7F8, 0xE7F8, 0xE7F8, 0xE7F8, 0xE7F8, 0xE7F8, 0xE7F8, 0xE7F8, 0xE7F8, 0xE7F8, 0xE7F8, 0xE7F8, 0xE7F8, 0xE7F8,
    0xE7F8, 0xE7F8, 0xE7F8, 0xE7F8, 0xE7F8, 0xE7F8, 0xE7F8, 0xE7F8, 0xE7F8, 0xE7F8, 0xE7F8, 0xE7F8, 0xE7F8, 0xE7F8, 0xE7F8, 0xE7F8,
    0xE7F8, 0xE7F8, 0xE7F8, 0xE7F8, 0xE7F8, 0xE7F8, 0xE7F8, 0xE7F8, 0xE7F8, 0xE7F8, 0xE7F8, 0xE7F8, 0xE7F8, 0xE7F8, 0xE7F8, 0xE7F8,
    0xE7F8, 0xE7F8, 0xE7F8, 0xE7F8, 0xE7F8, 0xE7F8, 0xE7F8, 0xE7F8, 0xE7F8, 0xE7F8, 0xE7F8, 0xE7F8, 0xE7F8, 0xE7F8, 0xE7F8, 0xE7F8,
    0xE7F8, 0xE7F8, 0xE7F8, 0xE7F8, 0xE7F8, 0xE7F8, 0xE7F8, 0xE7F8, 0xE7F8, 0xE7F8, 0xE7F8, 0xE7F8, 0xE7F8, 0xE7F8, 0xE7F8, 0xE7F8,
    0xE7F8, 0xE7F8, 0xE7F8, 0xE7F8, 0xE7F8, 0xE7F8, 0xE7F8, 0xE7F8, 0xE7F8, 0xE7F8, 0xE7F8, 0xE7F8, 0xE7F8, 0xE7F8, 0xE7F8, 0xE7F8,
    0xE7F8, 0xE7F8, 0xE7F8, 0xE7F8, 0xE7F8, 0x1DD5, 0x0DB4, 0x0DB4, 0x0DB4, 0x0DB4, 0x0DB4, 0x0DB4, 0x0DB4, 0x6EB6, 0xD7D8, 0xD7D8,
    0xA757, 0x9737, 0x7ED6, 0x4655, 0x2E15, 0x1DD5, 0x0DB4, 0x0DB4, 0x0DB4, 0x0DB4, 0x0DB4, 0x0DB4, 0x0DB4, 0x0DB4, 0x0DB4, 0x0DB4,
    0x0DB4, 0x0DB4, 0x0DB4, 0x0DB4, 0x0DB4, 0x0DB4, 0x0DB4, 0x0DB4, 0x0DB4, 0x0DB4, 0x0DB4, 0x0DB4, 0x0DB4, 0x0DB4, 0x0DB4, 0x0DB4,
    0x0DB4, 0x0DB4, 0x0DB4, 0x1DD5, 0x0DB4, 0x0DB4, 0x4E57, 0x76B9, 0xB75C, 0xE7BE, 0xFFFF, 0xFFFF, 0xFFFF, 0xFFFF, 0xFFFF, 0xFFFF,
    0xFFFF, 0xFFFF, 0xFFFF, 0xFFFF, 0xFFFF, 0xFFFF, 0xFFFF, 0xFFFF, 0xFFFF, 0xFFFF, 0xFFFF, 0xFFFF, 0xFFFF, 0xFFFF, 0xFFFF, 0xFFFF,
    0xFFFF, 0xFFFF, 0xFFFF, 0xFFFF, 0xFFFF, 0xFFFF, 0xFFFF, 0xFFFF, 0xFFFF, 0xFFFF, 0xFFFF, 0xFFFF, 0xFFFF, 0xFFFF, 0xFFFF, 0xFFFF,
    0xFFFF, 0xFFFF, 0xFFFF, 0xFFFF, 0xFFFF, 0xFFFF, 0xFFFF, 0xFFFF, 0xFFFF, 0xFFFF, 0xFFFF, 0xFFFF, 0xFFFF, 0xFFFF, 0xFFFF, 0xFFFF,
    0xFFFF, 0xFFFF, 0xFFFF, 0xFFFF, 0xFFFF, 0xFFFF, 0xFFFF, 0xFFFF, 0xFFFF, 0xFFFF, 0xFFFF, 0xFFFF, 0xFFFF, 0xFFFF, 0xFFFF, 0xFFFF,
    0xFFFF, 0xF7DF, 0xC77D, 0x0DB4, 0x0DB4, 0x0DB4, 0x0DB4, 0x0DB4, 0x0DB4, 0x0DB4, 0x0DB4, 0x0DB4, 0x0DB4, 0x0DB4, 0x0DB4, 0x0DB4,
    0x0DB4, 0x0DB4, 0x0DB4, 0x0DB4, 0x0DB4, 0x0DB4, 0x0DB4, 0x2E15, 0x5E96, 0xA757, 0xD7D8, 0xE7F8, 0xE7F8, 0xE7F8, 0xE7F8, 0xE7F8,
    0xE7F8, 0xE7F8, 0xE7F8, 0xE7F8, 0xE7F8, 0xE7F8, 0xE7F8, 0xE7F8, 0xE7F8, 0xE7F8, 0xE7F8, 0xE7F8, 0xE7F8, 0xE7F8, 0xE7F8, 0xE7F8,
    0xE7F8, 0xE7F8, 0xE7F8, 0xE7F8, 0xE7F8, 0xE7F8, 0xE7F8, 0xE7F8, 0xE7F8, 0xE7F8, 0xE7F8, 0xE7F8, 0xE7F8, 0xE7F8, 0xE7F8, 0xE7F8,
    0xE7F8, 0xE7F8, 0xE7F8, 0xE7F8, 0xE7F8, 0xE7F8, 0xE7F8, 0xE7F8, 0xE7F8, 0xE7F8, 0xE7F8, 0xE7F8, 0xE7F8, 0xE7F8, 0xE7F8, 0xE7F8,
    0xE7F8, 0xE7F8, 0xE7F8, 0xE7F8, 0xE7F8, 0xE7F8, 0xE7F8, 0xE7F8, 0xE7F8, 0xE7F8, 0xE7F8, 0xE7F8, 0xE7F8, 0xE7F8, 0xE7F8, 0xE7F8,
    0xE7F8, 0xE7F8, 0xE7F8, 0xE7F8, 0xE7F8, 0xE7F8, 0xE7F8, 0xE7F8, 0xE7F8, 0xE7F8, 0xE7F8, 0xE7F8, 0xE7F8, 0xE7F8, 0xE7F8, 0xE7F8,
    0xE7F8, 0xE7F8, 0xE7F8, 0xE7F8, 0xE7F8, 0xE7F8, 0xE7F8, 0xE7F8, 0xE7F8, 0xE7F8, 0xE7F8, 0xE7F8, 0xE7F8, 0xE7F8, 0xE7F8, 0xE7F8,
    0xE7F8, 0xE7F8, 0xE7F8, 0xE7F8, 0xE7F8, 0xE7F8, 0xE7F8, 0xE7F8, 0xE7F8, 0xE7F8, 0xE7F8, 0xE7F8, 0xE7F8, 0xE7F8, 0xE7F8, 0xE7F8,
    0xE7F8, 0xE7F8, 0xE7F8, 0xE7F8, 0xE7F8, 0xE7F8, 0xE7F8, 0xE7F8, 0xE7F8, 0xE7F8, 0xE7F8, 0xE7F8, 0xE7F8, 0xE7F8, 0xE7F8, 0xE7F8,
    0xE7F8, 0xE7F8, 0xE7F8, 0xE7F8, 0xE7F8, 0xE7F8, 0xE7F8, 0xE7F8, 0xE7F8, 0xE7F8, 0xE7F8, 0xE7F8, 0xE7F8, 0xE7F8, 0xE7F8, 0xE7F8,
    0xE7F8, 0xE7F8, 0xE7F8, 0xE7F8, 0xE7F8, 0xE7F8, 0xE7F8, 0xE7F8, 0xE7F8, 0xE7F8, 0xE7F8, 0xE7F8, 0xE7F8, 0xE7F8, 0xE7F8, 0xE7F8,
    0xE7F8, 0xE7F8, 0xE7F8, 0xE7F8, 0xE7F8, 0x4655, 0x0DB4, 0x0DB4, 0x0DB4, 0x0DB4, 0x0DB4, 0x0DB4, 0x0DB4, 0x0DB4, 0x1DD5, 0x0DB4,
    0x0DB4, 0x0DB4, 0x0DB4, 0x0DB4, 0x0DB4, 0x0DB4, 0x0DB4, 0x0DB4, 0x0DB4, 0x0DB4, 0x0DB4, 0x0DB4, 0x0DB4, 0x0DB4, 0x0DB4, 0x0DB4,
    0x0DB4, 0x0DB4, 0x0DB4, 0x0DB4, 0x0DB4, 0x0DB4, 0x0DB4, 0x0DB4, 0x0DB4, 0x0DB4, 0x0DB4, 0x0DB4, 0x0DB4, 0x0DB4, 0x0DB4, 0x1DD5,
    0x1DD5, 0x2E16, 0x6E98, 0x96FB, 0xC77D, 0xF7DF, 0xFFFF, 0xFFFF, 0xFFFF, 0xFFFF, 0xFFFF, 0xFFFF, 0xFFFF, 0xFFFF, 0xFFFF, 0xFFFF,
    0xFFFF, 0xFFFF, 0xFFFF, 0xFFFF, 0xFFFF, 0xFFFF, 0xFFFF, 0xFFFF, 0xFFFF, 0xFFFF, 0xFFFF, 0xFFFF, 0xFFFF, 0xFFFF, 0xFFFF, 0xFFFF,
    0xFFFF, 0xFFFF, 0xFFFF, 0xFFFF, 0xFFFF, 0xFFFF, 0xFFFF, 0xFFFF, 0xFFFF, 0xFFFF, 0xFFFF, 0xFFFF, 0xFFFF, 0xFFFF, 0xFFFF, 0xFFFF,
    0xFFFF, 0xFFFF, 0xFFFF, 0xFFFF, 0xFFFF, 0xFFFF, 0xFFFF, 0xFFFF, 0xFFFF, 0xFFFF, 0xFFFF, 0xFFFF, 0xFFFF, 0xFFFF, 0xFFFF, 0xFFFF,
    0xFFFF, 0xFFFF, 0xFFFF, 0xFFFF, 0xFFFF, 0xFFFF, 0xFFFF, 0xFFFF, 0xFFFF, 0xFFFF, 0xFFFF, 0xFFFF, 0xFFFF, 0xFFFF, 0xFFFF, 0xFFFF,
    0xFFFF, 0xFFFF, 0xFFFF, 0xE7BE, 0x86DA, 0x3E36, 0x0DB4, 0x0DB4, 0x0DB4, 0x0DB4, 0x0DB4, 0x0DB4, 0x0DB4, 0x0DB4, 0x0DB4, 0x0DB4,
    0x0DB4, 0x0DB4, 0x0DB4, 0x0DB4, 0x0DB4, 0x0DB4, 0x0DB4, 0x0DB4, 0x0DB4, 0x0DB4, 0x1DD5, 0x4655, 0x7ED6, 0x86F6, 0xAF77, 0xD7D8,
    0xE7F8, 0xE7F8, 0xE7F8, 0xE7F8, 0xE7F8, 0xE7F8, 0xE7F8, 0xE7F8, 0xE7F8, 0xE7F8, 0xE7F8, 0xE7F8, 0xE7F8, 0xE7F8, 0xE7F8, 0xE7F8,
    0xE7F8, 0xE7F8, 0xE7F8, 0xE7F8, 0xE7F8, 0xE7F8, 0xE7F8, 0xE7F8, 0xE7F8, 0xE7F8, 0xE7F8, 0xE7F8, 0xE7F8, 0xE7F8, 0xE7F8, 0xE7F8,
    0xE7F8, 0xE7F8, 0xE7F8, 0xE7F8, 0xE7F8, 0xE7F8, 0xE7F8, 0xE7F8, 0xE7F8, 0xE7F8, 0xE7F8, 0xE7F8, 0xE7F8, 0xE7F8, 0xE7F8, 0xE7F8,
    0xE7F8, 0xE7F8, 0xE7F8, 0xE7F8, 0xE7F8, 0xE7F8, 0xE7F8, 0xE7F8, 0xE7F8, 0xE7F8, 0xE7F8, 0xE7F8, 0xE7F8, 0xE7F8, 0xE7F8, 0xE7F8,
    0xE7F8, 0xE7F8, 0xE7F8, 0xE7F8, 0xE7F8, 0xE7F8, 0xE7F8, 0xE7F8, 0xE7F8, 0xE7F8, 0xE7F8, 0xE7F8, 0xE7F8, 0xE7F8, 0xE7F8, 0xE7F8,
    0xE7F8, 0xE7F8, 0xE7F8, 0xE7F8, 0xE7F8, 0xE7F8, 0xE7F8, 0xE7F8, 0xE7F8, 0xE7F8, 0xE7F8, 0xE7F8, 0xE7F8, 0xE7F8, 0xE7F8, 0xE7F8,
    0xE7F8, 0xE7F8, 0xE7F8, 0xE7F8, 0xE7F8, 0xE7F8, 0xE7F8, 0xE7F8, 0xE7F8, 0xE7F8, 0xE7F8, 0xE7F8, 0xE7F8, 0xE7F8, 0xE7F8, 0xE7F8,
    0xE7F8, 0xE7F8, 0xE7F8, 0xE7F8, 0xE7F8, 0xE7F8, 0xE7F8, 0xE7F8, 0xE7F8, 0xE7F8, 0xE7F8, 0xE7F8, 0xE7F8, 0xE7F8, 0xE7F8, 0xE7F8,
    0xE7F8, 0xE7F8, 0xE7F8, 0xE7F8, 0xE7F8, 0xE7F8, 0xE7F8, 0xE7F8, 0xE7F8, 0xE7F8, 0xE7F8, 0xE7F8, 0xE7F8, 0xE7F8, 0xE7F8, 0xE7F8,
    0xE7F8, 0xE7F8, 0xE7F8, 0xE7F8, 0xE7F8, 0xE7F8, 0xE7F8, 0xE7F8, 0xE7F8, 0xE7F8, 0xE7F8, 0xE7F8, 0xE7F8, 0xE7F8, 0xE7F8, 0xE7F8,
    0xE7F8, 0xBF97, 0x9737, 0x6EB6, 0x5E96, 0x2E15, 0x0DB4, 0x0DB4, 0x0DB4, 0x0DB4, 0x0DB4, 0x0DB4, 0x0DB4, 0x0DB4, 0x0DB4, 0x0DB4,
    0x0DB4, 0x0DB4, 0x0DB4, 0x0DB4, 0x0DB4, 0x0DB4, 0x0DB4, 0x0DB4, 0x0DB4, 0x0DB4, 0x0DB4, 0x0DB4, 0x0DB4, 0x0DB4, 0x0DB4, 0x0DB4,
    0x0DB4, 0x0DB4, 0x0DB4, 0x0DB4, 0x0DB4, 0x0DB4, 0x0DB4, 0x0DB4, 0x0DB4, 0x1DD5, 0x2E16, 0x2E16, 0x6E98, 0xB75C, 0x96FB, 0xB75C,
    0xF7DF, 0xFFFF, 0xFFFF, 0xFFFF, 0xFFFF, 0xFFFF, 0xFFFF, 0xFFFF, 0xFFFF, 0xFFFF, 0xFFFF, 0xFFFF, 0xFFFF, 0xFFFF, 0xFFFF, 0xFFFF,
    0xFFFF, 0xFFFF, 0xFFFF, 0xFFFF, 0xFFFF, 0xFFFF, 0xFFFF, 0xFFFF, 0xFFFF, 0xFFFF, 0xFFFF, 0xFFFF, 0xFFFF, 0xFFFF, 0xFFFF, 0xFFFF,
    0xFFFF, 0xFFFF, 0xFFFF, 0xFFFF, 0xFFFF, 0xFFFF, 0xFFFF, 0xFFFF, 0xFFFF, 0xFFFF, 0xFFFF, 0xFFFF, 0xFFFF, 0xFFFF, 0xFFFF, 0xFFFF,
    0xFFFF, 0xFFFF, 0xFFFF, 0xFFFF, 0xFFFF, 0xFFFF, 0xFFFF, 0xFFFF, 0xFFFF, 0xFFFF, 0xFFFF, 0xFFFF, 0xFFFF, 0xFFFF, 0xFFFF, 0xFFFF,
    0xFFFF, 0xFFFF, 0xFFFF, 0xFFFF, 0xFFFF, 0xFFFF, 0xFFFF, 0xFFFF, 0xFFFF, 0xFFFF, 0xFFFF, 0xFFFF, 0xFFFF, 0xFFFF, 0xFFFF, 0xFFFF,
    0xFFFF, 0xFFFF, 0xFFFF, 0xFFFF, 0xFFFF, 0xFFFF, 0xA73B, 0x2E16, 0x0DB4, 0x0DB4, 0x0DB4, 0x0DB4, 0x0DB4, 0x0DB4, 0x0DB4, 0x0DB4,
    0x0DB4, 0x0DB4, 0x0DB4, 0x0DB4, 0x0DB4, 0x0DB4, 0x0DB4, 0x0DB4, 0x0DB4, 0x0DB4, 0x0DB4, 0x0DB4, 0x0DB4, 0x0DB4, 0x0DB4, 0x0DB4,
    0x3635, 0x7ED6, 0x9737, 0xA757, 0xAF77, 0xD7D8, 0xE7F8, 0xE7F8, 0xE7F8, 0xE7F8, 0xE7F8, 0xE7F8, 0xE7F8, 0xE7F8, 0xE7F8, 0xE7F8,
    0xE7F8, 0xE7F8, 0xE7F8, 0xE7F8, 0xE7F8, 0xE7F8, 0xE7F8, 0xE7F8, 0xE7F8, 0xE7F8, 0xE7F8, 0xE7F8, 0xE7F8, 0xE7F8, 0xE7F8, 0xE7F8,
    0xE7F8, 0xE7F8, 0xE7F8, 0xE7F8, 0xE7F8, 0xE7F8, 0xE7F8, 0xE7F8, 0xE7F8, 0xE7F8, 0xE7F8, 0xE7F8, 0xE7F8, 0xE7F8, 0xE7F8, 0xE7F8,
    0xE7F8, 0xE7F8, 0xE7F8, 0xE7F8, 0xE7F8, 0xE7F8, 0xE7F8, 0xE7F8, 0xE7F8, 0xE7F8, 0xE7F8, 0xE7F8, 0xE7F8, 0xE7F8, 0xE7F8, 0xE7F8,
    0xE7F8, 0xE7F8, 0xE7F8, 0xE7F8, 0xE7F8, 0xE7F8, 0xE7F8, 0xE7F8, 0xE7F8, 0xE7F8, 0xE7F8, 0xE7F8, 0xE7F8, 0xE7F8, 0xE7F8, 0xE7F8,
    0xE7F8, 0xE7F8, 0xE7F8, 0xE7F8, 0xE7F8, 0xE7F8, 0xE7F8, 0xE7F8, 0xE7F8, 0xE7F8, 0xE7F8, 0xE7F8, 0xE7F8, 0xE7F8, 0xE7F8, 0xE7F8,
    0xE7F8, 0xE7F8, 0xE7F8, 0xE7F8, 0xE7F8, 0xE7F8, 0xE7F8, 0xE7F8, 0xE7F8, 0xE7F8, 0xE7F8, 0xE7F8, 0xE7F8, 0xE7F8, 0xE7F8, 0xE7F8,
    0xE7F8, 0xE7F8, 0xE7F8, 0xE7F8, 0xE7F8, 0xE7F8, 0xE7F8, 0xE7F8, 0xE7F8, 0xE7F8, 0xE7F8, 0xE7F8, 0xE7F8, 0xE7F8, 0xE7F8, 0xE7F8,
    0xE7F8, 0xE7F8, 0xE7F8, 0xE7F8, 0xE7F8, 0xE7F8, 0xE7F8, 0xE7F8, 0xE7F8, 0xE7F8, 0xE7F8, 0xE7F8, 0xE7F8, 0xE7F8, 0xE7F8, 0xE7F8,
    0xE7F8, 0xE7F8, 0xE7F8, 0xE7F8, 0xE7F8, 0xE7F8, 0xE7F8, 0xD7D8, 0xAF77, 0xAF77, 0xAF77, 0x9737, 0x9737, 0x5E96, 0x4655, 0x2E15,
    0x1DD5, 0x0DB4, 0x0DB4, 0x0DB4, 0x0DB4, 0x0DB4, 0x0DB4, 0x0DB4, 0x0DB4, 0x0DB4, 0x0DB4, 0x0DB4, 0x0DB4, 0x0DB4, 0x0DB4, 0x0DB4,
    0x0DB4, 0x0DB4, 0x0DB4, 0x0DB4, 0x0DB4, 0x0DB4, 0x0DB4, 0x0DB4, 0x0DB4, 0x0DB4, 0x0DB4, 0x0DB4, 0x0DB4, 0x0DB4, 0x0DB4, 0x0DB4,
    0x0DB4, 0x0DB4, 0x0DB4, 0x0DB4, 0x0DB4, 0x0DB4, 0x0DB4, 0x0DB4, 0x86DA, 0xB75C, 0xC77D, 0xF7DF, 0xFFFF, 0xFFFF, 0xFFFF, 0xFFFF,
    0xFFFF, 0xFFFF, 0xFFFF, 0xFFFF, 0xFFFF, 0xFFFF, 0xFFFF, 0xFFFF, 0xFFFF, 0xFFFF, 0xFFFF, 0xFFFF, 0xFFFF, 0xFFFF, 0xFFFF, 0xFFFF,
    0xFFFF, 0xFFFF, 0xFFFF, 0xFFFF, 0xFFFF, 0xFFFF, 0xFFFF, 0xFFFF, 0xFFFF, 0xFFFF, 0xFFFF, 0xFFFF, 0xFFFF, 0xFFFF, 0xFFFF, 0xFFFF,
    0xFFFF, 0xFFFF, 0xFFFF, 0xFFFF, 0xFFFF, 0xFFFF, 0xFFFF, 0xFFFF, 0xFFFF, 0xFFFF, 0xFFFF, 0xFFFF, 0xFFFF, 0xFFFF, 0xFFFF, 0xFFFF,
    0xFFFF, 0xFFFF, 0xFFFF, 0xFFFF, 0xFFFF, 0xFFFF, 0xFFFF, 0xFFFF, 0xFFFF, 0xFFFF, 0xFFFF, 0xFFFF, 0xFFFF, 0xFFFF, 0xFFFF, 0xFFFF,
    0xFFFF, 0xFFFF, 0xFFFF, 0xFFFF, 0xFFFF, 0xFFFF, 0xFFFF, 0xFFFF, 0xFFFF, 0xFFFF, 0xFFFF, 0xFFFF, 0xFFFF, 0xFFFF, 0xFFFF, 0xFFFF,
    0xFFFF, 0xFFFF, 0xFFFF, 0xFFFF, 0xFFFF, 0xFFFF, 0xFFFF, 0xFFFF, 0xD79D, 0x6E98, 0x2E16, 0x0DB4, 0x0DB4, 0x0DB4, 0x0DB4, 0x0DB4,
    0x0DB4, 0x0DB4, 0x0DB4, 0x0DB4, 0x0DB4, 0x0DB4, 0x0DB4, 0x0DB4, 0x0DB4, 0x0DB4, 0x0DB4, 0x0DB4, 0x0DB4, 0x0DB4, 0x0DB4, 0x0DB4,
    0x0DB4, 0x0DB4, 0x0DB4, 0x0DB4, 0x0DB4, 0x0DB4, 0x1DD5, 0x4655, 0x5676, 0x7ED6, 0x9737, 0xA757, 0xAF77, 0xD7D8, 0xE7F8, 0xE7F8,
    0xE7F8, 0xE7F8, 0xE7F8, 0xE7F8, 0xE7F8, 0xE7F8, 0xE7F8, 0xE7F8, 0xE7F8, 0xE7F8, 0xE7F8, 0xE7F8, 0xE7F8, 0xE7F8, 0xE7F8, 0xE7F8,
    0xE7F8, 0xE7F8, 0xE7F8, 0xE7F8, 0xE7F8, 0xE7F8, 0xE7F8, 0xE7F8, 0xE7F8, 0xE7F8, 0xE7F8, 0xE7F8, 0xE7F8, 0xE7F8, 0xE7F8, 0xE7F8,
    0xE7F8, 0xE7F8, 0xE7F8, 0xE7F8, 0xE7F8, 0xE7F8, 0xE7F8, 0xE7F8, 0xE7F8, 0xE7F8, 0xE7F8, 0xE7F8, 0xE7F8, 0xE7F8, 0xE7F8, 0xE7F8,
    0xE7F8, 0xE7F8, 0xE7F8, 0xE7F8, 0xE7F8, 0xE7F8, 0xE7F8, 0xE7F8, 0xE7F8, 0xE7F8, 0xE7F8, 0xE7F8, 0xE7F8, 0xE7F8, 0xE7F8, 0xE7F8,
    0xE7F8, 0xE7F8, 0xE7F8, 0xE7F8, 0xE7F8, 0xE7F8, 0xE7F8, 0xE7F8, 0xE7F8, 0xE7F8, 0xE7F8, 0xE7F8, 0xE7F8, 0xE7F8, 0xE7F8, 0xE7F8,
    0xE7F8, 0xE7F8, 0xE7F8, 0xE7F8, 0xE7F8, 0xE7F8, 0xE7F8, 0xE7F8, 0xE7F8, 0xE7F8, 0xE7F8, 0xE7F8, 0xE7F8, 0xE7F8, 0xE7F8, 0xE7F8,
    0xE7F8, 0xE7F8, 0xE7F8, 0xE7F8, 0xE7F8, 0xE7F8, 0xE7F8, 0xE7F8, 0xE7F8, 0xE7F8, 0xE7F8, 0xE7F8, 0xE7F8, 0xE7F8, 0xE7F8, 0xE7F8,
    0xE7F8, 0xE7F8, 0xE7F8, 0xE7F8, 0xE7F8, 0xE7F8, 0xE7F8, 0xE7F8, 0xE7F8, 0xE7F8, 0xE7F8, 0xE7F8, 0xE7F8, 0xD7D8, 0xD7D8, 0xAF77,
    0xAF77, 0x9737, 0x86F6, 0x6EB6, 0x4655, 0x4655, 0x1DD5, 0x0DB4, 0x0DB4, 0x0DB4, 0x0DB4, 0x0DB4, 0x0DB4, 0x0DB4, 0x0DB4, 0x0DB4,
    0x0DB4, 0x0DB4, 0x0DB4, 0x0DB4, 0x0DB4, 0x0DB4, 0x0DB4, 0x0DB4, 0x0DB4, 0x0DB4, 0x0DB4, 0x0DB4, 0x0DB4, 0x0DB4, 0x0DB4, 0x0DB4,
    0x0DB4, 0x0DB4, 0x0DB4, 0x0DB4, 0x0DB4, 0x0DB4, 0x0DB4, 0x0DB4, 0x0DB4, 0x0DB4, 0x0DB4, 0x0DB4, 0x0DB4, 0x0DB4, 0x0DB4, 0x0DB4,
    0x1DD5, 0x1DD5, 0x0DB4, 0x0DB4, 0x0DB4, 0x0DB4, 0x0DB4, 0x0DB4, 0xC77D, 0xFFFF, 0xFFFF, 0xFFFF, 0xFFFF, 0xFFFF, 0xFFFF, 0xFFFF,
    0xFFFF, 0xFFFF, 0xFFFF, 0xFFFF, 0xFFFF, 0xFFFF, 0xFFFF, 0xFFFF, 0xFFFF, 0xFFFF, 0xFFFF, 0xFFFF, 0xFFFF, 0xFFFF, 0xFFFF, 0xFFFF,
    0xFFFF, 0xFFFF, 0xFFFF, 0xFFFF, 0xFFFF, 0xFFFF, 0xFFFF, 0xFFFF, 0xFFFF, 0xFFFF, 0xFFFF, 0xFFFF, 0xFFFF, 0xFFFF, 0xFFFF, 0xFFFF,
    0xFFFF, 0xFFFF, 0xFFFF, 0xFFFF, 0xFFFF, 0xFFFF, 0xFFFF, 0xFFFF, 0xFFFF, 0xFFFF, 0xFFFF, 0xFFFF, 0xFFFF, 0xFFFF, 0xFFFF, 0xFFFF,
    0xFFFF, 0xFFFF, 0xFFFF, 0xFFFF, 0xFFFF, 0xFFFF, 0xFFFF, 0xFFFF, 0xFFFF, 0xFFFF, 0xFFFF, 0xFFFF, 0xFFFF, 0xFFFF, 0xFFFF, 0xFFFF,
    0xFFFF, 0xFFFF, 0xFFFF, 0xFFFF, 0xFFFF, 0xFFFF, 0xFFFF, 0xFFFF, 0xFFFF, 0xFFFF, 0xFFFF, 0xFFFF, 0xFFFF, 0xFFFF, 0xFFFF, 0xFFFF,
    0xFFFF, 0xFFFF, 0xFFFF, 0xFFFF, 0xFFFF, 0xFFFF, 0xFFFF, 0xFFFF, 0xFFFF, 0xFFFF, 0xFFFF, 0xA73B, 0x76B9, 0x2E16, 0x0DB4, 0x0DB4,
    0x0DB4, 0x0DB4, 0x0DB4, 0x0DB4, 0x0DB4, 0x0DB4, 0x0DB4, 0x0DB4, 0x0DB4, 0x0DB4, 0x0DB4, 0x0DB4, 0x0DB4, 0x0DB4, 0x0DB4, 0x0DB4,
    0x0DB4, 0x0DB4, 0x0DB4, 0x0DB4, 0x0DB4, 0x0DB4, 0x0DB4, 0x0DB4, 0x0DB4, 0x0DB4, 0x0DB4, 0x0DB4, 0x0DB4, 0x0DB4, 0x2E15, 0x3635,
    0x5676, 0x5676, 0x7ED6, 0x9737, 0xA757, 0xCFB8, 0xE7F8, 0xE7F8, 0xE7F8, 0xE7F8, 0xE7F8, 0xE7F8, 0xE7F8, 0xE7F8, 0xE7F8, 0xE7F8,
    0xE7F8, 0xE7F8, 0xE7F8, 0xE7F8, 0xE7F8, 0xE7F8, 0xE7F8, 0xE7F8, 0xE7F8, 0xE7F8, 0xE7F8, 0xE7F8, 0xE7F8, 0xE7F8, 0xE7F8, 0xE7F8,
    0xE7F8, 0xE7F8, 0xE7F8, 0xE7F8, 0xE7F8, 0xE7F8, 0xE7F8, 0xE7F8, 0xE7F8, 0xE7F8, 0xE7F8, 0xE7F8, 0xE7F8, 0xE7F8, 0xE7F8, 0xE7F8,
    0xE7F8, 0xE7F8, 0xE7F8, 0xE7F8, 0xE7F8, 0xE7F8, 0xE7F8, 0xE7F8, 0xE7F8, 0xE7F8, 0xE7F8, 0xE7F8, 0xE7F8, 0xE7F8, 0xE7F8, 0xE7F8,
    0xE7F8, 0xE7F8, 0xE7F8, 0xE7F8, 0xE7F8, 0xE7F8, 0xE7F8, 0xE7F8, 0xE7F8, 0xE7F8, 0xE7F8, 0xE7F8, 0xE7F8, 0xE7F8, 0xE7F8, 0xE7F8,
    0xE7F8, 0xE7F8, 0xE7F8, 0xE7F8, 0xE7F8, 0xE7F8, 0xE7F8, 0xE7F8, 0xE7F8, 0xE7F8, 0xE7F8, 0xE7F8, 0xE7F8, 0xE7F8, 0xE7F8, 0xE7F8,
    0xE7F8, 0xE7F8, 0xE7F8, 0xE7F8, 0xE7F8, 0xE7F8, 0xE7F8, 0xE7F8, 0xE7F8, 0xE7F8, 0xE7F8, 0xE7F8, 0xE7F8, 0xE7F8, 0xE7F8, 0xE7F8,
    0xE7F8, 0xE7F8, 0xE7F8, 0xE7F8, 0xD7D8, 0xCFB8, 0xCFB8, 0x9737, 0xA757, 0x86F6, 0x86F6, 0x5E96, 0x4655, 0x2E15, 0x0DB4, 0x0DB4,
    0x0DB4, 0x0DB4, 0x0DB4, 0x0DB4, 0x0DB4, 0x0DB4, 0x0DB4, 0x0DB4, 0x0DB4, 0x0DB4, 0x0DB4, 0x0DB4, 0x0DB4, 0x0DB4, 0x0DB4, 0x0DB4,
    0x0DB4, 0x0DB4, 0x0DB4, 0x0DB4, 0x0DB4, 0x0DB4, 0x0DB4, 0x0DB4, 0x0DB4, 0x0DB4, 0x0DB4, 0x0DB4, 0x0DB4, 0x0DB4, 0x0DB4, 0x0DB4,
    0x0DB4, 0x0DB4, 0x0DB4, 0x0DB4, 0x0DB4, 0x0DB4, 0x0DB4, 0x0DB4, 0x0DB4, 0x0DB4, 0x0DB4, 0x0DB4, 0x4655, 0x5E96, 0x86F6, 0xAF77,
    0xE7F8, 0x7ED6, 0x0DB4, 0x0DB4, 0x0DB4, 0x0DB4, 0x0DB4, 0x1DD5, 0xA73B, 0xFFFF, 0xFFFF, 0xFFFF, 0xFFFF, 0xFFFF, 0xFFFF, 0xFFFF,
    0xFFFF, 0xFFFF, 0xFFFF, 0xFFFF, 0xFFFF, 0xFFFF, 0xFFFF, 0xFFFF, 0xFFFF, 0xFFFF, 0xFFFF, 0xFFFF, 0xFFFF, 0xFFFF, 0xFFFF, 0xFFFF,
    0xFFFF, 0xFFFF, 0xFFFF, 0xFFFF, 0xFFFF, 0xFFFF, 0xFFFF, 0xFFFF, 0xFFFF, 0xFFFF, 0xFFFF, 0xFFFF, 0xFFFF, 0xFFFF, 0xFFFF, 0xFFFF,
    0xFFFF, 0xFFFF, 0xFFFF, 0xFFFF, 0xFFFF, 0xFFFF, 0xFFFF, 0xFFFF, 0xFFFF, 0xFFFF, 0xFFFF, 0xFFFF, 0xFFFF, 0xFFFF, 0xFFFF, 0xFFFF,
    0xFFFF, 0xFFFF, 0xFFFF, 0xFFFF, 0xFFFF, 0xFFFF, 0xFFFF, 0xFFFF, 0xFFFF, 0xFFFF, 0xFFFF, 0xFFFF, 0xFFFF, 0xFFFF, 0xFFFF, 0xFFFF,
    0xFFFF, 0xFFFF, 0xFFFF, 0xFFFF, 0xFFFF, 0xFFFF, 0xFFFF, 0xFFFF, 0xFFFF, 0xFFFF, 0xFFFF, 0xFFFF, 0xFFFF, 0xFFFF, 0xFFFF, 0xFFFF,
    0xFFFF, 0xFFFF, 0xFFFF, 0xFFFF, 0xFFFF, 0xFFFF, 0xFFFF, 0xFFFF, 0xFFFF, 0xFFFF, 0xFFFF, 0xFFFF, 0xFFFF, 0xFFFF, 0xD79D, 0x6E98,
    0x2E16, 0x0DB4, 0x0DB4, 0x0DB4, 0x0DB4, 0x0DB4, 0x0DB4, 0x0DB4, 0x0DB4, 0x0DB4, 0x0DB4, 0x0DB4, 0x0DB4, 0x0DB4, 0x0DB4, 0x0DB4,
    0x0DB4, 0x0DB4, 0x0DB4, 0x0DB4, 0x0DB4, 0x0DB4, 0x0DB4, 0x0DB4, 0x0DB4, 0x0DB4, 0x0DB4, 0x0DB4, 0x0DB4, 0x0DB4, 0x0DB4, 0x0DB4,
    0x0DB4, 0x0DB4, 0x0DB4, 0x0DB4, 0x0DB4, 0x0DB4, 0x2E15, 0x2E15, 0x4655, 0x5E96, 0x6EB6, 0x5E96, 0x6EB6, 0x7ED6, 0x7ED6, 0x9737,
    0xAF77, 0xAF77, 0xCFB8, 0xE7F8, 0xE7F8, 0xE7F8, 0xE7F8, 0xE7F8, 0xE7F8, 0xE7F8, 0xE7F8, 0xE7F8, 0xE7F8, 0xE7F8, 0xE7F8, 0xE7F8,
    0xE7F8, 0xE7F8, 0xE7F8, 0xE7F8, 0xE7F8, 0xE7F8, 0xE7F8, 0xE7F8, 0xE7F8, 0xE7F8, 0xE7F8, 0xE7F8, 0xE7F8, 0xE7F8, 0xE7F8, 0xE7F8,
    0xE7F8, 0xE7F8, 0xE7F8, 0xE7F8, 0xE7F8, 0xE7F8, 0xE7F8, 0xE7F8, 0xE7F8, 0xE7F8, 0xE7F8, 0xE7F8, 0xE7F8, 0xE7F8, 0xE7F8, 0xE7F8,
    0xE7F8, 0xE7F8, 0xE7F8, 0xE7F8, 0xE7F8, 0xE7F8, 0xE7F8, 0xE7F8, 0xE7F8, 0xE7F8, 0xE7F8, 0xE7F8, 0xE7F8, 0xE7F8, 0xE7F8, 0xE7F8,
    0xE7F8, 0xE7F8, 0xE7F8, 0xE7F8, 0xE7F8, 0xE7F8, 0xE7F8, 0xE7F8, 0xE7F8, 0xE7F8, 0xE7F8, 0xE7F8, 0xE7F8, 0xE7F8, 0xE7F8, 0xE7F8,
    0xE7F8, 0xE7F8, 0xE7F8, 0xE7F8, 0xE7F8, 0xE7F8, 0xE7F8, 0xE7F8, 0xCFB8, 0xD7D8, 0xCFB8, 0xCFB8, 0xBF97, 0xA757, 0xAF77, 0xA757,
    0x6EB6, 0x5E96, 0x5676, 0x4655, 0x3635, 0x2E15, 0x0DB4, 0x0DB4, 0x0DB4, 0x0DB4, 0x0DB4, 0x0DB4, 0x0DB4, 0x0DB4, 0x0DB4, 0x0DB4,
    0x0DB4, 0x0DB4, 0x0DB4, 0x0DB4, 0x0DB4, 0x0DB4, 0x0DB4, 0x0DB4, 0x0DB4, 0x0DB4, 0x0DB4, 0x0DB4, 0x0DB4, 0x0DB4, 0x0DB4, 0x0DB4,
    0x0DB4, 0x0DB4, 0x0DB4, 0x0DB4, 0x0DB4, 0x0DB4, 0x0DB4, 0x0DB4, 0x0DB4, 0x0DB4, 0x0DB4, 0x0DB4, 0x0DB4, 0x0DB4, 0x0DB4, 0x0DB4,
    0x0DB4, 0x0DB4, 0x0DB4, 0x0DB4, 0x1DD5, 0x1DD5, 0x5E96, 0x5675, 0x6EB6, 0xA757, 0xBF97, 0xD7D8, 0xE7F8, 0xE7F8, 0xE7F8, 0xE7F8,
    0xE7F8, 0x9737, 0x0DB4, 0x0DB4, 0x0DB4, 0x0DB4, 0x0DB4, 0x0DB4, 0xB75C, 0xFFFF, 0xFFFF, 0xFFFF, 0xFFFF, 0xFFFF, 0xFFFF, 0xFFFF,
    0xFFFF, 0xFFFF, 0xFFFF, 0xFFFF, 0xFFFF, 0xFFFF, 0xFFFF, 0xFFFF, 0xFFFF, 0xFFFF, 0xFFFF, 0xFFFF, 0xFFFF, 0xFFFF, 0xFFFF, 0xFFFF,
    0xFFFF, 0xFFFF, 0xFFFF, 0xFFFF, 0xFFFF, 0xFFFF, 0xFFFF, 0xFFFF, 0xFFFF, 0xFFFF, 0xFFFF, 0xFFFF, 0xFFFF, 0xFFFF, 0xFFFF, 0xFFFF,
    0xFFFF, 0xFFFF, 0xFFFF, 0xFFFF, 0xFFFF, 0xFFFF, 0xFFFF, 0xFFFF, 0xFFFF, 0xFFFF, 0xFFFF, 0xFFFF, 0xFFFF, 0xFFFF, 0xFFFF, 0xFFFF,
    0xFFFF, 0xFFFF, 0xFFFF, 0xFFFF, 0xFFFF, 0xFFFF, 0xFFFF, 0xFFFF, 0xFFFF, 0xFFFF, 0xFFFF, 0xFFFF, 0xFFFF, 0xFFFF, 0xFFFF, 0xFFFF,
    0xFFFF, 0xFFFF, 0xFFFF, 0xFFFF, 0xFFFF, 0xFFFF, 0xFFFF, 0xFFFF, 0xFFFF, 0xFFFF, 0xFFFF, 0xFFFF, 0xFFFF, 0xFFFF, 0xFFFF, 0xFFFF,
    0xFFFF, 0xFFFF, 0xFFFF, 0xFFFF, 0xFFFF, 0xFFFF, 0xFFFF, 0xFFFF, 0xFFFF, 0xFFFF, 0xFFFF, 0xFFFF, 0xFFFF, 0xFFFF, 0xFFFF, 0xFFFF,
    0xFFFF, 0xD79D, 0x76B9, 0x3E36, 0x0DB4, 0x0DB4, 0x0DB4, 0x0DB4, 0x0DB4, 0x0DB4, 0x0DB4, 0x0DB4, 0x0DB4, 0x0DB4, 0x0DB4, 0x0DB4,
    0x0DB4, 0x0DB4, 0x0DB4, 0x0DB4, 0x0DB4, 0x0DB4, 0x0DB4, 0x0DB4, 0x0DB4, 0x0DB4, 0x0DB4, 0x0DB4, 0x0DB4, 0x0DB4, 0x0DB4, 0x0DB4,
    0x0DB4, 0x0DB4, 0x0DB4, 0x0DB4, 0x0DB4, 0x0DB4, 0x0DB4, 0x0DB4, 0x0DB4, 0x0DB4, 0x0DB4, 0x0DB4, 0x0DB4, 0x0DB4, 0x0DB4, 0x0DB4,
    0x0DB4, 0x0DB4, 0x0DB4, 0x0DB4, 0x1DD5, 0x3635, 0x3635, 0x4655, 0x4655, 0x5676, 0x5E96, 0x6EB6, 0x9737, 0x9737, 0x7ED6, 0x86F6,
    0x9737, 0x9737, 0xAF77, 0xAF77, 0xAF77, 0xBF97, 0xCFB8, 0xCFB8, 0xD7D8, 0xE7F8, 0xE7F8, 0xE7F8, 0xE7F8, 0xD7D8, 0xE7F8, 0xE7F8,
    0xE7F8, 0xE7F8, 0xE7F8, 0xE7F8, 0xE7F8, 0xE7F8, 0xE7F8, 0xE7F8, 0xE7F8, 0xE7F8, 0xE7F8, 0xE7F8, 0xE7F8, 0xE7F8, 0xE7F8, 0xE7F8,
    0xE7F8, 0xE7F8, 0xE7F8, 0xE7F8, 0xE7F8, 0xE7F8, 0xE7F8, 0xE7F8, 0xE7F8, 0xE7F8, 0xE7F8, 0xE7F8, 0xE7F8, 0xE7F8, 0xE7F8, 0xE7F8,
    0xD7D8, 0xE7F8, 0xD7D8, 0xD7D8, 0xBF97, 0xBF97, 0xBF97, 0xAF77, 0xE7F8, 0xCFB8, 0xA757, 0x9737, 0x9737, 0xA757, 0x9737, 0x86F6,
    0x86F6, 0x5E96, 0x7ED6, 0x7ED6, 0x6EB6, 0x4655, 0x3635, 0x2E15, 0x1DD5, 0x0DB4, 0x0DB4, 0x0DB4, 0x0DB4, 0x0DB4, 0x0DB4, 0x0DB4,
    0x0DB4, 0x0DB4, 0x0DB4, 0x0DB4, 0x0DB4, 0x0DB4, 0x0DB4, 0x0DB4, 0x0DB4, 0x0DB4, 0x0DB4, 0x0DB4, 0x0DB4, 0x0DB4, 0x0DB4, 0x0DB4,
    0x0DB4, 0x0DB4, 0x0DB4, 0x0DB4, 0x0DB4, 0x0DB4, 0x0DB4, 0x0DB4, 0x0DB4, 0x0DB4, 0x0DB4, 0x0DB4, 0x0DB4, 0x0DB4, 0x0DB4, 0x0DB4,
    0x0DB4, 0x0DB4, 0x0DB4, 0x0DB4, 0x0DB4, 0x0DB4, 0x0DB4, 0x0DB4, 0x0DB4, 0x0DB4, 0x0DB4, 0x0DB4, 0x0DB4, 0x0DB4, 0x0DB4, 0x0DB4,
    0x0DB4, 0x0DB4, 0x0DB4, 0x3635, 0xE7F8, 0xE7F8, 0xE7F8, 0xE7F8, 0xE7F8, 0xE7F8, 0xE7F8, 0xE7F8, 0xE7F8, 0xE7F8, 0xE7F8, 0xE7F8,
    0xE7F8, 0x9737, 0x0DB4, 0x0DB4, 0x0DB4, 0x0DB4, 0x0DB4, 0x0DB4, 0xA73B, 0xFFFF, 0xFFFF, 0xFFFF, 0xFFFF, 0xFFFF, 0xFFFF, 0xFFFF,
    0xFFFF, 0xFFFF, 0xFFFF, 0xFFFF, 0xFFFF, 0xFFFF, 0xFFFF, 0xFFFF, 0xFFFF, 0xFFFF, 0xFFFF, 0xFFFF, 0xFFFF, 0xFFFF, 0xFFFF, 0xFFFF,
    0xFFFF, 0xFFFF, 0xFFFF, 0xFFFF, 0xFFFF, 0xFFFF, 0xFFFF, 0xFFFF, 0xFFFF, 0xFFFF, 0xFFFF, 0xFFFF, 0xFFFF, 0xFFFF, 0xFFFF, 0xFFFF,
    0xFFFF, 0xFFFF, 0xFFFF, 0xFFFF, 0xFFFF, 0xFFFF, 0xFFFF, 0xFFFF, 0xFFFF, 0xFFFF, 0xFFFF, 0xFFFF, 0xFFFF, 0xFFFF, 0xFFFF, 0xFFFF,
    0xFFFF, 0xFFFF, 0xFFFF, 0xFFFF, 0xFFFF, 0xFFFF, 0xFFFF, 0xFFFF, 0xFFFF, 0xFFFF, 0xFFFF, 0xFFFF, 0xFFFF, 0xFFFF, 0xFFFF, 0xFFFF,
    0xFFFF, 0xFFFF, 0xFFFF, 0xFFFF, 0xFFFF, 0xFFFF, 0xFFFF, 0xFFFF, 0xFFFF, 0xFFFF, 0xFFFF, 0xFFFF, 0xFFFF, 0xFFFF, 0xFFFF, 0xFFFF,
    0xFFFF, 0xFFFF, 0xFFFF, 0xFFFF, 0xFFFF, 0xFFFF, 0xFFFF, 0xFFFF, 0xFFFF, 0xFFFF, 0xFFFF, 0xFFFF, 0xFFFF, 0xFFFF, 0xFFFF, 0xFFFF,
    0xFFFF, 0xFFFF, 0xFFFF, 0xFFFF, 0xE7BE, 0xA73B, 0x5E78, 0x2E16, 0x0DB4, 0x0DB4, 0x0DB4, 0x0DB4, 0x0DB4, 0x0DB4, 0x0DB4, 0x0DB4,
    0x0DB4, 0x0DB4, 0x0DB4, 0x0DB4, 0x0DB4, 0x0DB4, 0x0DB4, 0x0DB4, 0x0DB4, 0x0DB4, 0x0DB4, 0x0DB4, 0x0DB4, 0x0DB4, 0x0DB4, 0x0DB4,
    0x0DB4, 0x0DB4, 0x0DB4, 0x0DB4, 0x0DB4, 0x0DB4, 0x0DB4, 0x0DB4, 0x0DB4, 0x0DB4, 0x0DB4, 0x0DB4, 0x0DB4, 0x0DB4, 0x0DB4, 0x0DB4,
    0x0DB4, 0x0DB4, 0x0DB4, 0x0DB4, 0x0DB4, 0x0DB4, 0x0DB4, 0x0DB4, 0x0DB4, 0x0DB4, 0x0DB4, 0x0DB4, 0x0DB4, 0x0DB4, 0x0DB4, 0x0DB4,
    0x0DB4, 0x0DB4, 0x0DB4, 0x0DB4, 0x0DB4, 0x0DB4, 0x0DB4, 0x0DB4, 0x0DB4, 0x0DB4, 0x0DB4, 0x0DB4, 0x0DB4, 0x0DB4, 0x0DB4, 0x0DB4,
    0x0DB4, 0x1DD5, 0x0DB4, 0x0DB4, 0x3635, 0x5676, 0x5E96, 0x5676, 0x6EB6, 0x7ED6, 0x6EB6, 0x6EB6, 0x4655, 0x3635, 0x4655, 0x3635,
    0x2E15, 0x3635, 0x5676, 0x5E96, 0x4655, 0x4655, 0x4655, 0x4655, 0x5E96, 0x9737, 0x2E15, 0x2E15, 0x3635, 0x5676, 0x3635, 0x5676,
    0x3635, 0x4655, 0x5676, 0x2E15, 0x0DB4, 0x1DD5, 0x1DD5, 0x2E15, 0x1DD5, 0x0DB4, 0x0DB4, 0x0DB4, 0x0DB4, 0x0DB4, 0x0DB4, 0x0DB4,
    0x0DB4, 0x0DB4, 0x0DB4, 0x0DB4, 0x0DB4, 0x0DB4, 0x0DB4, 0x0DB4, 0x0DB4, 0x0DB4, 0x0DB4, 0x0DB4, 0x0DB4, 0x0DB4, 0x0DB4, 0x0DB4,
    0x0DB4, 0x0DB4, 0x0DB4, 0x0DB4, 0x0DB4, 0x0DB4, 0x0DB4, 0x0DB4, 0x0DB4, 0x0DB4, 0x0DB4, 0x0DB4, 0x0DB4, 0x0DB4, 0x0DB4, 0x0DB4,
    0x0DB4, 0x0DB4, 0x0DB4, 0x0DB4, 0x0DB4, 0x0DB4, 0x0DB4, 0x0DB4, 0x0DB4, 0x0DB4, 0x0DB4, 0x0DB4, 0x0DB4, 0x0DB4, 0x0DB4, 0x0DB4,
    0x0DB4, 0x0DB4, 0x0DB4, 0x0DB4, 0x1DD5, 0x3E36, 0x5E78, 0x5E78, 0x5E78, 0xB75C, 0xD79D, 0x1DD5, 0x0DB4, 0x0DB4, 0x0DB4, 0x0DB4,
    0x0DB4, 0x0DB4, 0x0DB4, 0x0DB4, 0x86F6, 0xE7F8, 0xE7F8, 0xE7F8, 0xE7F8, 0xE7F8, 0xE7F8, 0xE7F8, 0xE7F8, 0xE7F8, 0xE7F8, 0xE7F8,
    0xE7F8, 0xA757, 0x0DB4, 0x0DB4, 0x0DB4, 0x0DB4, 0x0DB4, 0x0DB4, 0xE7BE, 0xFFFF, 0xFFFF, 0xFFFF, 0xFFFF, 0xFFFF, 0xFFFF, 0xFFFF,
    0xFFFF, 0xFFFF, 0xFFFF, 0xFFFF, 0xFFFF, 0xFFFF, 0xFFFF, 0xFFFF, 0xFFFF, 0xFFFF, 0xFFFF, 0xFFFF, 0xFFFF, 0xFFFF, 0xFFFF, 0xFFFF,
    0xFFFF, 0xFFFF, 0xFFFF, 0xFFFF, 0xFFFF, 0xFFFF, 0xFFFF, 0xFFFF, 0xFFFF, 0xFFFF, 0xFFFF, 0xFFFF, 0xFFFF, 0xFFFF, 0xFFFF, 0xFFFF,
    0xFFFF, 0xFFFF, 0xFFFF, 0xFFFF, 0xFFFF, 0xFFFF, 0xFFFF, 0xFFFF, 0xFFFF, 0xFFFF, 0xFFFF, 0xFFFF, 0xFFFF, 0xFFFF, 0xFFFF, 0xFFFF,
    0xFFFF, 0xFFFF, 0xFFFF, 0xFFFF, 0xFFFF, 0xFFFF, 0xFFFF, 0xFFFF, 0xFFFF, 0xFFFF, 0xFFFF, 0xFFFF, 0xFFFF, 0xFFFF, 0xFFFF, 0xFFFF,
    0xFFFF, 0xFFFF, 0xFFFF, 0xFFFF, 0xFFFF, 0xFFFF, 0xFFFF, 0xFFFF, 0xFFFF, 0xFFFF, 0xFFFF, 0xFFFF, 0xFFFF, 0xFFFF, 0xFFFF, 0xFFFF,
    0xFFFF, 0xFFFF, 0xFFFF, 0xFFFF, 0xFFFF, 0xFFFF, 0xFFFF, 0xFFFF, 0xFFFF, 0xFFFF, 0xFFFF, 0xFFFF, 0xFFFF, 0xFFFF, 0xFFFF, 0xFFFF,
    0xFFFF, 0xFFFF, 0xFFFF, 0xFFFF, 0xFFFF, 0xFFFF, 0xFFFF, 0xFFFF, 0xD79D, 0x96FB, 0x5E78, 0x3E36, 0x0DB4, 0x0DB4, 0x0DB4, 0x0DB4,
    0x0DB4, 0x0DB4, 0x0DB4, 0x0DB4, 0x0DB4, 0x0DB4, 0x0DB4, 0x0DB4, 0x0DB4, 0x0DB4, 0x0DB4, 0x0DB4, 0x0DB4, 0x0DB4, 0x0DB4, 0x0DB4,
    0x0DB4, 0x0DB4, 0x0DB4, 0x0DB4, 0x0DB4, 0x0DB4, 0x0DB4, 0x0DB4, 0x0DB4, 0x0DB4, 0x0DB4, 0x0DB4, 0x0DB4, 0x0DB4, 0x0DB4, 0x0DB4,
    0x0DB4, 0x0DB4, 0x0DB4, 0x0DB4, 0x0DB4, 0x0DB4, 0x0DB4, 0x0DB4, 0x0DB4, 0x0DB4, 0x0DB4, 0x0DB4, 0x0DB4, 0x0DB4, 0x0DB4, 0x0DB4,
    0x0DB4, 0x0DB4, 0x0DB4, 0x0DB4, 0x0DB4, 0x0DB4, 0x0DB4, 0x0DB4, 0x0DB4, 0x0DB4, 0x0DB4, 0x0DB4, 0x0DB4, 0x0DB4, 0x0DB4, 0x0DB4,
    0x0DB4, 0x0DB4, 0x0DB4, 0x0DB4, 0x0DB4, 0x0DB4, 0x0DB4, 0x0DB4, 0x0DB4, 0x0DB4, 0x0DB4, 0x0DB4, 0x0DB4, 0x0DB4, 0x0DB4, 0x0DB4,
    0x0DB4, 0x0DB4, 0x0DB4, 0x0DB4, 0x0DB4, 0x0DB4, 0x0DB4, 0x0DB4, 0x0DB4, 0x0DB4, 0x0DB4, 0x0DB4, 0x0DB4, 0x0DB4, 0x0DB4, 0x0DB4,
    0x0DB4, 0x0DB4, 0x0DB4, 0x0DB4, 0x0DB4, 0x0DB4, 0x0DB4, 0x0DB4, 0x0DB4, 0x0DB4, 0x0DB4, 0x0DB4, 0x0DB4, 0x0DB4, 0x0DB4, 0x0DB4,
    0x0DB4, 0x0DB4, 0x0DB4, 0x0DB4, 0x0DB4, 0x0DB4, 0x0DB4, 0x0DB4, 0x0DB4, 0x0DB4, 0x0DB4, 0x0DB4, 0x0DB4, 0x0DB4, 0x0DB4, 0x0DB4,
    0x0DB4, 0x0DB4, 0x0DB4, 0x0DB4, 0x0DB4, 0x0DB4, 0x0DB4, 0x0DB4, 0x0DB4, 0x0DB4, 0x0DB4, 0x0DB4, 0x0DB4, 0x0DB4, 0x0DB4, 0x0DB4,
    0x0DB4, 0x0DB4, 0x0DB4, 0x0DB4, 0x0DB4, 0x0DB4, 0x0DB4, 0x0DB4, 0x0DB4, 0x0DB4, 0x0DB4, 0x0DB4, 0x0DB4, 0x2E16, 0x5E78, 0x5E78,
    0x86DA, 0xB75C, 0xD79D, 0xF7DF, 0xF7DF, 0xF7DF, 0xE7BE, 0xF7DF, 0xFFFF, 0xFFFF, 0xFFFF, 0xC77D, 0x0DB4, 0x0DB4, 0x0DB4, 0x0DB4,
    0x0DB4, 0x0DB4, 0x0DB4, 0x0DB4, 0x1DD5, 0x9737, 0xE7F8, 0xE7F8, 0xE7F8, 0xE7F8, 0xE7F8, 0xE7F8, 0xE7F8, 0xE7F8, 0xE7F8, 0xE7F8,
    0xE7F8, 0x9737, 0x0DB4, 0x0DB4, 0x0DB4, 0x0DB4, 0x0DB4, 0x0DB4, 0xA73B, 0xFFFF, 0xFFFF, 0xFFFF, 0xFFFF, 0xFFFF, 0xFFFF, 0xFFFF,
    0xFFFF, 0xFFFF, 0xFFFF, 0xFFFF, 0xFFFF, 0xFFFF, 0xFFFF, 0xFFFF, 0xFFFF, 0xFFFF, 0xFFFF, 0xFFFF, 0xFFFF, 0xFFFF, 0xFFFF, 0xFFFF,
    0xFFFF, 0xFFFF, 0xFFFF, 0xFFFF, 0xFFFF, 0xFFFF, 0xFFFF, 0xFFFF, 0xFFFF, 0xFFFF, 0xFFFF, 0xFFFF, 0xFFFF, 0xFFFF, 0xFFFF, 0xFFFF,
    0xFFFF, 0xFFFF, 0xFFFF, 0xFFFF, 0xFFFF, 0xFFFF, 0xFFFF, 0xFFFF, 0xFFFF, 0xFFFF, 0xFFFF, 0xFFFF, 0xFFFF, 0xFFFF, 0xFFFF, 0xFFFF,
    0xFFFF, 0xFFFF, 0xFFFF, 0xFFFF, 0xFFFF, 0xFFFF, 0xFFFF, 0xFFFF, 0xFFFF, 0xFFFF, 0xFFFF, 0xFFFF, 0xFFFF, 0xFFFF, 0xFFFF, 0xFFFF,
    0xFFFF, 0xFFFF, 0xFFFF, 0xFFFF, 0xFFFF, 0xFFFF, 0xFFFF, 0xFFFF, 0xFFFF, 0xFFFF, 0xFFFF, 0xFFFF, 0xFFFF, 0xFFFF, 0xFFFF, 0xFFFF,
    0xFFFF, 0xFFFF, 0xFFFF, 0xFFFF, 0xFFFF, 0xFFFF, 0xFFFF, 0xFFFF, 0xFFFF, 0xFFFF, 0xFFFF, 0xFFFF, 0xFFFF, 0xFFFF, 0xFFFF, 0xFFFF,
    0xFFFF, 0xFFFF, 0xFFFF, 0xFFFF, 0xFFFF, 0xFFFF, 0xFFFF, 0xFFFF, 0xFFFF, 0xFFFF, 0xFFFF, 0xFFFF, 0xF7DF, 0xD79D, 0xB75C, 0x6E98,
    0x5E78, 0x3E36, 0x2E16, 0x0DB4, 0x0DB4, 0x0DB4, 0x1DD5, 0x1DD5, 0x3E36, 0x0DB4, 0x0DB4, 0x0DB4, 0x0DB4, 0x0DB4, 0x0DB4, 0x0DB4,
    0x0DB4, 0x0DB4, 0x0DB4, 0x0DB4, 0x0DB4, 0x0DB4, 0x0DB4, 0x0DB4, 0x0DB4, 0x0DB4, 0x0DB4, 0x0DB4, 0x0DB4, 0x0DB4, 0x0DB4, 0x0DB4,
    0x0DB4, 0x0DB4, 0x0DB4, 0x0DB4, 0x0DB4, 0x0DB4, 0x0DB4, 0x0DB4, 0x0DB4, 0x0DB4, 0x0DB4, 0x0DB4, 0x0DB4, 0x0DB4, 0x0DB4, 0x0DB4,
    0x0DB4, 0x0DB4, 0x0DB4, 0x0DB4, 0x0DB4, 0x0DB4, 0x0DB4, 0x0DB4, 0x0DB4, 0x0DB4, 0x0DB4, 0x0DB4, 0x0DB4, 0x0DB4, 0x0DB4, 0x0DB4,
    0x0DB4, 0x0DB4, 0x0DB4, 0x0DB4, 0x0DB4, 0x0DB4, 0x0DB4, 0x0DB4, 0x0DB4, 0x0DB4, 0x0DB4, 0x0DB4, 0x0DB4, 0x0DB4, 0x0DB4, 0x0DB4,
    0x0DB4, 0x0DB4, 0x0DB4, 0x0DB4, 0x0DB4, 0x0DB4, 0x0DB4, 0x0DB4, 0x0DB4, 0x0DB4, 0x0DB4, 0x0DB4, 0x0DB4, 0x0DB4, 0x0DB4, 0x0DB4,
    0x0DB4, 0x0DB4, 0x0DB4, 0x0DB4, 0x0DB4, 0x0DB4, 0x0DB4, 0x0DB4, 0x0DB4, 0x0DB4, 0x0DB4, 0x0DB4, 0x0DB4, 0x0DB4, 0x0DB4, 0x0DB4,
    0x0DB4, 0x0DB4, 0x0DB4, 0x0DB4, 0x0DB4, 0x0DB4, 0x0DB4, 0x0DB4, 0x0DB4, 0x0DB4, 0x0DB4, 0x0DB4, 0x0DB4, 0x0DB4, 0x0DB4, 0x0DB4,
    0x0DB4, 0x0DB4, 0x0DB4, 0x0DB4, 0x0DB4, 0x0DB4, 0x0DB4, 0x0DB4, 0x0DB4, 0x0DB4, 0x0DB4, 0x0DB4, 0x0DB4, 0x0DB4, 0x0DB4, 0x0DB4,
    0x0DB4, 0x0DB4, 0x0DB4, 0x0DB4, 0x1DD5, 0x3E36, 0x6E98, 0x6E98, 0x86DA, 0x86DA, 0xC77D, 0xB75C, 0xD79D, 0xC77D, 0xD79D, 0xFFFF,
    0xFFFF, 0xFFFF, 0xFFFF, 0xFFFF, 0xFFFF, 0xFFFF, 0xFFFF, 0xFFFF, 0xFFFF, 0xFFFF, 0xFFFF, 0xFFFF, 0x86DA, 0x0DB4, 0x0DB4, 0x0DB4,
    0x0DB4, 0x0DB4, 0x0DB4, 0x0DB4, 0x0DB4, 0x1DD5, 0xBF97, 0xE7F8, 0xE7F8, 0xE7F8, 0xE7F8, 0xE7F8, 0xE7F8, 0xE7F8, 0xE7F8, 0xE7F8,
    0xE7F8, 0xAF77, 0x0DB4, 0x0DB4, 0x0DB4, 0x0DB4, 0x0DB4, 0x0DB4, 0xA73B, 0xFFFF, 0xFFFF, 0xFFFF, 0xFFFF, 0xFFFF, 0xFFFF, 0xFFFF,
    0xFFFF, 0xFFFF, 0xFFFF, 0xFFFF, 0xFFFF, 0xFFFF, 0xFFFF, 0xFFFF, 0xFFFF, 0xFFFF, 0xFFFF, 0xFFFF, 0xFFFF, 0xFFFF, 0xFFFF, 0xFFFF,
    0xFFFF, 0xFFFF, 0xFFFF, 0xFFFF, 0xFFFF, 0xFFFF, 0xFFFF, 0xFFFF, 0xFFFF, 0xFFFF, 0xFFFF, 0xFFFF, 0xFFFF, 0xFFFF, 0xFFFF, 0xFFFF,
    0xFFFF, 0xFFFF, 0xFFFF, 0xFFFF, 0xFFFF, 0xFFFF, 0xFFFF, 0xFFFF, 0xFFFF, 0xFFFF, 0xFFFF, 0xFFFF, 0xFFFF, 0xFFFF, 0xFFFF, 0xFFFF,
    0xFFFF, 0xFFFF, 0xFFFF, 0xFFFF, 0xFFFF, 0xFFFF, 0xFFFF, 0xFFFF, 0xFFFF, 0xFFFF, 0xFFFF, 0xFFFF, 0xFFFF, 0xFFFF, 0xFFFF, 0xFFFF,
    0xFFFF, 0xFFFF, 0xFFFF, 0xFFFF, 0xFFFF, 0xFFFF, 0xFFFF, 0xFFFF, 0xFFFF, 0xFFFF, 0xFFFF, 0xFFFF, 0xFFFF, 0xFFFF, 0xFFFF, 0xFFFF,
    0xFFFF, 0xFFFF, 0xFFFF, 0xFFFF, 0xFFFF, 0xFFFF, 0xFFFF, 0xFFFF, 0xFFFF, 0xFFFF, 0xFFFF, 0xFFFF, 0xFFFF, 0xFFFF, 0xFFFF, 0xFFFF,
    0xFFFF, 0xFFFF, 0xFFFF, 0xFFFF, 0xFFFF, 0xFFFF, 0xFFFF, 0xFFFF, 0xFFFF, 0xFFFF, 0xFFFF, 0xFFFF, 0xFFFF, 0xFFFF, 0xFFFF, 0xFFFF,
    0xFFFF, 0xFFFF, 0xE7BE, 0xD79D, 0x96FB, 0xA73B, 0x96FB, 0x96FB, 0x76B9, 0x96FA, 0x76B9, 0x6E98, 0x4E57, 0x3E36, 0x1DD5, 0x0DB4,
    0x1DD5, 0x0DB4, 0x0DB4, 0x0DB4, 0x0DB4, 0x0DB4, 0x0DB4, 0x0DB4, 0x0DB4, 0x0DB4, 0x0DB4, 0x0DB4, 0x0DB4, 0x0DB4, 0x0DB4, 0x0DB4,
    0x0DB4, 0x0DB4, 0x0DB4, 0x0DB4, 0x0DB4, 0x0DB4, 0x0DB4, 0x0DB4, 0x0DB4, 0x0DB4, 0x0DB4, 0x0DB4, 0x0DB4, 0x0DB4, 0x0DB4, 0x0DB4,
    0x0DB4, 0x0DB4, 0x0DB4, 0x0DB4, 0x0DB4, 0x0DB4, 0x0DB4, 0x0DB4, 0x0DB4, 0x0DB4, 0x0DB4, 0x0DB4, 0x0DB4, 0x0DB4, 0x0DB4, 0x0DB4,
    0x0DB4, 0x0DB4, 0x0DB4, 0x0DB4, 0x0DB4, 0x0DB4, 0x0DB4, 0x0DB4, 0x0DB4, 0x0DB4, 0x0DB4, 0x0DB4, 0x0DB4, 0x0DB4, 0x0DB4, 0x0DB4,
    0x0DB4, 0x0DB4, 0x0DB4, 0x0DB4, 0x0DB4, 0x0DB4, 0x0DB4, 0x0DB4, 0x0DB4, 0x0DB4, 0x0DB4, 0x0DB4, 0x0DB4, 0x0DB4, 0x0DB4, 0x0DB4,
    0x0DB4, 0x0DB4, 0x0DB4, 0x0DB4, 0x0DB4, 0x0DB4, 0x0DB4, 0x0DB4, 0x0DB4, 0x0DB4, 0x0DB4, 0x0DB4, 0x0DB4, 0x0DB4, 0x0DB4, 0x0DB4,
    0x0DB4, 0x0DB4, 0x0DB4, 0x0DB4, 0x0DB4, 0x0DB4, 0x0DB4, 0x0DB4, 0x0DB4, 0x0DB4, 0x0DB4, 0x0DB4, 0x0DB4, 0x0DB4, 0x0DB4, 0x0DB4,
    0x0DB4, 0x0DB4, 0x0DB4, 0x0DB4, 0x0DB4, 0x0DB4, 0x0DB4, 0x0DB4, 0x0DB4, 0x0DB4, 0x0DB4, 0x2E16, 0x4E57, 0x6E98, 0x6E98, 0x6E98,
    0x86DA, 0xA73B, 0xB75C, 0xE7BE, 0xFFFF, 0xFFFF, 0xFFFF, 0xFFFF, 0xFFFF, 0xFFFF, 0xFFFF, 0xFFFF, 0xFFFF, 0xFFFF, 0xFFFF, 0xFFFF,
    0xFFFF, 0xFFFF, 0xFFFF, 0xFFFF, 0xFFFF, 0xFFFF, 0xFFFF, 0xFFFF, 0xFFFF, 0xFFFF, 0xFFFF, 0xFFFF, 0xE7BE, 0x2E16, 0x0DB4, 0x0DB4,
    0x0DB4, 0x0DB4, 0x0DB4, 0x0DB4, 0x0DB4, 0x0DB4, 0x2E15, 0xCFB8, 0xE7F8, 0xE7F8, 0xE7F8, 0xE7F8, 0xE7F8, 0xE7F8, 0xE7F8, 0xE7F8,
    0xE7F8, 0xAF77, 0x0DB4, 0x0DB4, 0x0DB4, 0x0DB4, 0x0DB4, 0x0DB4, 0x6E98, 0xFFFF, 0xFFFF, 0xFFFF, 0xFFFF, 0xFFFF, 0xFFFF, 0xFFFF,
    0xFFFF, 0xFFFF, 0xFFFF, 0xFFFF, 0xFFFF, 0xFFFF, 0xFFFF, 0xFFFF, 0xFFFF, 0xFFFF, 0xFFFF, 0xFFFF, 0xFFFF, 0xFFFF, 0xFFFF, 0xFFFF,
    0xFFFF, 0xFFFF, 0xFFFF, 0xFFFF, 0xFFFF, 0xFFFF, 0xFFFF, 0xFFFF, 0xFFFF, 0xFFFF, 0xFFFF, 0xFFFF, 0xFFFF, 0xFFFF, 0xFFFF, 0xFFFF,
    0xFFFF, 0xFFFF, 0xFFFF, 0xFFFF, 0xFFFF, 0xFFFF, 0xFFFF, 0xFFFF, 0xFFFF, 0xFFFF, 0xFFFF, 0xFFFF, 0xFFFF, 0xFFFF, 0xFFFF, 0xFFFF,
    0xFFFF, 0xFFFF, 0xFFFF, 0xFFFF, 0xFFFF, 0xFFFF, 0xFFFF, 0xFFFF, 0xFFFF, 0xFFFF, 0xFFFF, 0xFFFF, 0xFFFF, 0xFFFF, 0xFFFF, 0xFFFF,
    0xFFFF, 0xFFFF, 0xFFFF, 0xFFFF, 0xFFFF, 0xFFFF, 0xFFFF, 0xFFFF, 0xFFFF, 0xFFFF, 0xFFFF, 0xFFFF, 0xFFFF, 0xFFFF, 0xFFFF, 0xFFFF,
    0xFFFF, 0xFFFF, 0xFFFF, 0xFFFF, 0xFFFF, 0xFFFF, 0xFFFF, 0xFFFF, 0xFFFF, 0xFFFF, 0xFFFF, 0xFFFF, 0xFFFF, 0xFFFF, 0xFFFF, 0xFFFF,
    0xFFFF, 0xFFFF, 0xFFFF, 0xFFFF, 0xFFFF, 0xFFFF, 0xFFFF, 0xFFFF, 0xFFFF, 0xFFFF, 0xFFFF, 0xFFFF, 0xFFFF, 0xFFFF, 0xFFFF, 0xFFFF,
    0xFFFF, 0xFFFF, 0xFFFF, 0xFFFF, 0xFFFF, 0xFFFF, 0xFFFF, 0xFFFF, 0xFFFF, 0xFFFF, 0xF7DF, 0xD79D, 0xFFFF, 0xF7DF, 0xD79D, 0xC77D,
    0xA73B, 0x96FB, 0xB75C, 0xA73B, 0x4E57, 0x3E36, 0x2E16, 0x2E16, 0x3E36, 0x1DD5, 0x0DB4, 0x0DB4, 0x0DB4, 0x0DB4, 0x0DB4, 0x0DB4,
    0x0DB4, 0x0DB4, 0x0DB4, 0x0DB4, 0x0DB4, 0x0DB4, 0x0DB4, 0x0DB4, 0x0DB4, 0x0DB4, 0x0DB4, 0x0DB4, 0x0DB4, 0x0DB4, 0x0DB4, 0x0DB4,
    0x0DB4, 0x0DB4, 0x0DB4, 0x0DB4, 0x0DB4, 0x0DB4, 0x0DB4, 0x0DB4, 0x0DB4, 0x0DB4, 0x0DB4, 0x0DB4, 0x0DB4, 0x0DB4, 0x0DB4, 0x0DB4,
    0x0DB4, 0x0DB4, 0x0DB4, 0x0DB4, 0x0DB4, 0x0DB4, 0x0DB4, 0x0DB4, 0x0DB4, 0x0DB4, 0x0DB4, 0x0DB4, 0x0DB4, 0x0DB4, 0x0DB4, 0x0DB4,
    0x0DB4, 0x0DB4, 0x0DB4, 0x0DB4, 0x0DB4, 0x0DB4, 0x0DB4, 0x0DB4, 0x0DB4, 0x0DB4, 0x0DB4, 0x0DB4, 0x0DB4, 0x0DB4, 0x0DB4, 0x0DB4,
    0x0DB4, 0x0DB4, 0x0DB4, 0x0DB4, 0x0DB4, 0x0DB4, 0x0DB4, 0x0DB4, 0x0DB4, 0x0DB4, 0x0DB4, 0x0DB4, 0x0DB4, 0x0DB4, 0x0DB4, 0x0DB4,
    0x0DB4, 0x0DB4, 0x0DB4, 0x0DB4, 0x0DB4, 0x0DB4, 0x0DB4, 0x0DB4, 0x0DB4, 0x0DB4, 0x0DB4, 0x0DB4, 0x0DB4, 0x0DB4, 0x0DB4, 0x1DD5,
    0x5E78, 0x6E98, 0x86DA, 0x86DA, 0x76B9, 0x96FB, 0xB75C, 0xC77D, 0xD79D, 0xE7BE, 0xFFFF, 0xFFFF, 0xFFFF, 0xFFFF, 0xFFFF, 0xFFFF,
    0xFFFF, 0xFFFF, 0xFFFF, 0xFFFF, 0xFFFF, 0xFFFF, 0xFFFF, 0xFFFF, 0xFFFF, 0xFFFF, 0xFFFF, 0xFFFF, 0xFFFF, 0xFFFF, 0xFFFF, 0xFFFF,
    0xFFFF, 0xFFFF, 0xFFFF, 0xFFFF, 0xFFFF, 0xFFFF, 0xFFFF, 0xFFFF, 0xFFFF, 0xFFFF, 0xFFFF, 0xFFFF, 0xFFFF, 0xE7BE, 0x1DD5, 0x0DB4,
    0x0DB4, 0x0DB4, 0x0DB4, 0x0DB4, 0x0DB4, 0x0DB4, 0x0DB4, 0x5676, 0xD7D8, 0xE7F8, 0xE7F8, 0xE7F8, 0xE7F8, 0xE7F8, 0xE7F8, 0xE7F8,
    0xE7F8, 0xCFB8, 0x0DB4, 0x0DB4, 0x0DB4, 0x0DB4, 0x0DB4, 0x0DB4, 0x4E57, 0xFFFF, 0xFFFF, 0xFFFF, 0xFFFF, 0xFFFF, 0xFFFF, 0xFFFF,
    0xFFFF, 0xFFFF, 0xFFFF, 0xFFFF, 0xFFFF, 0xFFFF, 0xFFFF, 0xFFFF, 0xFFFF, 0xFFFF, 0xFFFF, 0xFFFF, 0xFFFF, 0xFFFF, 0xFFFF, 0xFFFF,
    0xFFFF, 0xFFFF, 0xFFFF, 0xFFFF, 0xFFFF, 0xFFFF, 0xFFFF, 0xFFFF, 0xFFFF, 0xFFFF, 0xFFFF, 0xFFFF, 0xFFFF, 0xFFFF, 0xFFFF, 0xFFFF,
    0xFFFF, 0xFFFF, 0xFFFF, 0xFFFF, 0xFFFF, 0xFFFF, 0xFFFF, 0xFFFF, 0xFFFF, 0xFFFF, 0xFFFF, 0xFFFF, 0xFFFF, 0xFFFF, 0xFFFF, 0xFFFF,
    0xFFFF, 0xFFFF, 0xFFFF, 0xFFFF, 0xFFFF, 0xFFFF, 0xFFFF, 0xFFFF, 0xFFFF, 0xFFFF, 0xFFFF, 0xFFFF, 0xFFFF, 0xFFFF, 0xFFFF, 0xFFFF,
    0xFFFF, 0xFFFF, 0xFFFF, 0xFFFF, 0xFFFF, 0xFFFF, 0xFFFF, 0xFFFF, 0xFFFF, 0xFFFF, 0xFFFF, 0xFFFF, 0xFFFF, 0xFFFF, 0xFFFF, 0xFFFF,
    0xFFFF, 0xFFFF, 0xFFFF, 0xFFFF, 0xFFFF, 0xFFFF, 0xFFFF, 0xFFFF, 0xFFFF, 0xFFFF, 0xFFFF, 0xFFFF, 0xFFFF, 0xFFFF, 0xFFFF, 0xFFFF,
    0xFFFF, 0xFFFF, 0xFFFF, 0xFFFF, 0xFFFF, 0xFFFF, 0xFFFF, 0xFFFF, 0xFFFF, 0xFFFF, 0xFFFF, 0xFFFF, 0xFFFF, 0xFFFF, 0xFFFF, 0xFFFF,
    0xFFFF, 0xFFFF, 0xFFFF, 0xFFFF, 0xFFFF, 0xFFFF, 0xFFFF, 0xFFFF, 0xFFFF, 0xFFFF, 0xFFFF, 0xFFFF, 0xFFFF, 0xFFFF, 0xFFFF, 0xFFFF,
    0xFFFF, 0xFFFF, 0xFFFF, 0xFFFF, 0xF7DF, 0xD79D, 0xE7BE, 0xE7BE, 0xF7DF, 0xFFFF, 0xD79D, 0x96FB, 0xC77D, 0xB75C, 0x96FB, 0xA73B,
    0x76B9, 0xA73B, 0x86DA, 0x76B9, 0x86DA, 0x96FB, 0x96FB, 0x76B9, 0x2E16, 0x1DD5, 0x1DD5, 0x2E16, 0x4E57, 0x3E36, 0x0DB4, 0x0DB4,
    0x0DB4, 0x0DB4, 0x0DB4, 0x0DB4, 0x0DB4, 0x0DB4, 0x0DB4, 0x0DB4, 0x0DB4, 0x0DB4, 0x0DB4, 0x0DB4, 0x0DB4, 0x0DB4, 0x0DB4, 0x0DB4,
    0x0DB4, 0x0DB4, 0x0DB4, 0x0DB4, 0x0DB4, 0x0DB4, 0x0DB4, 0x0DB4, 0x0DB4, 0x0DB4, 0x0DB4, 0x0DB4, 0x0DB4, 0x0DB4, 0x0DB4, 0x0DB4,
    0x0DB4, 0x0DB4, 0x0DB4, 0x0DB4, 0x0DB4, 0x0DB4, 0x0DB4, 0x0DB4, 0x0DB4, 0x0DB4, 0x0DB4, 0x0DB4, 0x0DB4, 0x0DB4, 0x0DB4, 0x0DB4,
    0x0DB4, 0x0DB4, 0x0DB4, 0x0DB4, 0x0DB4, 0x0DB4, 0x0DB4, 0x0DB4, 0x0DB4, 0x0DB4, 0x0DB4, 0x0DB4, 0x1DD5, 0x2E16, 0x2E16, 0x2E16,
    0x4E57, 0x3E36, 0x4E57, 0x5E78, 0x6E98, 0x76B9, 0x76B9, 0x76B9, 0x86DA, 0x96FB, 0xB75C, 0xB75C, 0xC77D, 0xE7BE, 0xF7DF, 0xFFFF,
    0xFFFF, 0xFFFF, 0xFFFF, 0xFFFF, 0xFFFF, 0xFFFF, 0xFFFF, 0xFFFF, 0xFFFF, 0xFFFF, 0xFFFF, 0xFFFF, 0xFFFF, 0xFFFF, 0xFFFF, 0xFFFF,
    0xFFFF, 0xFFFF, 0xFFFF, 0xFFFF, 0xFFFF, 0xFFFF, 0xFFFF, 0xFFFF, 0xFFFF, 0xFFFF, 0xFFFF, 0xFFFF, 0xFFFF, 0xFFFF, 0xFFFF, 0xFFFF,
    0xFFFF, 0xFFFF, 0xFFFF, 0xFFFF, 0xFFFF, 0xFFFF, 0xFFFF, 0xFFFF, 0xFFFF, 0xFFFF, 0xFFFF, 0xFFFF, 0xFFFF, 0xFFFF, 0xD79D, 0x1DD5,
    0x0DB4, 0x0DB4, 0x0DB4, 0x0DB4, 0x0DB4, 0x0DB4, 0x0DB4, 0x0DB4, 0x4655, 0xE7F8, 0xE7F8, 0xE7F8, 0xE7F8, 0xE7F8, 0xE7F8, 0xE7F8,
    0xE7F8, 0xA757, 0x0DB4, 0x0DB4, 0x0DB4, 0x0DB4, 0x0DB4, 0x0DB4, 0x76B9, 0xFFFF, 0xFFFF, 0xFFFF, 0xFFFF, 0xFFFF, 0xFFFF, 0xFFFF,
    0xFFFF, 0xFFFF, 0xFFFF, 0xFFFF, 0xFFFF, 0xFFFF, 0xFFFF, 0xFFFF, 0xFFFF, 0xFFFF, 0xFFFF, 0xFFFF, 0xFFFF, 0xFFFF, 0xFFFF, 0xFFFF,
    0xFFFF, 0xFFFF, 0xFFFF, 0xFFFF, 0xFFFF, 0xFFFF, 0xFFFF, 0xFFFF, 0xFFFF, 0xFFFF, 0xFFFF, 0xFFFF, 0xFFFF, 0xFFFF, 0xFFFF, 0xFFFF,
    0xFFFF, 0xFFFF, 0xFFFF, 0xFFFF, 0xFFFF, 0xFFFF, 0xFFFF, 0xFFFF, 0xFFFF, 0xFFFF, 0xFFFF, 0xFFFF, 0xFFFF, 0xFFFF, 0xFFFF, 0xFFFF,
    0xFFFF, 0xFFFF, 0xFFFF, 0xFFFF, 0xFFFF, 0xFFFF, 0xFFFF, 0xFFFF, 0xFFFF, 0xFFFF, 0xFFFF, 0xFFFF, 0xFFFF, 0xFFFF, 0xFFFF, 0xFFFF,
    0xFFFF, 0xFFFF, 0xFFFF, 0xFFFF, 0xFFFF, 0xFFFF, 0xFFFF, 0xFFFF, 0xFFFF, 0xFFFF, 0xFFFF, 0xFFFF, 0xFFFF, 0xFFFF, 0xFFFF, 0xFFFF,
    0xFFFF, 0xFFFF, 0xFFFF, 0xFFFF, 0xFFFF, 0xFFFF, 0xFFFF, 0xFFFF, 0xFFFF, 0xFFFF, 0xFFFF, 0xFFFF, 0xFFFF, 0xFFFF, 0xFFFF, 0xFFFF,
    0xFFFF, 0xFFFF, 0xFFFF, 0xFFFF, 0xFFFF, 0xFFFF, 0xFFFF, 0xFFFF, 0xFFFF, 0xFFFF, 0xFFFF, 0xFFFF, 0xFFFF, 0xFFFF, 0xFFFF, 0xFFFF,
    0xFFFF, 0xFFFF, 0xFFFF, 0xFFFF, 0xFFFF, 0xFFFF, 0xFFFF, 0xFFFF, 0xFFFF, 0xFFFF, 0xFFFF, 0xFFFF, 0xFFFF, 0xFFFF, 0xFFFF, 0xFFFF,
    0xFFFF, 0xFFFF, 0xFFFF, 0xFFFF, 0xFFFF, 0xFFFF, 0xFFFF, 0xFFFF, 0xFFFF, 0xFFFF, 0xFFFF, 0xFFFF, 0xFFFF, 0xFFFF, 0xFFFF, 0xFFFF,
    0xFFFF, 0xFFFF, 0xFFFF, 0xFFFF, 0xFFFF, 0xE7BE, 0xFFFF, 0xFFFF, 0xE7BE, 0xC77D, 0xE7BE, 0xE7BE, 0xE7BE, 0xC77D, 0xA73B, 0xB75C,
    0xE7BE, 0xB75C, 0x96FB, 0x86DA, 0x86DA, 0x6E98, 0x86DA, 0x6E98, 0x6E98, 0x5E78, 0x96FB, 0x76B9, 0x6E98, 0x6E98, 0x5E78, 0x4E57,
    0x3E36, 0x6E98, 0x5E78, 0x5E78, 0x6E98, 0x6E98, 0x4E57, 0x4E57, 0x2E16, 0x2E16, 0x1DD5, 0x2E16, 0x4E57, 0x0DB4, 0x2E16, 0x1DD5,
    0x0DB4, 0x0DB4, 0x0DB4, 0x0DB4, 0x0DB4, 0x0DB4, 0x4E57, 0x6E98, 0x3E36, 0x2E16, 0x5E78, 0x6E98, 0x6E98, 0x5E78, 0x6E98, 0x3E36,
    0x5E78, 0x6E98, 0x76B9, 0x6E98, 0x96FB, 0xA73B, 0xB75C, 0xC77D, 0xC77D, 0xC77D, 0xF7DF, 0xFFFF, 0xFFFF, 0xFFFF, 0xFFFF, 0xFFFF,
    0xFFFF, 0xFFFF, 0xFFFF, 0xFFFF, 0xFFFF, 0xFFFF, 0xFFFF, 0xFFFF, 0xFFFF, 0xFFFF, 0xFFFF, 0xFFFF, 0xFFFF, 0xFFFF, 0xFFFF, 0xFFFF,
    0xFFFF, 0xFFFF, 0xFFFF, 0xFFFF, 0xFFFF, 0xFFFF, 0xFFFF, 0xFFFF, 0xFFFF, 0xFFFF, 0xFFFF, 0xFFFF, 0xFFFF, 0xFFFF, 0xFFFF, 0xFFFF,
    0xFFFF, 0xFFFF, 0xFFFF, 0xFFFF, 0xFFFF, 0xFFFF, 0xFFFF, 0xFFFF, 0xFFFF, 0xFFFF, 0xFFFF, 0xFFFF, 0xFFFF, 0xFFFF, 0xFFFF, 0xFFFF,
    0xFFFF, 0xFFFF, 0xFFFF, 0xFFFF, 0xFFFF, 0xFFFF, 0xFFFF, 0xFFFF, 0xFFFF, 0xFFFF, 0xFFFF, 0xFFFF, 0xFFFF, 0xFFFF, 0xFFFF, 0xA73B,
    0x0DB4, 0x0DB4, 0x0DB4, 0x0DB4, 0x0DB4, 0x0DB4, 0x0DB4, 0x0DB4, 0x0DB4, 0x6EB6, 0xE7F8, 0xE7F8, 0xE7F8, 0xE7F8, 0xE7F8, 0xE7F8,
    0xE7F8, 0xCFB8, 0x0DB4, 0x0DB4, 0x0DB4, 0x0DB4, 0x0DB4, 0x0DB4, 0x6E99, 0xFFFF, 0xFFFF, 0xFFFF, 0xFFFF, 0xFFFF, 0xFFFF, 0xFFFF,
    0xFFFF, 0xFFFF, 0xFFFF, 0xFFFF, 0xFFFF, 0xFFFF, 0xFFFF, 0xFFFF, 0xFFFF, 0xFFFF, 0xFFFF, 0xFFFF, 0xFFFF, 0xFFFF, 0xFFFF, 0xFFFF,
    0xFFFF, 0xFFFF, 0xFFFF, 0xFFFF, 0xFFFF, 0xFFFF, 0xFFFF, 0xFFFF, 0xFFFF, 0xFFFF, 0xFFFF, 0xFFFF, 0xFFFF, 0xFFFF, 0xFFFF, 0xFFFF,
    0xFFFF, 0xFFFF, 0xFFFF, 0xFFFF, 0xFFFF, 0xFFFF, 0xFFFF, 0xFFFF, 0xFFFF, 0xFFFF, 0xFFFF, 0xFFFF, 0xFFFF, 0xFFFF, 0xFFFF, 0xFFFF,
    0xFFFF, 0xFFFF, 0xFFFF, 0xFFFF, 0xFFFF, 0xFFFF, 0xFFFF, 0xFFFF, 0xFFFF, 0xFFFF, 0xFFFF, 0xFFFF, 0xFFFF, 0xFFFF, 0xFFFF, 0xFFFF,
    0xFFFF, 0xFFFF, 0xFFFF, 0xFFFF, 0xFFFF, 0xFFFF, 0xFFFF, 0xFFFF, 0xFFFF, 0xFFFF, 0xFFFF, 0xFFFF, 0xFFFF, 0xFFFF, 0xFFFF, 0xFFFF,
    0xFFFF, 0xFFFF, 0xFFFF, 0xFFFF, 0xFFFF, 0xFFFF, 0xFFFF, 0xFFFF, 0xFFFF, 0xFFFF, 0xFFFF, 0xFFFF, 0xFFFF, 0xFFFF, 0xFFFF, 0xFFFF,
    0xFFFF, 0xFFFF, 0xFFFF, 0xFFFF, 0xFFFF, 0xFFFF, 0xFFFF, 0xFFFF, 0xFFFF, 0xFFFF, 0xFFFF, 0xFFFF, 0xFFFF, 0xFFFF, 0xFFFF, 0xFFFF,
    0xFFFF, 0xFFFF, 0xFFFF, 0xFFFF, 0xFFFF, 0xFFFF, 0xFFFF, 0xFFFF, 0xFFFF, 0xFFFF, 0xFFFF, 0xFFFF, 0xFFFF, 0xFFFF, 0xFFFF, 0xFFFF,
    0xFFFF, 0xFFFF, 0xFFFF, 0xFFFF, 0xFFFF, 0xFFFF, 0xFFFF, 0xFFFF, 0xFFFF, 0xFFFF, 0xFFFF, 0xFFFF, 0xFFFF, 0xFFFF, 0xFFFF, 0xFFFF,
    0xFFFF, 0xFFFF, 0xFFFF, 0xFFFF, 0xFFFF, 0xFFFF, 0xFFFF, 0xFFFF, 0xFFFF, 0xFFFF, 0xFFFF, 0xFFFF, 0xFFFF, 0xFFFF, 0xFFFF, 0xFFFF,
    0xFFFF, 0xFFFF, 0xFFFF, 0xFFFF, 0xFFFF, 0xFFFF, 0xFFFF, 0xFFFF, 0xFFFF, 0xFFFF, 0xFFFF, 0xFFFF, 0xFFFF, 0xFFFF, 0xFFFF, 0xFFFF,
    0xFFFF, 0xFFFF, 0xFFFF, 0xFFFF, 0xFFFF, 0xFFFF, 0xE7BE, 0xFFFF, 0xFFFF, 0xFFFF, 0xFFFF, 0xFFFF, 0xFFFF, 0xFFFF, 0xFFFF, 0xFFFF,
    0xFFFF, 0xFFFF, 0xFFFF, 0xFFFF, 0xFFFF, 0xFFFF, 0xFFFF, 0xFFFF, 0xFFFF, 0xFFFF, 0xFFFF, 0xFFFF, 0xFFFF, 0xFFFF, 0xFFFF, 0xFFFF,
    0xFFFF, 0xFFFF, 0xFFFF, 0xFFFF, 0xFFFF, 0xFFFF, 0xFFFF, 0xFFFF, 0xFFFF, 0xFFFF, 0xFFFF, 0xFFFF, 0xFFFF, 0xFFFF, 0xFFFF, 0xFFFF,
    0xFFFF, 0xFFFF, 0xFFFF, 0xFFFF, 0xFFFF, 0xFFFF, 0xFFFF, 0xFFFF, 0xFFFF, 0xFFFF, 0xFFFF, 0xFFFF, 0xFFFF, 0xFFFF, 0xFFFF, 0xFFFF,
    0xFFFF, 0xFFFF, 0xFFFF, 0xFFFF, 0xFFFF, 0xFFFF, 0xFFFF, 0xFFFF, 0xFFFF, 0xFFFF, 0xFFFF, 0xFFFF, 0xFFFF, 0xFFFF, 0xFFFF, 0xFFFF,
    0xFFFF, 0xFFFF, 0xFFFF, 0xFFFF, 0xFFFF, 0xFFFF, 0xFFFF, 0xFFFF, 0xFFFF, 0xFFFF, 0xFFFF, 0xFFFF, 0xFFFF, 0xFFFF, 0xFFFF, 0xFFFF,
    0xFFFF, 0xFFFF, 0xFFFF, 0xFFFF, 0xFFFF, 0xFFFF, 0xFFFF, 0xFFFF, 0xFFFF, 0xFFFF, 0xFFFF, 0xFFFF, 0xFFFF, 0xFFFF, 0xFFFF, 0xFFFF,
    0x86DA, 0x0DB4, 0x0DB4, 0x0DB4, 0x0DB4, 0x0DB4, 0x0DB4, 0x0DB4, 0x0DB4, 0x0DB4, 0x7ED6, 0xE7F8, 0xE7F8, 0xE7F8, 0xE7F8, 0xE7F8,
    0xE7F8, 0xA757, 0x0DB4, 0x0DB4, 0x0DB4, 0x0DB4, 0x0DB4, 0x0DB4, 0xA73B, 0xFFFF, 0xFFFF, 0xFFFF, 0xFFFF, 0xFFFF, 0xFFFF, 0xFFFF,
    0xFFFF, 0xFFFF, 0xFFFF, 0xFFFF, 0xFFFF, 0xFFFF, 0xFFFF, 0xFFFF, 0xFFFF, 0xFFFF, 0xFFFF, 0xFFFF, 0xFFFF, 0xFFFF, 0xFFFF, 0xFFFF,
    0xFFFF, 0xFFFF, 0xFFFF, 0xFFFF, 0xFFFF, 0xFFFF, 0xFFFF, 0xFFFF, 0xFFFF, 0xFFFF, 0xFFFF, 0xFFFF, 0xFFFF, 0xFFFF, 0xFFFF, 0xFFFF,
    0xFFFF, 0xFFFF, 0xFFFF, 0xFFFF, 0xFFFF, 0xFFFF, 0xFFFF, 0xFFFF, 0xFFFF, 0xFFFF, 0xFFFF, 0xFFFF, 0xFFFF, 0xFFFF, 0xFFFF, 0xFFFF,
    0xFFFF, 0xFFFF, 0xFFFF, 0xFFFF, 0xFFFF, 0xFFFF, 0xFFFF, 0xFFFF, 0xFFFF, 0xFFFF, 0xFFFF, 0xFFFF, 0xFFFF, 0xFFFF, 0xFFFF, 0xFFFF,
    0xFFFF, 0xFFFF, 0xFFFF, 0xFFFF, 0xFFFF, 0xFFFF, 0xFFFF, 0xFFFF, 0xFFFF, 0xFFFF, 0xFFFF, 0xFFFF, 0xFFFF, 0xFFFF, 0xFFFF, 0xFFFF,
    0xFFFF, 0xFFFF, 0xFFFF, 0xFFFF, 0xFFFF, 0xFFFF, 0xFFFF, 0xFFFF, 0xFFFF, 0xFFFF, 0xFFFF, 0xFFFF, 0xFFFF, 0xFFFF, 0xFFFF, 0xFFFF,
    0xFFFF, 0xFFFF, 0xFFFF, 0xFFFF, 0xFFFF, 0xFFFF, 0xFFFF, 0xFFFF, 0xFFFF, 0xFFFF, 0xFFFF, 0xFFFF, 0xFFFF, 0xFFFF, 0xFFFF, 0xFFFF,
    0xFFFF, 0xFFFF, 0xFFFF, 0xFFFF, 0xFFFF, 0xFFFF, 0xFFFF, 0xFFFF, 0xFFFF, 0xFFFF, 0xFFFF, 0xFFFF, 0xFFFF, 0xFFFF, 0xFFFF, 0xFFFF,
    0xFFFF, 0xFFFF, 0xFFFF, 0xFFFF, 0xFFFF, 0xFFFF, 0xFFFF, 0xFFFF, 0xFFFF, 0xFFFF, 0xFFFF, 0xFFFF, 0xFFFF, 0xFFFF, 0xFFFF, 0xFFFF,
    0xFFFF, 0xFFFF, 0xFFFF, 0xFFFF, 0xFFFF, 0xFFFF, 0xFFFF, 0xFFFF, 0xFFFF, 0xFFFF, 0xFFFF, 0xFFFF, 0xFFFF, 0xFFFF, 0xFFFF, 0xFFFF,
    0xFFFF, 0xFFFF, 0xFFFF, 0xFFFF, 0xFFFF, 0xFFFF, 0xFFFF, 0xFFFF, 0xFFFF, 0xFFFF, 0xFFFF, 0xFFFF, 0xFFFF, 0xFFFF, 0xFFFF, 0xFFFF,
    0xFFFF, 0xFFFF, 0xFFFF, 0xFFFF, 0xFFFF, 0xFFFF, 0xFFFF, 0xFFFF, 0xFFFF, 0xFFFF, 0xFFFF, 0xFFFF, 0xFFFF, 0xFFFF, 0xFFFF, 0xFFFF,
    0xFFFF, 0xFFFF, 0xFFFF, 0xFFFF, 0xFFFF, 0xFFFF, 0xFFFF, 0xFFFF, 0xFFFF, 0xFFFF, 0xFFFF, 0xFFFF, 0xFFFF, 0xFFFF, 0xFFFF, 0xFFFF,
    0xFFFF, 0xFFFF, 0xFFFF, 0xFFFF, 0xFFFF, 0xFFFF, 0xFFFF, 0xFFFF, 0xFFFF, 0xFFFF, 0xFFFF, 0xFFFF, 0xFFFF, 0xFFFF, 0xFFFF, 0xFFFF,
    0xFFFF, 0xFFFF, 0xFFFF, 0xFFFF, 0xFFFF, 0xFFFF, 0xFFFF, 0xFFFF, 0xFFFF, 0xFFFF, 0xFFFF, 0xFFFF, 0xFFFF, 0xFFFF, 0xFFFF, 0xFFFF,
    0xFFFF, 0xFFFF, 0xFFFF, 0xFFFF, 0xFFFF, 0xFFFF, 0xFFFF, 0xFFFF, 0xFFFF, 0xFFFF, 0xFFFF, 0xFFFF, 0xFFFF, 0xFFFF, 0xFFFF, 0xFFFF,
    0xFFFF, 0xFFFF, 0xFFFF, 0xFFFF, 0xFFFF, 0xFFFF, 0xFFFF, 0xFFFF, 0xFFFF, 0xFFFF, 0xFFFF, 0xFFFF, 0xFFFF, 0xFFFF, 0xFFFF, 0xFFFF,
    0xFFFF, 0xFFFF, 0xFFFF, 0xFFFF, 0xFFFF, 0xFFFF, 0xFFFF, 0xFFFF, 0xFFFF, 0xFFFF, 0xFFFF, 0xFFFF, 0xFFFF, 0xFFFF, 0xFFFF, 0xFFFF,
    0xFFFF, 0x76B9, 0x0DB4, 0x0DB4, 0x0DB4, 0x0DB4, 0x0DB4, 0x0DB4, 0x0DB4, 0x0DB4, 0x0DB4, 0xCFB8, 0xE7F8, 0xE7F8, 0xE7F8, 0xE7F8,
    0xE7F8, 0xBF97, 0x0DB4, 0x0DB4, 0x0DB4, 0x0DB4, 0x0DB4, 0x0DB4, 0x96FB, 0xFFFF, 0xFFFF, 0xFFFF, 0xFFFF, 0xFFFF, 0xFFFF, 0xFFFF,
    0xFFFF, 0xFFFF, 0xFFFF, 0xFFFF, 0xFFFF, 0xFFFF, 0xFFFF, 0xFFFF, 0xFFFF, 0xFFFF, 0xFFFF, 0xFFFF, 0xFFFF, 0xFFFF, 0xFFFF, 0xFFFF,
    0xFFFF, 0xFFFF, 0xFFFF, 0xFFFF, 0xFFFF, 0xFFFF, 0xFFFF, 0xFFFF, 0xFFFF, 0xFFFF, 0xFFFF, 0xFFFF, 0xFFFF, 0xFFFF, 0xFFFF, 0xFFFF,
    0xFFFF, 0xFFFF, 0xFFFF, 0xFFFF, 0xFFFF, 0xFFFF, 0xFFFF, 0xFFFF, 0xFFFF, 0xFFFF, 0xFFFF, 0xFFFF, 0xFFFF, 0xFFFF, 0xFFFF, 0xFFFF,
    0xFFFF, 0xFFFF, 0xFFFF, 0xFFFF, 0xFFFF, 0xFFFF, 0xFFFF, 0xFFFF, 0xFFFF, 0xFFFF, 0xFFFF, 0xFFFF, 0xFFFF, 0xFFFF, 0xFFFF, 0xFFFF,
    0xFFFF, 0xFFFF, 0xFFFF, 0xFFFF, 0xFFFF, 0xFFFF, 0xFFFF, 0xFFFF, 0xFFFF, 0xFFFF, 0xFFFF, 0xFFFF, 0xFFFF, 0xFFFF, 0xFFFF, 0xFFFF,
    0xFFFF, 0xFFFF, 0xFFFF, 0xFFFF, 0xFFFF, 0xFFFF, 0xFFFF, 0xFFFF, 0xFFFF, 0xFFFF, 0xFFFF, 0xFFFF, 0xFFFF, 0xFFFF, 0xFFFF, 0xFFFF,
    0xFFFF, 0xFFFF, 0xFFFF, 0xFFFF, 0xFFFF, 0xFFFF, 0xFFFF, 0xFFFF, 0xFFFF, 0xFFFF, 0xFFFF, 0xFFFF, 0xFFFF, 0xFFFF, 0xFFFF, 0xFFFF,
    0xFFFF, 0xFFFF, 0xFFFF, 0xFFFF, 0xFFFF, 0xFFFF, 0xFFFF, 0xFFFF, 0xFFFF, 0xFFFF, 0xFFFF, 0xFFFF, 0xFFFF, 0xFFFF, 0xFFFF, 0xFFFF,
    0xFFFF, 0xFFFF, 0xFFFF, 0xFFFF, 0xFFFF, 0xFFFF, 0xFFFF, 0xFFFF, 0xFFFF, 0xFFFF, 0xFFFF, 0xFFFF, 0xFFFF, 0xFFFF, 0xFFFF, 0xFFFF,
    0xFFFF, 0xFFFF, 0xFFFF, 0xFFFF, 0xFFFF, 0xFFFF, 0xFFFF, 0xFFFF, 0xFFFF, 0xFFFF, 0xFFFF, 0xFFFF, 0xFFFF, 0xFFFF, 0xFFFF, 0xFFFF,
    0xFFFF, 0xFFFF, 0xFFFF, 0xFFFF, 0xFFFF, 0xFFFF, 0xFFFF, 0xFFFF, 0xFFFF, 0xFFFF, 0xFFFF, 0xFFFF, 0xFFFF, 0xFFFF, 0xFFFF, 0xFFFF,
    0xFFFF, 0xFFFF, 0xFFFF, 0xFFFF, 0xFFFF, 0xFFFF, 0xFFFF, 0xFFFF, 0xFFFF, 0xFFFF, 0xFFFF, 0xFFFF, 0xFFFF, 0xFFFF, 0xFFFF, 0xFFFF,
    0xFFFF, 0xFFFF, 0xFFFF, 0xFFFF, 0xFFFF, 0xFFFF, 0xFFFF, 0xFFFF, 0xFFFF, 0xFFFF, 0xFFFF, 0xFFFF, 0xFFFF, 0xFFFF, 0xFFFF, 0xFFFF,
    0xFFFF, 0xFFFF, 0xFFFF, 0xFFFF, 0xFFFF, 0xFFFF, 0xFFFF, 0xFFFF, 0xFFFF, 0xFFFF, 0xFFFF, 0xFFFF, 0xFFFF, 0xFFFF, 0xFFFF, 0xFFFF,
    0xFFFF, 0xFFFF, 0xFFFF, 0xFFFF, 0xFFFF, 0xFFFF, 0xFFFF, 0xFFFF, 0xFFFF, 0xFFFF, 0xFFFF, 0xFFFF, 0xFFFF, 0xFFFF, 0xFFFF, 0xFFFF,
    0xFFFF, 0xFFFF, 0xFFFF, 0xFFFF, 0xFFFF, 0xFFFF, 0xFFFF, 0xFFFF, 0xFFFF, 0xFFFF, 0xFFFF, 0xFFFF, 0xFFFF, 0xFFFF, 0xFFFF, 0xFFFF,
    0xFFFF, 0xFFFF, 0xFFFF, 0xFFFF, 0xFFFF, 0xFFFF, 0xFFFF, 0xFFFF, 0xFFFF, 0xFFFF, 0xFFFF, 0xFFFF, 0xFFFF, 0xFFFF, 0xFFFF, 0xFFFF,
    0xFFFF, 0xFFFF, 0xFFFF, 0xFFFF, 0xFFFF, 0xFFFF, 0xFFFF, 0xFFFF, 0xFFFF, 0xFFFF, 0xFFFF, 0xFFFF, 0xFFFF, 0xFFFF, 0xFFFF, 0xFFFF,
    0xFFFF, 0xFFFF, 0x5E78, 0x2E16, 0x1DD5, 0x0DB4, 0x0DB4, 0x0DB4, 0x0DB4, 0x0DB4, 0x0DB4, 0x2E15, 0xCFB8, 0xE7F8, 0xE7F8, 0xE7F8,
    0xE7F8, 0xAF77, 0x0DB4, 0x0DB4, 0x0DB4, 0x0DB4, 0x0DB4, 0x0DB4, 0xA73B, 0xFFFF, 0xFFFF, 0xFFFF, 0xFFFF, 0xFFFF, 0xFFFF, 0xFFFF,
    0xFFFF, 0xFFFF, 0xFFFF, 0xFFFF, 0xFFFF, 0xFFFF, 0xFFFF, 0xFFFF, 0xFFFF, 0xFFFF, 0xFFFF, 0xFFFF, 0xFFFF, 0xFFFF, 0xFFFF, 0xFFFF,
    0xFFFF, 0xFFFF, 0xFFFF, 0xFFFF, 0xFFFF, 0xFFFF, 0xFFFF, 0xFFFF, 0xFFFF, 0xFFFF, 0xFFFF, 0xFFFF, 0xFFFF, 0xFFFF, 0xFFFF, 0xFFFF,
    0xFFFF, 0xFFFF, 0xFFFF, 0xFFFF, 0xFFFF, 0xFFFF, 0xFFFF, 0xFFFF, 0xFFFF, 0xFFFF, 0xFFFF, 0xFFFF, 0xFFFF, 0xFFFF, 0xFFFF, 0xFFFF,
    0xFFFF, 0xFFFF, 0xFFFF, 0xFFFF, 0xFFFF, 0xFFFF, 0xFFFF, 0xFFFF, 0xFFFF, 0xFFFF, 0xFFFF, 0xFFFF, 0xFFFF, 0xFFFF, 0xFFFF, 0xFFFF,
    0xFFFF, 0xFFFF, 0xFFFF, 0xFFFF, 0xFFFF, 0xFFFF, 0xFFFF, 0xFFFF, 0xFFFF, 0xFFFF, 0xFFFF, 0xFFFF, 0xFFFF, 0xFFFF, 0xFFFF, 0xFFFF,
    0xFFFF, 0xFFFF, 0xFFFF, 0xFFFF, 0xFFFF, 0xFFFF, 0xFFFF, 0xFFFF, 0xFFFF, 0xFFFF, 0xFFFF, 0xFFFF, 0xFFFF, 0xFFFF, 0xFFFF, 0xFFFF,
    0xFFFF, 0xFFFF, 0xFFFF, 0xFFFF, 0xFFFF, 0xFFFF, 0xFFFF, 0xFFFF, 0xFFFF, 0xFFFF, 0xFFFF, 0xFFFF, 0xFFFF, 0xFFFF, 0xFFFF, 0xFFFF,
    0xFFFF, 0xFFFF, 0xFFFF, 0xFFFF, 0xFFFF, 0xFFFF, 0xFFFF, 0xFFFF, 0xFFFF, 0xFFFF, 0xFFFF, 0xFFFF, 0xFFFF, 0xFFFF, 0xFFFF, 0xFFFF,
    0xFFFF, 0xFFFF, 0xFFFF, 0xFFFF, 0xFFFF, 0xFFFF, 0xFFFF, 0xFFFF, 0xFFFF, 0xFFFF, 0xFFFF, 0xFFFF, 0xFFFF, 0xFFFF, 0xFFFF, 0xFFFF,
    0xFFFF, 0xFFFF, 0xFFFF, 0xFFFF, 0xFFFF, 0xFFFF, 0xFFFF, 0xFFFF, 0xFFFF, 0xFFFF, 0xFFFF, 0xFFFF, 0xFFFF, 0xFFFF, 0xFFFF, 0xFFFF,
    0xFFFF, 0xFFFF, 0xFFFF, 0xFFFF, 0xFFFF, 0xFFFF, 0xFFFF, 0xFFFF, 0xFFFF, 0xFFFF, 0xFFFF, 0xFFFF, 0xFFFF, 0xFFFF, 0xFFFF, 0xFFFF,
    0xFFFF, 0xFFFF, 0xFFFF, 0xFFFF, 0xFFFF, 0xFFFF, 0xFFFF, 0xFFFF, 0xFFFF, 0xFFFF, 0xFFFF, 0xFFFF, 0xFFFF, 0xFFFF, 0xFFFF, 0xFFFF,
    0xFFFF, 0xFFFF, 0xFFFF, 0xFFFF, 0xFFFF, 0xFFFF, 0xFFFF, 0xFFFF, 0xFFFF, 0xFFFF, 0xFFFF, 0xFFFF, 0xFFFF, 0xFFFF, 0xFFFF, 0xFFFF,
    0xFFFF, 0xFFFF, 0xFFFF, 0xFFFF, 0xFFFF, 0xFFFF, 0xFFFF, 0xFFFF, 0xFFFF, 0xFFFF, 0xFFFF, 0xFFFF, 0xFFFF, 0xFFFF, 0xFFFF, 0xFFFF,
    0xFFFF, 0xFFFF, 0xFFFF, 0xFFFF, 0xFFFF, 0xFFFF, 0xFFFF, 0xFFFF, 0xFFFF, 0xFFFF, 0xFFFF, 0xFFFF, 0xFFFF, 0xFFFF, 0xFFFF, 0xFFFF,
    0xFFFF, 0xFFFF, 0xFFFF, 0xFFFF, 0xFFFF, 0xFFFF, 0xFFFF, 0xFFFF, 0xFFFF, 0xFFFF, 0xFFFF, 0xFFFF, 0xFFFF, 0xFFFF, 0xFFFF, 0xFFFF,
    0xFFFF, 0xFFFF, 0xFFFF, 0xFFFF, 0xFFFF, 0xFFFF, 0xFFFF, 0xFFFF, 0xFFFF, 0xFFFF, 0xFFFF, 0xFFFF, 0xFFFF, 0xFFFF, 0xFFFF, 0xFFFF,
    0xFFFF, 0xFFFF, 0xFFFF, 0xFFFF, 0xFFFF, 0xFFFF, 0xFFFF, 0xFFFF, 0xFFFF, 0xFFFF, 0xFFFF, 0xFFFF, 0xFFFF, 0xFFFF, 0xFFFF, 0xFFFF,
    0xFFFF, 0xFFFF, 0xF7DF, 0xB75C, 0x2E16, 0x0DB4, 0x0DB4, 0x0DB4, 0x0DB4, 0x0DB4, 0x0DB4, 0x0DB4, 0x2E15, 0xD7D8, 0xE7F8, 0xE7F8,
    0xE7F8, 0xAF77, 0x0DB4, 0x0DB4, 0x0DB4, 0x0DB4, 0x0DB4, 0x0DB4, 0xB75C, 0xFFFF, 0xFFFF, 0xFFFF, 0xFFFF, 0xFFFF, 0xFFFF, 0xFFFF,
    0xFFFF, 0xFFFF, 0xFFFF, 0xFFFF, 0xFFFF, 0xFFFF, 0xFFFF, 0xFFFF, 0xFFFF, 0xFFFF, 0xFFFF, 0xFFFF, 0xFFFF, 0xFFFF, 0xFFFF, 0xFFFF,
    0xFFFF, 0xFFFF, 0xFFFF, 0xFFFF, 0xFFFF, 0xFFFF, 0xFFFF, 0xFFFF, 0xFFFF, 0xFFFF, 0xFFFF, 0xFFFF, 0xFFFF, 0xFFFF, 0xFFFF, 0xFFFF,
    0xFFFF, 0xFFFF, 0xFFFF, 0xFFFF, 0xFFFF, 0xFFFF, 0xFFFF, 0xFFFF, 0xFFFF, 0xFFFF, 0xFFFF, 0xFFFF, 0xFFFF, 0xFFFF, 0xFFFF, 0xFFFF,
    0xFFFF, 0xFFFF, 0xFFFF, 0xFFFF, 0xFFFF, 0xFFFF, 0xFFFF, 0xFFFF, 0xFFFF, 0xFFFF, 0xFFFF, 0xFFFF, 0xFFFF, 0xFFFF, 0xFFFF, 0xFFFF,
    0xFFFF, 0xFFFF, 0xFFFF, 0xFFFF, 0xFFFF, 0xFFFF, 0xFFFF, 0xFFFF, 0xFFFF, 0xFFFF, 0xFFFF, 0xFFFF, 0xFFFF, 0xFFFF, 0xFFFF, 0xFFFF,
    0xFFFF, 0xFFFF, 0xFFFF, 0xFFFF, 0xFFFF, 0xFFFF, 0xFFFF, 0xFFFF, 0xFFFF, 0xFFFF, 0xFFFF, 0xFFFF, 0xFFFF, 0xFFFF, 0xFFFF, 0xFFFF,
    0xFFFF, 0xFFFF, 0xFFFF, 0xFFFF, 0xFFFF, 0xFFFF, 0xFFFF, 0xFFFF, 0xFFFF, 0xFFFF, 0xFFFF, 0xFFFF, 0xFFFF, 0xFFFF, 0xFFFF, 0xFFFF,
    0xFFFF, 0xFFFF, 0xFFFF, 0xFFFF, 0xFFFF, 0xFFFF, 0xFFFF, 0xFFFF, 0xFFFF, 0xFFFF, 0xFFFF, 0xFFFF, 0xFFFF, 0xFFFF, 0xFFFF, 0xFFFF,
    0xFFFF, 0xFFFF, 0xFFFF, 0xFFFF, 0xFFFF, 0xFFFF, 0xFFFF, 0xFFFF, 0xFFFF, 0xFFFF, 0xFFFF, 0xFFFF, 0xFFFF, 0xFFFF, 0xFFFF, 0xFFFF,
    0xFFFF, 0xFFFF, 0xFFFF, 0xFFFF, 0xFFFF, 0xFFFF, 0xFFFF, 0xFFFF, 0xFFFF, 0xFFFF, 0xFFFF, 0xFFFF, 0xFFFF, 0xFFFF, 0xFFFF, 0xFFFF,
    0xFFFF, 0xFFFF, 0xFFFF, 0xFFFF, 0xFFFF, 0xFFFF, 0xFFFF, 0xFFFF, 0xFFFF, 0xFFFF, 0xFFFF, 0xFFFF, 0xFFFF, 0xFFFF, 0xFFFF, 0xFFFF,
    0xFFFF, 0xFFFF, 0xFFFF, 0xFFFF, 0xFFFF, 0xFFFF, 0xFFFF, 0xFFFF, 0xFFFF, 0xFFFF, 0xFFFF, 0xFFFF, 0xFFFF, 0xFFFF, 0xFFFF, 0xFFFF,
    0xFFFF, 0xFFFF, 0xFFFF, 0xFFFF, 0xFFFF, 0xFFFF, 0xFFFF, 0xFFFF, 0xFFFF, 0xFFFF, 0xFFFF, 0xFFFF, 0xFFFF, 0xFFFF, 0xFFFF, 0xFFFF,
    0xFFFF, 0xFFFF, 0xFFFF, 0xFFFF, 0xFFFF, 0xFFFF, 0xFFFF, 0xFFFF, 0xFFFF, 0xFFFF, 0xFFFF, 0xFFFF, 0xFFFF, 0xFFFF, 0xFFFF, 0xFFFF,
    0xFFFF, 0xFFFF, 0xFFFF, 0xFFFF, 0xFFFF, 0xFFFF, 0xFFFF, 0xFFFF, 0xFFFF, 0xFFFF, 0xFFFF, 0xFFFF, 0xFFFF, 0xFFFF, 0xFFFF, 0xFFFF,
    0xFFFF, 0xFFFF, 0xFFFF, 0xFFFF, 0xFFFF, 0xFFFF, 0xFFFF, 0xFFFF, 0xFFFF, 0xFFFF, 0xFFFF, 0xFFFF, 0xFFFF, 0xFFFF, 0xFFFF, 0xFFFF,
    0xFFFF, 0xFFFF, 0xFFFF, 0xFFFF, 0xFFFF, 0xFFFF, 0xFFFF, 0xFFFF, 0xFFFF, 0xFFFF, 0xFFFF, 0xFFFF, 0xFFFF, 0xFFFF, 0xFFFF, 0xFFFF,
    0xFFFF, 0xFFFF, 0xFFFF, 0xFFFF, 0xFFFF, 0xFFFF, 0xFFFF, 0xFFFF, 0xFFFF, 0xFFFF, 0xFFFF, 0xFFFF, 0xFFFF, 0xFFFF, 0xFFFF, 0xFFFF,
    0xFFFF, 0xFFFF, 0xFFFF, 0xE7BE, 0x76B9, 0x2E16, 0x0DB4, 0x0DB4, 0x0DB4, 0x0DB4, 0x0DB4, 0x0DB4, 0x0DB4, 0x6EB6, 0xE7F8, 0xE7F8,
    0xE7F8, 0xBF97, 0x2E15, 0x0DB4, 0x0DB4, 0x0DB4, 0x0DB4, 0x0DB4, 0x86DA, 0xFFFF, 0xFFFF, 0xFFFF, 0xFFFF, 0xFFFF, 0xFFFF, 0xFFFF,
    0xFFFF, 0xFFFF, 0xFFFF, 0xFFFF, 0xFFFF, 0xFFFF, 0xFFFF, 0xFFFF, 0xFFFF, 0xFFFF, 0xFFFF, 0xFFFF, 0xFFFF, 0xFFFF, 0xFFFF, 0xFFFF,
    0xFFFF, 0xFFFF, 0xFFFF, 0xFFFF, 0xFFFF, 0xFFFF, 0xFFFF, 0xFFFF, 0xFFFF, 0xFFFF, 0xFFFF, 0xFFFF, 0xFFFF, 0xFFFF, 0xFFFF, 0xFFFF,
    0xFFFF, 0xFFFF, 0xFFFF, 0xFFFF, 0xFFFF, 0xFFFF, 0xFFFF, 0xFFFF, 0xFFFF, 0xFFFF, 0xFFFF, 0xFFFF, 0xFFFF, 0xFFFF, 0xFFFF, 0xFFFF,
    0xFFFF, 0xFFFF, 0xFFFF, 0xFFFF, 0xFFFF, 0xFFFF, 0xFFFF, 0xFFFF, 0xFFFF, 0xFFFF, 0xFFFF, 0xFFFF, 0xFFFF, 0xFFFF, 0xFFFF, 0xFFFF,
    0xFFFF, 0xFFFF, 0xFFFF, 0xFFFF, 0xFFFF, 0xFFFF, 0xFFFF, 0xFFFF, 0xFFFF, 0xFFFF, 0xFFFF, 0xFFFF, 0xFFFF, 0xFFFF, 0xFFFF, 0xFFFF,
    0xFFFF, 0xFFFF, 0xFFFF, 0xFFFF, 0xFFFF, 0xFFFF, 0xFFFF, 0xFFFF, 0xFFFF, 0xFFFF, 0xFFFF, 0xFFFF, 0xFFFF, 0xFFFF, 0xFFFF, 0xFFFF,
    0xFFFF, 0xFFFF, 0xFFFF, 0xFFFF, 0xFFFF, 0xFFFF, 0xFFFF, 0xFFFF, 0xFFFF, 0xFFFF, 0xFFFF, 0xFFFF, 0xFFFF, 0xFFFF, 0xFFFF, 0xFFFF,
    0xFFFF, 0xFFFF, 0xFFFF, 0xFFFF, 0xFFFF, 0xFFFF, 0xFFFF, 0xFFFF, 0xFFFF, 0xFFFF, 0xFFFF, 0xFFFF, 0xFFFF, 0xFFFF, 0xFFFF, 0xFFFF,
    0xFFFF, 0xFFFF, 0xFFFF, 0xFFFF, 0xFFFF, 0xFFFF, 0xFFFF, 0xFFFF, 0xFFFF, 0xFFFF, 0xFFFF, 0xFFFF, 0xFFFF, 0xFFFF, 0xFFFF, 0xFFFF,
    0xFFFF, 0xFFFF, 0xFFFF, 0xFFFF, 0xFFFF, 0xFFFF, 0xFFFF, 0xFFFF, 0xFFFF, 0xFFFF, 0xFFFF, 0xFFFF, 0xFFFF, 0xFFFF, 0xFFFF, 0xFFFF,
    0xFFFF, 0xFFFF, 0xFFFF, 0xFFFF, 0xFFFF, 0xFFFF, 0xFFFF, 0xFFFF, 0xFFFF, 0xFFFF, 0xFFFF, 0xFFFF, 0xFFFF, 0xFFFF, 0xFFFF, 0xFFFF,
    0xFFFF, 0xFFFF, 0xFFFF, 0xFFFF, 0xFFFF, 0xFFFF, 0xFFFF, 0xFFFF, 0xFFFF, 0xFFFF, 0xFFFF, 0xFFFF, 0xFFFF, 0xFFFF, 0xFFFF, 0xFFFF,
    0xFFFF, 0xFFFF, 0xFFFF, 0xFFFF, 0xFFFF, 0xFFFF, 0xFFFF, 0xFFFF, 0xFFFF, 0xFFFF, 0xFFFF, 0xFFFF, 0xFFFF, 0xFFFF, 0xFFFF, 0xFFFF,
    0xFFFF, 0xFFFF, 0xFFFF, 0xFFFF, 0xFFFF, 0xFFFF, 0xFFFF, 0xFFFF, 0xFFFF, 0xFFFF, 0xFFFF, 0xFFFF, 0xFFFF, 0xFFFF, 0xFFFF, 0xFFFF,
    0xFFFF, 0xFFFF, 0xFFFF, 0xFFFF, 0xFFFF, 0xFFFF, 0xFFFF, 0xFFFF, 0xFFFF, 0xFFFF, 0xFFFF, 0xFFFF, 0xFFFF, 0xFFFF, 0xFFFF, 0xFFFF,
    0xFFFF, 0xFFFF, 0xFFFF, 0xFFFF, 0xFFFF, 0xFFFF, 0xFFFF, 0xFFFF, 0xFFFF, 0xFFFF, 0xFFFF, 0xFFFF, 0xFFFF, 0xFFFF, 0xFFFF, 0xFFFF,
    0xFFFF, 0xFFFF, 0xFFFF, 0xFFFF, 0xFFFF, 0xFFFF, 0xFFFF, 0xFFFF, 0xFFFF, 0xFFFF, 0xFFFF, 0xFFFF, 0xFFFF, 0xFFFF, 0xFFFF, 0xFFFF,
    0xFFFF, 0xFFFF, 0xFFFF, 0xFFFF, 0xFFFF, 0xFFFF, 0xFFFF, 0xFFFF, 0xFFFF, 0xFFFF, 0xFFFF, 0xFFFF, 0xFFFF, 0xFFFF, 0xFFFF, 0xFFFF,
    0xFFFF, 0xFFFF, 0xFFFF, 0xFFFF, 0xFFFF, 0xA73B, 0x0DB4, 0x0DB4, 0x0DB4, 0x0DB4, 0x0DB4, 0x0DB4, 0x0DB4, 0x0DB4, 0x86F6, 0xE7F8,
    0xE7F8, 0xD7D8, 0x0DB4, 0x0DB4, 0x0DB4, 0x0DB4, 0x0DB4, 0x0DB4, 0x76B9, 0xFFFF, 0xFFFF, 0xFFFF, 0xFFFF, 0xFFFF, 0xFFFF, 0xFFFF,
    0xFFFF, 0xFFFF, 0xFFFF, 0xFFFF, 0xFFFF, 0xFFFF, 0xFFFF, 0xFFFF, 0xFFFF, 0xFFFF, 0xFFFF, 0xFFFF, 0xFFFF, 0xFFFF, 0xFFFF, 0xFFFF,
    0xFFFF, 0xFFFF, 0xFFFF, 0xFFFF, 0xFFFF, 0xFFFF, 0xFFFF, 0xFFFF, 0xFFFF, 0xFFFF, 0xFFFF, 0xFFFF, 0xFFFF, 0xFFFF, 0xFFFF, 0xFFFF,
    0xFFFF, 0xFFFF, 0xFFFF, 0xFFFF, 0xFFFF, 0xFFFF, 0xFFFF, 0xFFFF, 0xFFFF, 0xFFFF, 0xFFFF, 0xFFFF, 0xFFFF, 0xFFFF, 0xFFFF, 0xFFFF,
    0xFFFF, 0xFFFF, 0xFFFF, 0xFFFF, 0xFFFF, 0xFFFF, 0xFFFF, 0xFFFF, 0xFFFF, 0xFFFF, 0xFFFF, 0xFFFF, 0xFFFF, 0xFFFF, 0xFFFF, 0xFFFF,
    0xFFFF, 0xFFFF, 0xFFFF, 0xFFFF, 0xFFFF, 0xFFFF, 0xFFFF, 0xFFFF, 0xFFFF, 0xFFFF, 0xFFFF, 0xFFFF, 0xFFFF, 0xFFFF, 0xFFFF, 0xFFFF,
    0xFFFF, 0xFFFF, 0xFFFF, 0xFFFF, 0xFFFF, 0xFFFF, 0xFFFF, 0xFFFF, 0xFFFF, 0xFFFF, 0xFFFF, 0xFFFF, 0xFFFF, 0xFFFF, 0xFFFF, 0xFFFF,
    0xFFFF, 0xFFFF, 0xFFFF, 0xFFFF, 0xFFFF, 0xFFFF, 0xFFFF, 0xFFFF, 0xFFFF, 0xFFFF, 0xFFFF, 0xFFFF, 0xFFFF, 0xFFFF, 0xFFFF, 0xFFFF,
    0xFFFF, 0xFFFF, 0xFFFF, 0xFFFF, 0xFFFF, 0xFFFF, 0xFFFF, 0xFFFF, 0xFFFF, 0xFFFF, 0xFFFF, 0xFFFF, 0xFFFF, 0xFFFF, 0xFFFF, 0xFFFF,
    0xFFFF, 0xFFFF, 0xFFFF, 0xFFFF, 0xFFFF, 0xFFFF, 0xFFFF, 0xFFFF, 0xFFFF, 0xFFFF, 0xFFFF, 0xFFFF, 0xFFFF, 0xFFFF, 0xFFFF, 0xFFFF,
    0xFFFF, 0xFFFF, 0xFFFF, 0xFFFF, 0xFFFF, 0xFFFF, 0xFFFF, 0xFFFF, 0xFFFF, 0xFFFF, 0xFFFF, 0xFFFF, 0xFFFF, 0xFFFF, 0xFFFF, 0xFFFF,
    0xFFFF, 0xFFFF, 0xFFFF, 0xFFFF, 0xFFFF, 0xFFFF, 0xFFFF, 0xFFFF, 0xFFFF, 0xFFFF, 0xFFFF, 0xFFFF, 0xFFFF, 0xFFFF, 0xFFFF, 0xFFFF,
    0xFFFF, 0xFFFF, 0xFFFF, 0xFFFF, 0xFFFF, 0xFFFF, 0xFFFF, 0xFFFF, 0xFFFF, 0xFFFF, 0xFFFF, 0xFFFF, 0xFFFF, 0xFFFF, 0xFFFF, 0xFFFF,
    0xFFFF, 0xFFFF, 0xFFFF, 0xFFFF, 0xFFFF, 0xFFFF, 0xFFFF, 0xFFFF, 0xFFFF, 0xFFFF, 0xFFFF, 0xFFFF, 0xFFFF, 0xFFFF, 0xFFFF, 0xFFFF,
    0xFFFF, 0xFFFF, 0xFFFF, 0xFFFF, 0xFFFF, 0xFFFF, 0xFFFF, 0xFFFF, 0xFFFF, 0xFFFF, 0xFFFF, 0xFFFF, 0xFFFF, 0xFFFF, 0xFFFF, 0xFFFF,
    0xFFFF, 0xFFFF, 0xFFFF, 0xFFFF, 0xFFFF, 0xFFFF, 0xFFFF, 0xFFFF, 0xFFFF, 0xFFFF, 0xFFFF, 0xFFFF, 0xFFFF, 0xFFFF, 0xFFFF, 0xFFFF,
    0xFFFF, 0xFFFF, 0xFFFF, 0xFFFF, 0xFFFF, 0xFFFF, 0xFFFF, 0xFFFF, 0xFFFF, 0xFFFF, 0xFFFF, 0xFFFF, 0xFFFF, 0xFFFF, 0xFFFF, 0xFFFF,
    0xFFFF, 0xFFFF, 0xFFFF, 0xFFFF, 0xFFFF, 0xFFFF, 0xFFFF, 0xFFFF, 0xFFFF, 0xFFFF, 0xFFFF, 0xFFFF, 0xFFFF, 0xFFFF, 0xFFFF, 0xFFFF,
    0xFFFF, 0xFFFF, 0xFFFF, 0xFFFF, 0xFFFF, 0xFFFF, 0xFFFF, 0xFFFF, 0xFFFF, 0xFFFF, 0xFFFF, 0xFFFF, 0xFFFF, 0xFFFF, 0xFFFF, 0xFFFF,
    0xFFFF, 0xFFFF, 0xFFFF, 0xFFFF, 0xFFFF, 0xE7BE, 0x76B9, 0x0DB4, 0x0DB4, 0x0DB4, 0x0DB4, 0x0DB4, 0x0DB4, 0x0DB4, 0x1DD5, 0x9737,
    0xE7F8, 0xBF97, 0x0DB4, 0x0DB4, 0x0DB4, 0x0DB4, 0x0DB4, 0x0DB4, 0xA73B, 0xFFFF, 0xFFFF, 0xFFFF, 0xFFFF, 0xFFFF, 0xFFFF, 0xFFFF,
    0xFFFF, 0xFFFF, 0xFFFF, 0xFFFF, 0xFFFF, 0xFFFF, 0xFFFF, 0xFFFF, 0xFFFF, 0xFFFF, 0xFFFF, 0xFFFF, 0xFFFF, 0xFFFF, 0xFFFF, 0xFFFF,
    0xFFFF, 0xFFFF, 0xFFFF, 0xFFFF, 0xFFFF, 0xFFFF, 0xFFFF, 0xFFFF, 0xFFFF, 0xFFFF, 0xFFFF, 0xFFFF, 0xFFFF, 0xFFFF, 0xFFFF, 0xFFFF,
    0xFFFF, 0xFFFF, 0xFFFF, 0xFFFF, 0xFFFF, 0xFFFF, 0xFFFF, 0xFFFF, 0xFFFF, 0xFFFF, 0xFFFF, 0xFFFF, 0xFFFF, 0xFFFF, 0xFFFF, 0xFFFF,
    0xFFFF, 0xFFFF, 0xFFFF, 0xFFFF, 0xFFFF, 0xFFFF, 0xFFFF, 0xFFFF, 0xFFFF, 0xFFFF, 0xFFFF, 0xFFFF, 0xFFFF, 0xFFFF, 0xFFFF, 0xFFFF,
    0xFFFF, 0xFFFF, 0xFFFF, 0xFFFF, 0xFFFF, 0xFFFF, 0xFFFF, 0xFFFF, 0xFFFF, 0xFFFF, 0xFFFF, 0xFFFF, 0xFFFF, 0xFFFF, 0xFFFF, 0xFFFF,
    0xFFFF, 0xFFFF, 0xFFFF, 0xFFFF, 0xFFFF, 0xFFFF, 0xFFFF, 0xFFFF, 0xFFFF, 0xFFFF, 0xFFFF, 0xFFFF, 0xFFFF, 0xFFFF, 0xFFFF, 0xFFFF,
    0xFFFF, 0xFFFF, 0xFFFF, 0xFFFF, 0xFFFF, 0xFFFF, 0xFFFF, 0xFFFF, 0xFFFF, 0xFFFF, 0xFFFF, 0xFFFF, 0xFFFF, 0xFFFF, 0xFFFF, 0xFFFF,
    0xFFFF, 0xFFFF, 0xFFFF, 0xFFFF, 0xFFFF, 0xFFFF, 0xFFFF, 0xFFFF, 0xFFFF, 0xFFFF, 0xFFFF, 0xFFFF, 0xFFFF, 0xFFFF, 0xFFFF, 0xFFFF,
    0xFFFF, 0xFFFF, 0xFFFF, 0xFFFF, 0xFFFF, 0xFFFF, 0xFFFF, 0xFFFF, 0xFFFF, 0xFFFF, 0xFFFF, 0xFFFF, 0xFFFF, 0xFFFF, 0xFFFF, 0xFFFF,
    0xFFFF, 0xFFFF, 0xFFFF, 0xFFFF, 0xFFFF, 0xFFFF, 0xFFFF, 0xFFFF, 0xFFFF, 0xFFFF, 0xFFFF, 0xFFFF, 0xFFFF, 0xFFFF, 0xFFFF, 0xFFFF,
    0xFFFF, 0xFFFF, 0xFFFF, 0xFFFF, 0xFFFF, 0xFFFF, 0xFFFF, 0xFFFF, 0xFFFF, 0xFFFF, 0xFFFF, 0xFFFF, 0xFFFF, 0xFFFF, 0xFFFF, 0xFFFF,
    0xFFFF, 0xFFFF, 0xFFFF, 0xFFFF, 0xFFFF, 0xFFFF, 0xFFFF, 0xFFFF, 0xFFFF, 0xFFFF, 0xFFFF, 0xFFFF, 0xFFFF, 0xFFFF, 0xFFFF, 0xFFFF,
    0xFFFF, 0xFFFF, 0xFFFF, 0xFFFF, 0xFFFF, 0xFFFF, 0xFFFF, 0xFFFF, 0xFFFF, 0xFFFF, 0xFFFF, 0xFFFF, 0xFFFF, 0xFFFF, 0xFFFF, 0xFFFF,
    0xFFFF, 0xFFFF, 0xFFFF, 0xFFFF, 0xFFFF, 0xFFFF, 0xFFFF, 0xFFFF, 0xFFFF, 0xFFFF, 0xFFFF, 0xFFFF, 0xFFFF, 0xFFFF, 0xFFFF, 0xFFFF,
    0xFFFF, 0xFFFF, 0xFFFF, 0xFFFF, 0xFFFF, 0xFFFF, 0xFFFF, 0xFFFF, 0xFFFF, 0xFFFF, 0xFFFF, 0xFFFF, 0xFFFF, 0xFFFF, 0xFFFF, 0xFFFF,
    0xFFFF, 0xFFFF, 0xFFFF, 0xFFFF, 0xFFFF, 0xFFFF, 0xFFFF, 0xFFFF, 0xFFFF, 0xFFFF, 0xFFFF, 0xFFFF, 0xFFFF, 0xFFFF, 0xFFFF, 0xFFFF,
    0xFFFF, 0xFFFF, 0xFFFF, 0xFFFF, 0xFFFF, 0xFFFF, 0xFFFF, 0xFFFF, 0xFFFF, 0xFFFF, 0xFFFF, 0xFFFF, 0xFFFF, 0xFFFF, 0xFFFF, 0xFFFF,
    0xFFFF, 0xFFFF, 0xFFFF, 0xFFFF, 0xFFFF, 0xFFFF, 0xFFFF, 0xFFFF, 0xFFFF, 0xFFFF, 0xFFFF, 0xFFFF, 0xFFFF, 0xFFFF, 0xFFFF, 0xFFFF,
    0xFFFF, 0xFFFF, 0xFFFF, 0xFFFF, 0xFFFF, 0xFFFF, 0xE7BE, 0x6E98, 0x0DB4, 0x0DB4, 0x0DB4, 0x0DB4, 0x0DB4, 0x0DB4, 0x0DB4, 0x1DD5,
    0xCFB8, 0xBF97, 0x0DB4, 0x0DB4, 0x0DB4, 0x0DB4, 0x0DB4, 0x0DB4, 0x76B9, 0xFFFF, 0xFFFF, 0xFFFF, 0xFFFF, 0xFFFF, 0xFFFF, 0xFFFF,
    0xFFFF, 0xFFFF, 0xFFFF, 0xFFFF, 0xFFFF, 0xFFFF, 0xFFFF, 0xFFFF, 0xFFFF, 0xFFFF, 0xFFFF, 0xFFFF, 0xFFFF, 0xFFFF, 0xFFFF, 0xFFFF,
    0xFFFF, 0xFFFF, 0xFFFF, 0xFFFF, 0xFFFF, 0xFFFF, 0xFFFF, 0xFFFF, 0xFFFF, 0xFFFF, 0xFFFF, 0xFFFF, 0xFFFF, 0xFFFF, 0xFFFF, 0xFFFF,
    0xFFFF, 0xFFFF, 0xFFFF, 0xFFFF, 0xFFFF, 0xFFFF, 0xFFFF, 0xFFFF, 0xFFFF, 0xFFFF, 0xFFFF, 0xFFFF, 0xFFFF, 0xFFFF, 0xFFFF, 0xFFFF,
    0xFFFF, 0xFFFF, 0xFFFF, 0xFFFF, 0xFFFF, 0xFFFF, 0xFFFF, 0xFFFF, 0xFFFF, 0xFFFF, 0xFFFF, 0xFFFF, 0xFFFF, 0xFFFF, 0xFFFF, 0xFFFF,
    0xFFFF, 0xFFFF, 0xFFFF, 0xFFFF, 0xFFFF, 0xFFFF, 0xFFFF, 0xFFFF, 0xFFFF, 0xFFFF, 0xFFFF, 0xFFFF, 0xFFFF, 0xFFFF, 0xFFFF, 0xFFFF,
    0xFFFF, 0xFFFF, 0xFFFF, 0xFFFF, 0xFFFF, 0xFFFF, 0xFFFF, 0xFFFF, 0xFFFF, 0xFFFF, 0xFFFF, 0xFFFF, 0xFFFF, 0xFFFF, 0xFFFF, 0xFFFF,
    0xFFFF, 0xFFFF, 0xFFFF, 0xFFFF, 0xFFFF, 0xFFFF, 0xFFFF, 0xFFFF, 0xFFFF, 0xFFFF, 0xFFFF, 0xFFFF, 0xFFFF, 0xFFFF, 0xFFFF, 0xFFFF,
    0xFFFF, 0xFFFF, 0xFFFF, 0xFFFF, 0xFFFF, 0xFFFF, 0xFFFF, 0xFFFF, 0xFFFF, 0xFFFF, 0xFFFF, 0xFFFF, 0xFFFF, 0xFFFF, 0xFFFF, 0xFFFF,
    0xFFFF, 0xFFFF, 0xFFFF, 0xFFFF, 0xFFFF, 0xFFFF, 0xFFFF, 0xFFFF, 0xFFFF, 0xFFFF, 0xFFFF, 0xFFFF, 0xFFFF, 0xFFFF, 0xFFFF, 0xFFFF,
    0xFFFF, 0xFFFF, 0xFFFF, 0xFFFF, 0xFFFF, 0xFFFF, 0xFFFF, 0xFFFF, 0xFFFF, 0xFFFF, 0xFFFF, 0xFFFF, 0xFFFF, 0xFFFF, 0xFFFF, 0xFFFF,
    0xFFFF, 0xFFFF, 0xFFFF, 0xFFFF, 0xFFFF, 0xFFFF, 0xFFFF, 0xFFFF, 0xFFFF, 0xFFFF, 0xFFFF, 0xFFFF, 0xFFFF, 0xFFFF, 0xFFFF, 0xFFFF,
    0xFFFF, 0xFFFF, 0xFFFF, 0xFFFF, 0xFFFF, 0xFFFF, 0xFFFF, 0xFFFF, 0xFFFF, 0xFFFF, 0xFFFF, 0xFFFF, 0xFFFF, 0xFFFF, 0xFFFF, 0xFFFF,
    0xFFFF, 0xFFFF, 0xFFFF, 0xFFFF, 0xFFFF, 0xFFFF, 0xFFFF, 0xFFFF, 0xFFFF, 0xFFFF, 0xFFFF, 0xFFFF, 0xFFFF, 0xFFFF, 0xFFFF, 0xFFFF,
    0xFFFF, 0xFFFF, 0xFFFF, 0xFFFF, 0xFFFF, 0xFFFF, 0xFFFF, 0xFFFF, 0xFFFF, 0xFFFF, 0xFFFF, 0xFFFF, 0xFFFF, 0xFFFF, 0xFFFF, 0xFFFF,
    0xFFFF, 0xFFFF, 0xFFFF, 0xFFFF, 0xFFFF, 0xFFFF, 0xFFFF, 0xFFFF, 0xFFFF, 0xFFFF, 0xFFFF, 0xFFFF, 0xFFFF, 0xFFFF, 0xFFFF, 0xFFFF,
    0xFFFF, 0xFFFF, 0xFFFF, 0xFFFF, 0xFFFF, 0xFFFF, 0xFFFF, 0xFFFF, 0xFFFF, 0xFFFF, 0xFFFF, 0xFFFF, 0xFFFF, 0xFFFF, 0xFFFF, 0xFFFF,
    0xFFFF, 0xFFFF, 0xFFFF, 0xFFFF, 0xFFFF, 0xFFFF, 0xFFFF, 0xFFFF, 0xFFFF, 0xFFFF, 0xFFFF, 0xFFFF, 0xFFFF, 0xFFFF, 0xFFFF, 0xFFFF,
    0xFFFF, 0xFFFF, 0xFFFF, 0xFFFF, 0xFFFF, 0xFFFF, 0xFFFF, 0xFFFF, 0xFFFF, 0xFFFF, 0xFFFF, 0xFFFF, 0xFFFF, 0xFFFF, 0xFFFF, 0xFFFF,
    0xFFFF, 0xFFFF, 0xFFFF, 0xFFFF, 0xFFFF, 0xFFFF, 0xFFFF, 0xFFFF, 0xB75C, 0x0DB4, 0x0DB4, 0x0DB4, 0x0DB4, 0x0DB4, 0x0DB4, 0x0DB4,
    0x2E15, 0xAF77, 0x0DB4, 0x0DB4, 0x0DB4, 0x0DB4, 0x0DB4, 0x0DB4, 0x76B9, 0xFFFF, 0xFFFF, 0xFFFF, 0xFFFF, 0xFFFF, 0xFFFF, 0xFFFF,
    0xFFFF, 0xFFFF, 0xFFFF, 0xFFFF, 0xFFFF, 0xFFFF, 0xFFFF, 0xFFFF, 0xFFFF, 0xFFFF, 0xFFFF, 0xFFFF, 0xFFFF, 0xFFFF, 0xFFFF, 0xFFFF,
    0xFFFF, 0xFFFF, 0xFFFF, 0xFFFF, 0xFFFF, 0xFFFF, 0xFFFF, 0xFFFF, 0xFFFF, 0xFFFF, 0xFFFF, 0xFFFF, 0xFFFF, 0xFFFF, 0xFFFF, 0xFFFF,
    0xFFFF, 0xFFFF, 0xFFFF, 0xFFFF, 0xFFFF, 0xFFFF, 0xFFFF, 0xFFFF, 0xFFFF, 0xFFFF, 0xFFFF, 0xFFFF, 0xFFFF, 0xFFFF, 0xFFFF, 0xFFFF,
    0xFFFF, 0xFFFF, 0xFFFF, 0xFFFF, 0xFFFF, 0xFFFF, 0xFFFF, 0xFFFF, 0xFFFF, 0xFFFF, 0xFFFF, 0xFFFF, 0xFFFF, 0xFFFF, 0xFFFF, 0xFFFF,
    0xFFFF, 0xFFFF, 0xFFFF, 0xFFFF, 0xFFFF, 0xFFFF, 0xFFFF, 0xFFFF, 0xFFFF, 0xFFFF, 0xFFFF, 0xFFFF, 0xFFFF, 0xFFFF, 0xFFFF, 0xFFFF,
    0xFFFF, 0xFFFF, 0xFFFF, 0xFFFF, 0xFFFF, 0xFFFF, 0xFFFF, 0xFFFF, 0xFFFF, 0xFFFF, 0xFFFF, 0xFFFF, 0xFFFF, 0xFFFF, 0xFFFF, 0xFFFF,
    0xFFFF, 0xFFFF, 0xFFFF, 0xFFFF, 0xFFFF, 0xFFFF, 0xFFFF, 0xFFFF, 0xFFFF, 0xFFFF, 0xFFFF, 0xFFFF, 0xFFFF, 0xFFFF, 0xFFFF, 0xFFFF,
    0xFFFF, 0xFFFF, 0xFFFF, 0xFFFF, 0xFFFF, 0xFFFF, 0xFFFF, 0xFFFF, 0xFFFF, 0xFFFF, 0xFFFF, 0xFFFF, 0xFFFF, 0xFFFF, 0xFFFF, 0xFFFF,
    0xFFFF, 0xFFFF, 0xFFFF, 0xFFFF, 0xFFFF, 0xFFFF, 0xFFFF, 0xFFFF, 0xFFFF, 0xFFFF, 0xFFFF, 0xFFFF, 0xFFFF, 0xFFFF, 0xFFFF, 0xFFFF,
    0xFFFF, 0xFFFF, 0xFFFF, 0xFFFF, 0xFFFF, 0xFFFF, 0xFFFF, 0xFFFF, 0xFFFF, 0xFFFF, 0xFFFF, 0xFFFF, 0xFFFF, 0xFFFF, 0xFFFF, 0xFFFF,
    0xFFFF, 0xFFFF, 0xFFFF, 0xFFFF, 0xFFFF, 0xFFFF, 0xFFFF, 0xFFFF, 0xFFFF, 0xFFFF, 0xFFFF, 0xFFFF, 0xFFFF, 0xFFFF, 0xFFFF, 0xFFFF,
    0xFFFF, 0xFFFF, 0xFFFF, 0xFFFF, 0xFFFF, 0xFFFF, 0xFFFF, 0xFFFF, 0xFFFF, 0xFFFF, 0xFFFF, 0xFFFF, 0xFFFF, 0xFFFF, 0xFFFF, 0xFFFF,
    0xFFFF, 0xFFFF, 0xFFFF, 0xFFFF, 0xFFFF, 0xFFFF, 0xFFFF, 0xFFFF, 0xFFFF, 0xFFFF, 0xFFFF, 0xFFFF, 0xFFFF, 0xFFFF, 0xFFFF, 0xFFFF,
    0xFFFF, 0xFFFF, 0xFFFF, 0xFFFF, 0xFFFF, 0xFFFF, 0xFFFF, 0xFFFF, 0xFFFF, 0xFFFF, 0xFFFF, 0xFFFF, 0xFFFF, 0xFFFF, 0xFFFF, 0xFFFF,
    0xFFFF, 0xFFFF, 0xFFFF, 0xFFFF, 0xFFFF, 0xFFFF, 0xFFFF, 0xFFFF, 0xFFFF, 0xFFFF, 0xFFFF, 0xFFFF, 0xFFFF, 0xFFFF, 0xFFFF, 0xFFFF,
    0xFFFF, 0xFFFF, 0xFFFF, 0xFFFF, 0xFFFF, 0xFFFF, 0xFFFF, 0xFFFF, 0xFFFF, 0xFFFF, 0xFFFF, 0xFFFF, 0xFFFF, 0xFFFF, 0xFFFF, 0xFFFF,
    0xFFFF, 0xFFFF, 0xFFFF, 0xFFFF, 0xFFFF, 0xFFFF, 0xFFFF, 0xFFFF, 0xFFFF, 0xFFFF, 0xFFFF, 0xFFFF, 0xFFFF, 0xFFFF, 0xFFFF, 0xFFFF,
    0xFFFF, 0xFFFF, 0xFFFF, 0xFFFF, 0xFFFF, 0xFFFF, 0xFFFF, 0xFFFF, 0xFFFF, 0xFFFF, 0xFFFF, 0xFFFF, 0xFFFF, 0xFFFF, 0xFFFF, 0xFFFF,
    0xFFFF, 0xFFFF, 0xFFFF, 0xFFFF, 0xFFFF, 0xFFFF, 0xFFFF, 0xFFFF, 0xFFFF, 0x2E16, 0x0DB4, 0x0DB4, 0x0DB4, 0x0DB4, 0x0DB4, 0x0DB4,
    0x0DB4, 0x2E15, 0x0DB4, 0x0DB4, 0x0DB4, 0x0DB4, 0x0DB4, 0x0DB4, 0x86DA, 0xFFFF, 0xFFFF, 0xFFFF, 0xFFFF, 0xFFFF, 0xFFFF, 0xFFFF,
    0xFFFF, 0xFFFF, 0xFFFF, 0xFFFF, 0xFFFF, 0xFFFF, 0xFFFF, 0xFFFF, 0xFFFF, 0xFFFF, 0xFFFF, 0xFFFF, 0xFFFF, 0xFFFF, 0xFFFF, 0xFFFF,
    0xFFFF, 0xFFFF, 0xFFFF, 0xFFFF, 0xFFFF, 0xFFFF, 0xFFFF, 0xFFFF, 0xFFFF, 0xFFFF, 0xFFFF, 0xFFFF, 0xFFFF, 0xFFFF, 0xFFFF, 0xFFFF,
    0xFFFF, 0xFFFF, 0xFFFF, 0xFFFF, 0xFFFF, 0xFFFF, 0xFFFF, 0xFFFF, 0xFFFF, 0xFFFF, 0xFFFF, 0xFFFF, 0xFFFF, 0xFFFF, 0xFFFF, 0xFFFF,
    0xFFFF, 0xFFFF, 0xFFFF, 0xFFFF, 0xFFFF, 0xFFFF, 0xFFFF, 0xFFFF, 0xFFFF, 0xFFFF, 0xFFFF, 0xFFFF, 0xFFFF, 0xFFFF, 0xFFFF, 0xFFFF,
    0xFFFF, 0xFFFF, 0xFFFF, 0xFFFF, 0xFFFF, 0xFFFF, 0xFFFF, 0xFFFF, 0xFFFF, 0xFFFF, 0xFFFF, 0xFFFF, 0xFFFF, 0xFFFF, 0xFFFF, 0xFFFF,
    0xFFFF, 0xFFFF, 0xFFFF, 0xFFFF, 0xFFFF, 0xFFFF, 0xFFFF, 0xFFFF, 0xFFFF, 0xFFFF, 0xFFFF, 0xFFFF, 0xFFFF, 0xFFFF, 0xFFFF, 0xFFFF,
    0xFFFF, 0xFFFF, 0xFFFF, 0xFFFF, 0xFFFF, 0xFFFF, 0xFFFF, 0xFFFF, 0xFFFF, 0xFFFF, 0xFFFF, 0xFFFF, 0xFFFF, 0xFFFF, 0xFFFF, 0xFFFF,
    0xFFFF, 0xFFFF, 0xFFFF, 0xFFFF, 0xFFFF, 0xFFFF, 0xFFFF, 0xFFFF, 0xFFFF, 0xFFFF, 0xFFFF, 0xFFFF, 0xFFFF, 0xFFFF, 0xFFFF, 0xFFFF,
    0xFFFF, 0xFFFF, 0xFFFF, 0xFFFF, 0xFFFF, 0xFFFF, 0xFFFF, 0xFFFF, 0xFFFF, 0xFFFF, 0xFFFF, 0xFFFF, 0xFFFF, 0xFFFF, 0xFFFF, 0xFFFF,
    0xFFFF, 0xFFFF, 0xFFFF, 0xFFFF, 0xFFFF, 0xFFFF, 0xFFFF, 0xFFFF, 0xFFFF, 0xFFFF, 0xFFFF, 0xFFFF, 0xFFFF, 0xFFFF, 0xFFFF, 0xFFFF,
    0xFFFF, 0xFFFF, 0xFFFF, 0xFFFF, 0xFFFF, 0xFFFF, 0xFFFF, 0xFFFF, 0xFFFF, 0xFFFF, 0xFFFF, 0xFFFF, 0xFFFF, 0xFFFF, 0xFFFF, 0xFFFF,
    0xFFFF, 0xFFFF, 0xFFFF, 0xFFFF, 0xFFFF, 0xFFFF, 0xFFFF, 0xFFFF, 0xFFFF, 0xFFFF, 0xFFFF, 0xFFFF, 0xFFFF, 0xFFFF, 0xFFFF, 0xFFFF,
    0xFFFF, 0xFFFF, 0xFFFF, 0xFFFF, 0xFFFF, 0xFFFF, 0xFFFF, 0xFFFF, 0xFFFF, 0xFFFF, 0xFFFF, 0xFFFF, 0xFFFF, 0xFFFF, 0xFFFF, 0xFFFF,
    0xFFFF, 0xFFFF, 0xFFFF, 0xFFFF, 0xFFFF, 0xFFFF, 0xFFFF, 0xFFFF, 0xFFFF, 0xFFFF, 0xFFFF, 0xFFFF, 0xFFFF, 0xFFFF, 0xFFFF, 0xFFFF,
    0xFFFF, 0xFFFF, 0xFFFF, 0xFFFF, 0xFFFF, 0xFFFF, 0xFFFF, 0xFFFF, 0xFFFF, 0xFFFF, 0xFFFF, 0xFFFF, 0xFFFF, 0xFFFF, 0xFFFF, 0xFFFF,
    0xFFFF, 0xFFFF, 0xFFFF, 0xFFFF, 0xFFFF, 0xFFFF, 0xFFFF, 0xFFFF, 0xFFFF, 0xFFFF, 0xFFFF, 0xFFFF, 0xFFFF, 0xFFFF, 0xFFFF, 0xFFFF,
    0xFFFF, 0xFFFF, 0xFFFF, 0xFFFF, 0xFFFF, 0xFFFF, 0xFFFF, 0xFFFF, 0xFFFF, 0xFFFF, 0xFFFF, 0xFFFF, 0xFFFF, 0xFFFF, 0xFFFF, 0xFFFF,
    0xFFFF, 0xFFFF, 0xFFFF, 0xFFFF, 0xFFFF, 0xFFFF, 0xFFFF, 0xFFFF, 0xFFFF, 0xFFFF, 0xFFFF, 0xFFFF, 0xFFFF, 0xFFFF, 0xFFFF, 0xFFFF,
    0xFFFF, 0xFFFF, 0xFFFF, 0xFFFF, 0xFFFF, 0xFFFF, 0xFFFF, 0xFFFF, 0xFFFF, 0xC77D, 0x4E57, 0x0DB4, 0x0DB4, 0x0DB4, 0x0DB4, 0x0DB4,
    0x0DB4, 0x0DB4, 0x0DB4, 0x0DB4, 0x0DB4, 0x0DB4, 0x0DB4, 0x0DB4, 0x6E98, 0xFFFF, 0xFFFF, 0xFFFF, 0xFFFF, 0xFFFF, 0xFFFF, 0xFFFF,
    0xFFFF, 0xFFFF, 0xFFFF, 0xFFFF, 0xFFFF, 0xFFFF, 0xFFFF, 0xFFFF, 0xFFFF, 0xFFFF, 0xFFFF, 0xFFFF, 0xFFFF, 0xFFFF, 0xFFFF, 0xFFFF,
    0xFFFF, 0xFFFF, 0xFFFF, 0xFFFF, 0xFFFF, 0xFFFF, 0xFFFF, 0xFFFF, 0xFFFF, 0xFFFF, 0xFFFF, 0xFFFF, 0xFFFF, 0xFFFF, 0xFFFF, 0xFFFF,
    0xFFFF, 0xFFFF, 0xFFFF, 0xFFFF, 0xFFFF, 0xFFFF, 0xFFFF, 0xFFFF, 0xFFFF, 0xFFFF, 0xFFFF, 0xFFFF, 0xFFFF, 0xFFFF, 0xFFFF, 0xFFFF,
    0xFFFF, 0xFFFF, 0xFFFF, 0xFFFF, 0xFFFF, 0xFFFF, 0xFFFF, 0xFFFF, 0xFFFF, 0xFFFF, 0xFFFF, 0xFFFF, 0xFFFF, 0xFFFF, 0xFFFF, 0xFFFF,
    0xFFFF, 0xFFFF, 0xFFFF, 0xFFFF, 0xFFFF, 0xFFFF, 0xFFFF, 0xFFFF, 0xFFFF, 0xFFFF, 0xFFFF, 0xFFFF, 0xFFFF, 0xFFFF, 0xFFFF, 0xFFFF,
    0xFFFF, 0xFFFF, 0xFFFF, 0xFFFF, 0xFFFF, 0xFFFF, 0xFFFF, 0xFFFF, 0xFFFF, 0xFFFF, 0xFFFF, 0xFFFF, 0xFFFF, 0xFFFF, 0xFFFF, 0xFFFF,
    0xFFFF, 0xFFFF, 0xFFFF, 0xFFFF, 0xFFFF, 0xFFFF, 0xFFFF, 0xFFFF, 0xFFFF, 0xFFFF, 0xFFFF, 0xFFFF, 0xFFFF, 0xFFFF, 0xFFFF, 0xFFFF,
    0xFFFF, 0xFFFF, 0xFFFF, 0xFFFF, 0xFFFF, 0xFFFF, 0xFFFF, 0xFFFF, 0xFFFF, 0xFFFF, 0xFFFF, 0xFFFF, 0xFFFF, 0xFFFF, 0xFFFF, 0xFFFF,
    0xFFFF, 0xFFFF, 0xFFFF, 0xFFFF, 0xFFFF, 0xFFFF, 0xFFFF, 0xFFFF, 0xFFFF, 0xFFFF, 0xFFFF, 0xFFFF, 0xFFFF, 0xFFFF, 0xFFFF, 0xFFFF,
    0xFFFF, 0xFFFF, 0xFFFF, 0xFFFF, 0xFFFF, 0xFFFF, 0xFFFF, 0xFFFF, 0xFFFF, 0xFFFF, 0xFFFF, 0xFFFF, 0xFFFF, 0xFFFF, 0xFFFF, 0xFFFF,
    0xFFFF, 0xFFFF, 0xFFFF, 0xFFFF, 0xFFFF, 0xFFFF, 0xFFFF, 0xFFFF, 0xFFFF, 0xFFFF, 0xFFFF, 0xFFFF, 0xFFFF, 0xFFFF, 0xFFFF, 0xFFFF,
    0xFFFF, 0xFFFF, 0xFFFF, 0xFFFF, 0xFFFF, 0xFFFF, 0xFFFF, 0xFFFF, 0xFFFF, 0xFFFF, 0xFFFF, 0xFFFF, 0xFFFF, 0xFFFF, 0xFFFF, 0xFFFF,
    0xFFFF, 0xFFFF, 0xFFFF, 0xFFFF, 0xFFFF, 0xFFFF, 0xFFFF, 0xFFFF, 0xFFFF, 0xFFFF, 0xFFFF, 0xFFFF, 0xFFFF, 0xFFFF, 0xFFFF, 0xFFFF,
    0xFFFF, 0xFFFF, 0xFFFF, 0xFFFF, 0xFFFF, 0xFFFF, 0xFFFF, 0xFFFF, 0xFFFF, 0xFFFF, 0xFFFF, 0xFFFF, 0xFFFF, 0xFFFF, 0xFFFF, 0xFFFF,
    0xFFFF, 0xFFFF, 0xFFFF, 0xFFFF, 0xFFFF, 0xFFFF, 0xFFFF, 0xFFFF, 0xFFFF, 0xFFFF, 0xFFFF, 0xFFFF, 0xFFFF, 0xFFFF, 0xFFFF, 0xFFFF,
    0xFFFF, 0xFFFF, 0xFFFF, 0xFFFF, 0xFFFF, 0xFFFF, 0xFFFF, 0xFFFF, 0xFFFF, 0xFFFF, 0xFFFF, 0xFFFF, 0xFFFF, 0xFFFF, 0xFFFF, 0xFFFF,
    0xFFFF, 0xFFFF, 0xFFFF, 0xFFFF, 0xFFFF, 0xFFFF, 0xFFFF, 0xFFFF, 0xFFFF, 0xFFFF, 0xFFFF, 0xFFFF, 0xFFFF, 0xFFFF, 0xFFFF, 0xFFFF,
    0xFFFF, 0xFFFF, 0xFFFF, 0xFFFF, 0xFFFF, 0xFFFF, 0xFFFF, 0xFFFF, 0xFFFF, 0xFFFF, 0xFFFF, 0xFFFF, 0xFFFF, 0xFFFF, 0xFFFF, 0xFFFF,
    0xFFFF, 0xFFFF, 0xFFFF, 0xFFFF, 0xFFFF, 0xFFFF, 0xFFFF, 0xFFFF, 0xFFFF, 0xFFFF, 0xB75C, 0x0DB4, 0x0DB4, 0x0DB4, 0x0DB4, 0x0DB4,
    0x0DB4, 0x0DB4, 0x0DB4, 0x0DB4, 0x0DB4, 0x0DB4, 0x0DB4, 0x0DB4, 0x86DA, 0xFFFF, 0xFFFF, 0xFFFF, 0xFFFF, 0xFFFF, 0xFFFF, 0xFFFF,
    0xFFFF, 0xFFFF, 0xFFFF, 0xFFFF, 0xFFFF, 0xFFFF, 0xFFFF, 0xFFFF, 0xFFFF, 0xFFFF, 0xFFFF, 0xFFFF, 0xFFFF, 0xFFFF, 0xFFFF, 0xFFFF,
    0xFFFF, 0xFFFF, 0xFFFF, 0xFFFF, 0xFFFF, 0xFFFF, 0xFFFF, 0xFFFF, 0xFFFF, 0xFFFF, 0xFFFF, 0xFFFF, 0xFFFF, 0xFFFF, 0xFFFF, 0xFFFF,
    0xFFFF, 0xFFFF, 0xFFFF, 0xFFFF, 0xFFFF, 0xFFFF, 0xFFFF, 0xFFFF, 0xFFFF, 0xFFFF, 0xFFFF, 0xFFFF, 0xFFFF, 0xFFFF, 0xFFFF, 0xFFFF,
    0xFFFF, 0xFFFF, 0xFFFF, 0xFFFF, 0xFFFF, 0xFFFF, 0xFFFF, 0xFFFF, 0xFFFF, 0xFFFF, 0xFFFF, 0xFFFF, 0xFFFF, 0xFFFF, 0xFFFF, 0xFFFF,
    0xFFFF, 0xFFFF, 0xFFFF, 0xFFFF, 0xFFFF, 0xFFFF, 0xFFFF, 0xFFFF, 0xFFFF, 0xFFFF, 0xFFFF, 0xFFFF, 0xFFFF, 0xFFFF, 0xFFFF, 0xFFFF,
    0xFFFF, 0xFFFF, 0xFFFF, 0xFFFF, 0xFFFF, 0xFFFF, 0xFFFF, 0xFFFF, 0xFFFF, 0xFFFF, 0xFFFF, 0xFFFF, 0xFFFF, 0xFFFF, 0xFFFF, 0xFFFF,
    0xFFFF, 0xFFFF, 0xFFFF, 0xFFFF, 0xFFFF, 0xFFFF, 0xFFFF, 0xFFFF, 0xFFFF, 0xFFFF, 0xFFFF, 0xFFFF, 0xFFFF, 0xFFFF, 0xFFFF, 0xFFFF,
    0xFFFF, 0xFFFF, 0xFFFF, 0xFFFF, 0xFFFF, 0xFFFF, 0xFFFF, 0xFFFF, 0xFFFF, 0xFFFF, 0xFFFF, 0xFFFF, 0xFFFF, 0xFFFF, 0xFFFF, 0xFFFF,
    0xFFFF, 0xFFFF, 0xFFFF, 0xFFFF, 0xFFFF, 0xFFFF, 0xFFFF, 0xFFFF, 0xFFFF, 0xFFFF, 0xFFFF, 0xFFFF, 0xFFFF, 0xFFFF, 0xFFFF, 0xFFFF,
    0xFFFF, 0xFFFF, 0xFFFF, 0xFFFF, 0xFFFF, 0xFFFF, 0xFFFF, 0xFFFF, 0xFFFF, 0xFFFF, 0xFFFF, 0xFFFF, 0xFFFF, 0xFFFF, 0xFFFF, 0xFFFF,
    0xFFFF, 0xFFFF, 0xFFFF, 0xFFFF, 0xFFFF, 0xFFFF, 0xFFFF, 0xFFFF, 0xFFFF, 0xFFFF, 0xFFFF, 0xFFFF, 0xFFFF, 0xFFFF, 0xFFFF, 0xFFFF,
    0xFFFF, 0xFFFF, 0xFFFF, 0xFFFF, 0xFFFF, 0xFFFF, 0xFFFF, 0xFFFF, 0xFFFF, 0xFFFF, 0xFFFF, 0xFFFF, 0xFFFF, 0xFFFF, 0xFFFF, 0xFFFF,
    0xFFFF, 0xFFFF, 0xFFFF, 0xFFFF, 0xFFFF, 0xFFFF, 0xFFFF, 0xFFFF, 0xFFFF, 0xFFFF, 0xFFFF, 0xFFFF, 0xFFFF, 0xFFFF, 0xFFFF, 0xFFFF,
    0xFFFF, 0xFFFF, 0xFFFF, 0xFFFF, 0xFFFF, 0xFFFF, 0xFFFF, 0xFFFF, 0xFFFF, 0xFFFF, 0xFFFF, 0xFFFF, 0xFFFF, 0xFFFF, 0xFFFF, 0xFFFF,
    0xFFFF, 0xFFFF, 0xFFFF, 0xFFFF, 0xFFFF, 0xFFFF, 0xFFFF, 0xFFFF, 0xFFFF, 0xFFFF, 0xFFFF, 0xFFFF, 0xFFFF, 0xFFFF, 0xFFFF, 0xFFFF,
    0xFFFF, 0xFFFF, 0xFFFF, 0xFFFF, 0xFFFF, 0xFFFF, 0xFFFF, 0xFFFF, 0xFFFF, 0xFFFF, 0xFFFF, 0xFFFF, 0xFFFF, 0xFFFF, 0xFFFF, 0xFFFF,
    0xFFFF, 0xFFFF, 0xFFFF, 0xFFFF, 0xFFFF, 0xFFFF, 0xFFFF, 0xFFFF, 0xFFFF, 0xFFFF, 0xFFFF, 0xFFFF, 0xFFFF, 0xFFFF, 0xFFFF, 0xFFFF,
    0xFFFF, 0xFFFF, 0xFFFF, 0xFFFF, 0xFFFF, 0xFFFF, 0xFFFF, 0xFFFF, 0xFFFF, 0xFFFF, 0xFFFF, 0xFFFF, 0xFFFF, 0xFFFF, 0xFFFF, 0xFFFF,
    0xFFFF, 0xFFFF, 0xFFFF, 0xFFFF, 0xFFFF, 0xFFFF, 0xFFFF, 0xFFFF, 0xFFFF, 0xFFFF, 0xFFFF, 0x96FB, 0x2E16, 0x0DB4, 0x0DB4, 0x0DB4,
    0x0DB4, 0x0DB4, 0x0DB4, 0x0DB4, 0x0DB4, 0x0DB4, 0x0DB4, 0x0DB4, 0x6E98, 0xFFFF, 0xFFFF, 0xFFFF, 0xFFFF, 0xFFFF, 0xFFFF, 0xFFFF,
    0xFFFF, 0xFFFF, 0xFFFF, 0xFFFF, 0xFFFF, 0xFFFF, 0xFFFF, 0xFFFF, 0xFFFF, 0xFFFF, 0xFFFF, 0xFFFF, 0xFFFF, 0xFFFF, 0xFFFF, 0xFFFF,
    0xFFFF, 0xFFFF, 0xFFFF, 0xFFFF, 0xFFFF, 0xFFFF, 0xFFFF, 0xFFFF, 0xFFFF, 0xFFFF, 0xFFFF, 0xFFFF, 0xFFFF, 0xFFFF, 0xFFFF, 0xFFFF,
    0xFFFF, 0xFFFF, 0xFFFF, 0xFFFF, 0xFFFF, 0xFFFF, 0xFFFF, 0xFFFF, 0xFFFF, 0xFFFF, 0xFFFF, 0xFFFF, 0xFFFF, 0xFFFF, 0xFFFF, 0xFFFF,
    0xFFFF, 0xFFFF, 0xFFFF, 0xFFFF, 0xFFFF, 0xFFFF, 0xFFFF, 0xFFFF, 0xFFFF, 0xFFFF, 0xFFFF, 0xFFFF, 0xFFFF, 0xFFFF, 0xFFFF, 0xFFFF,
    0xFFFF, 0xFFFF, 0xFFFF, 0xFFFF, 0xFFFF, 0xFFFF, 0xFFFF, 0xFFFF, 0xFFFF, 0xFFFF, 0xFFFF, 0xFFFF, 0xFFFF, 0xFFFF, 0xFFFF, 0xFFFF,
    0xFFFF, 0xFFFF, 0xFFFF, 0xFFFF, 0x0000, 0x0000, 0x0000, 0x0000, 0x0000, 0x0000, 0x0000, 0x0000, 0x0000, 0x0000, 0x0000, 0x0000,
    0x0000, 0x0000, 0x0000, 0x0000, 0x0000, 0x0000, 0x0000, 0x0000, 0x0000, 0x0000, 0x0000, 0x0000, 0x0000, 0x0000, 0x0000, 0x0000,
    0x0000, 0x0000, 0x0000, 0x0000, 0x0000, 0x0000, 0x0000, 0x0000, 0x0000, 0x0000, 0x0000, 0x0000, 0x0000, 0x0000, 0xFFFF, 0xFFFF,
    0xFFFF, 0xFFFF, 0xFFFF, 0xFFFF, 0x0000, 0x0000, 0x0000, 0x0000, 0x0000, 0x0000, 0x0000, 0x0000, 0x0000, 0x0000, 0x0000, 0x0000,
    0xFFFF, 0xFFFF, 0xFFFF, 0xFFFF, 0xFFFF, 0xFFFF, 0xFFFF, 0xFFFF, 0xFFFF, 0xFFFF, 0xFFFF, 0xFFFF, 0x0000, 0x0000, 0x0000, 0x0000,
    0x0000, 0x0000, 0xFFFF, 0xFFFF, 0xFFFF, 0xFFFF, 0xFFFF, 0xFFFF, 0xFFFF, 0xFFFF, 0xFFFF, 0xFFFF, 0xFFFF, 0xFFFF, 0x0000, 0x0000,
    0x0000, 0x0000, 0x0000, 0x0000, 0x0000, 0x0000, 0x0000, 0x0000, 0x0000, 0x0000, 0xFFFF, 0xFFFF, 0xFFFF, 0xFFFF, 0xFFFF, 0xFFFF,
    0x0000, 0x0000, 0x0000, 0x0000, 0x0000, 0x0000, 0x0000, 0x0000, 0x0000, 0x0000, 0x0000, 0x0000, 0x0000, 0x0000, 0x0000, 0x0000,
    0x0000, 0x0000, 0x0000, 0x0000, 0x0000, 0x0000, 0x0000, 0x0000, 0x0000, 0x0000, 0x0000, 0x0000, 0x0000, 0x0000, 0x0000, 0x0000,
    0x0000, 0x0000, 0x0000, 0x0000, 0x0000, 0x0000, 0x0000, 0x0000, 0x0000, 0x0000, 0xFFFF, 0xFFFF, 0xFFFF, 0xFFFF, 0xFFFF, 0xFFFF,
    0xFFFF, 0xFFFF, 0xFFFF, 0xFFFF, 0xFFFF, 0xFFFF, 0xFFFF, 0xFFFF, 0xFFFF, 0xFFFF, 0xFFFF, 0xFFFF, 0xFFFF, 0xFFFF, 0xFFFF, 0xFFFF,
    0xFFFF, 0xFFFF, 0xFFFF, 0xFFFF, 0xFFFF, 0xFFFF, 0xFFFF, 0xFFFF, 0xFFFF, 0xFFFF, 0xFFFF, 0xFFFF, 0xFFFF, 0xFFFF, 0xFFFF, 0xFFFF,
    0xFFFF, 0xFFFF, 0xFFFF, 0xFFFF, 0xFFFF, 0xFFFF, 0xFFFF, 0xFFFF, 0xFFFF, 0xFFFF, 0xFFFF, 0xFFFF, 0xFFFF, 0xFFFF, 0xFFFF, 0xFFFF,
    0xFFFF, 0xFFFF, 0xFFFF, 0xFFFF, 0xFFFF, 0xFFFF, 0xFFFF, 0xFFFF, 0xFFFF, 0xFFFF, 0xFFFF, 0xFFFF, 0x76B9, 0x0DB4, 0x0DB4, 0x0DB4,
    0x0DB4, 0x0DB4, 0x0DB4, 0x0DB4, 0x0DB4, 0x0DB4, 0x0DB4, 0x0DB4, 0x5E78, 0xFFFF, 0xFFFF, 0xFFFF, 0xFFFF, 0xFFFF, 0xFFFF, 0xFFFF,
    0xFFFF, 0xFFFF, 0xFFFF, 0xFFFF, 0xFFFF, 0xFFFF, 0xFFFF, 0xFFFF, 0xFFFF, 0xFFFF, 0xFFFF, 0xFFFF, 0xFFFF, 0xFFFF, 0xFFFF, 0xFFFF,
    0xFFFF, 0xFFFF, 0xFFFF, 0xFFFF, 0xFFFF, 0xFFFF, 0xFFFF, 0xFFFF, 0xFFFF, 0xFFFF, 0xFFFF, 0xFFFF, 0xFFFF, 0xFFFF, 0xFFFF, 0xFFFF,
    0xFFFF, 0xFFFF, 0xFFFF, 0xFFFF, 0xFFFF, 0xFFFF, 0xFFFF, 0xFFFF, 0xFFFF, 0xFFFF, 0xFFFF, 0xFFFF, 0xFFFF, 0xFFFF, 0xFFFF, 0xFFFF,
    0xFFFF, 0xFFFF, 0xFFFF, 0xFFFF, 0xFFFF, 0xFFFF, 0xFFFF, 0xFFFF, 0xFFFF, 0xFFFF, 0xFFFF, 0xFFFF, 0xFFFF, 0xFFFF, 0xFFFF, 0xFFFF,
    0xFFFF, 0xFFFF, 0xFFFF, 0xFFFF, 0xFFFF, 0xFFFF, 0xFFFF, 0xFFFF, 0xFFFF, 0xFFFF, 0xFFFF, 0xFFFF, 0xFFFF, 0xFFFF, 0xFFFF, 0xFFFF,
    0xFFFF, 0xFFFF, 0xFFFF, 0xFFFF, 0x0000, 0x0000, 0x0000, 0x0000, 0x0000, 0x0000, 0x0000, 0x0000, 0x0000, 0x0000, 0x0000, 0x0000,
    0x0000, 0x0000, 0x0000, 0x0000, 0x0000, 0x0000, 0x0000, 0x0000, 0x0000, 0x0000, 0x0000, 0x0000, 0x0000, 0x0000, 0x0000, 0x0000,
    0x0000, 0x0000, 0x0000, 0x0000, 0x0000, 0x0000, 0x0000, 0x0000, 0x0000, 0x0000, 0x0000, 0x0000, 0x0000, 0x0000, 0xFFFF, 0xFFFF,
    0xFFFF, 0xFFFF, 0xFFFF, 0xFFFF, 0x0000, 0x0000, 0x0000, 0x0000, 0x0000, 0x0000, 0x0000, 0x0000, 0x0000, 0x0000, 0x0000, 0x0000,
    0xFFFF, 0xFFFF, 0xFFFF, 0xFFFF, 0xFFFF, 0xFFFF, 0xFFFF, 0xFFFF, 0xFFFF, 0xFFFF, 0xFFFF, 0xFFFF, 0x0000, 0x0000, 0x0000, 0x0000,
    0x0000, 0x0000, 0xFFFF, 0xFFFF, 0xFFFF, 0xFFFF, 0xFFFF, 0xFFFF, 0xFFFF, 0xFFFF, 0xFFFF, 0xFFFF, 0xFFFF, 0xFFFF, 0x0000, 0x0000,
    0x0000, 0x0000, 0x0000, 0x0000, 0x0000, 0x0000, 0x0000, 0x0000, 0x0000, 0x0000, 0xFFFF, 0xFFFF, 0xFFFF, 0xFFFF, 0xFFFF, 0xFFFF,
    0x0000, 0x0000, 0x0000, 0x0000, 0x0000, 0x0000, 0x0000, 0x0000, 0x0000, 0x0000, 0x0000, 0x0000, 0x0000, 0x0000, 0x0000, 0x0000,
    0x0000, 0x0000, 0x0000, 0x0000, 0x0000, 0x0000, 0x0000, 0x0000, 0x0000, 0x0000, 0x0000, 0x0000, 0x0000, 0x0000, 0x0000, 0x0000,
    0x0000, 0x0000, 0x0000, 0x0000, 0x0000, 0x0000, 0x0000, 0x0000, 0x0000, 0x0000, 0xFFFF, 0xFFFF, 0xFFFF, 0xFFFF, 0xFFFF, 0xFFFF,
    0xFFFF, 0xFFFF, 0xFFFF, 0xFFFF, 0xFFFF, 0xFFFF, 0xFFFF, 0xFFFF, 0xFFFF, 0xFFFF, 0xFFFF, 0xFFFF, 0xFFFF, 0xFFFF, 0xFFFF, 0xFFFF,
    0xFFFF, 0xFFFF, 0xFFFF, 0xFFFF, 0xFFFF, 0xFFFF, 0xFFFF, 0xFFFF, 0xFFFF, 0xFFFF, 0xFFFF, 0xFFFF, 0xFFFF, 0xFFFF, 0xFFFF, 0xFFFF,
    0xFFFF, 0xFFFF, 0xFFFF, 0xFFFF, 0xFFFF, 0xFFFF, 0xFFFF, 0xFFFF, 0xFFFF, 0xFFFF, 0xFFFF, 0xFFFF, 0xFFFF, 0xFFFF, 0xFFFF, 0xFFFF,
    0xFFFF, 0xFFFF, 0xFFFF, 0xFFFF, 0xFFFF, 0xFFFF, 0xFFFF, 0xFFFF, 0xFFFF, 0xFFFF, 0xFFFF, 0xFFFF, 0xF7DF, 0x96FB, 0x0DB4, 0x0DB4,
    0x0DB4, 0x0DB4, 0x0DB4, 0x0DB4, 0x0DB4, 0x0DB4, 0x0DB4, 0x0DB4, 0x3E36, 0xFFFF, 0xFFFF, 0xFFFF, 0xFFFF, 0xFFFF, 0xFFFF, 0xFFFF,
    0xFFFF, 0xFFFF, 0xFFFF, 0xFFFF, 0xFFFF, 0xFFFF, 0xFFFF, 0xFFFF, 0xFFFF, 0xFFFF, 0xFFFF, 0xFFFF, 0xFFFF, 0xFFFF, 0xFFFF, 0xFFFF,
    0xFFFF, 0xFFFF, 0xFFFF, 0xFFFF, 0xFFFF, 0xFFFF, 0xFFFF, 0xFFFF, 0xFFFF, 0xFFFF, 0xFFFF, 0xFFFF, 0xFFFF, 0xFFFF, 0xFFFF, 0xFFFF,
    0xFFFF, 0xFFFF, 0xFFFF, 0xFFFF, 0xFFFF, 0xFFFF, 0xFFFF, 0xFFFF, 0xFFFF, 0xFFFF, 0xFFFF, 0xFFFF, 0xFFFF, 0xFFFF, 0xFFFF, 0xFFFF,
    0xFFFF, 0xFFFF, 0xFFFF, 0xFFFF, 0xFFFF, 0xFFFF, 0xFFFF, 0xFFFF, 0xFFFF, 0xFFFF, 0xFFFF, 0xFFFF, 0xFFFF, 0xFFFF, 0xFFFF, 0xFFFF,
    0xFFFF, 0xFFFF, 0xFFFF, 0xFFFF, 0xFFFF, 0xFFFF, 0xFFFF, 0xFFFF, 0xFFFF, 0xFFFF, 0xFFFF, 0xFFFF, 0xFFFF, 0xFFFF, 0xFFFF, 0xFFFF,
    0xFFFF, 0xFFFF, 0xFFFF, 0xFFFF, 0x0000, 0x0000, 0x0000, 0x0000, 0x0000, 0x0000, 0x0000, 0x0000, 0x0000, 0x0000, 0x0000, 0x0000,
    0x0000, 0x0000, 0x0000, 0x0000, 0x0000, 0x0000, 0x0000, 0x0000, 0x0000, 0x0000, 0x0000, 0x0000, 0x0000, 0x0000, 0x0000, 0x0000,
    0x0000, 0x0000, 0x0000, 0x0000, 0x0000, 0x0000, 0x0000, 0x0000, 0x0000, 0x0000, 0x0000, 0x0000, 0x0000, 0x0000, 0xFFFF, 0xFFFF,
    0xFFFF, 0xFFFF, 0xFFFF, 0xFFFF, 0x0000, 0x0000, 0x0000, 0x0000, 0x0000, 0x0000, 0x0000, 0x0000, 0x0000, 0x0000, 0x0000, 0x0000,
    0xFFFF, 0xFFFF, 0xFFFF, 0xFFFF, 0xFFFF, 0xFFFF, 0xFFFF, 0xFFFF, 0xFFFF, 0xFFFF, 0xFFFF, 0xFFFF, 0x0000, 0x0000, 0x0000, 0x0000,
    0x0000, 0x0000, 0xFFFF, 0xFFFF, 0xFFFF, 0xFFFF, 0xFFFF, 0xFFFF, 0xFFFF, 0xFFFF, 0xFFFF, 0xFFFF, 0xFFFF, 0xFFFF, 0x0000, 0x0000,
    0x0000, 0x0000, 0x0000, 0x0000, 0x0000, 0x0000, 0x0000, 0x0000, 0x0000, 0x0000, 0xFFFF, 0xFFFF, 0xFFFF, 0xFFFF, 0xFFFF, 0xFFFF,
    0x0000, 0x0000, 0x0000, 0x0000, 0x0000, 0x0000, 0x0000, 0x0000, 0x0000, 0x0000, 0x0000, 0x0000, 0x0000, 0x0000, 0x0000, 0x0000,
    0x0000, 0x0000, 0x0000, 0x0000, 0x0000, 0x0000, 0x0000, 0x0000, 0x0000, 0x0000, 0x0000, 0x0000, 0x0000, 0x0000, 0x0000, 0x0000,
    0x0000, 0x0000, 0x0000, 0x0000, 0x0000, 0x0000, 0x0000, 0x0000, 0x0000, 0x0000, 0xFFFF, 0xFFFF, 0xFFFF, 0xFFFF, 0xFFFF, 0xFFFF,
    0xFFFF, 0xFFFF, 0xFFFF, 0xFFFF, 0xFFFF, 0xFFFF, 0xFFFF, 0xFFFF, 0xFFFF, 0xFFFF, 0xFFFF, 0xFFFF, 0xFFFF, 0xFFFF, 0xFFFF, 0xFFFF,
    0xFFFF, 0xFFFF, 0xFFFF, 0xFFFF, 0xFFFF, 0xFFFF, 0xFFFF, 0xFFFF, 0xFFFF, 0xFFFF, 0xFFFF, 0xFFFF, 0xFFFF, 0xFFFF, 0xFFFF, 0xFFFF,
    0xFFFF, 0xFFFF, 0xFFFF, 0xFFFF, 0xFFFF, 0xFFFF, 0xFFFF, 0xFFFF, 0xFFFF, 0xFFFF, 0xFFFF, 0xFFFF, 0xFFFF, 0xFFFF, 0xFFFF, 0xFFFF,
    0xFFFF, 0xFFFF, 0xFFFF, 0xFFFF, 0xFFFF, 0xFFFF, 0xFFFF, 0xFFFF, 0xFFFF, 0xFFFF, 0xFFFF, 0xFFFF, 0xFFFF, 0xFFFF, 0x6E98, 0x0DB4,
    0x0DB4, 0x0DB4, 0x0DB4, 0x0DB4, 0x0DB4, 0x0DB4, 0x0DB4, 0x2E16, 0x5E78, 0xFFFF, 0xFFFF, 0xFFFF, 0xFFFF, 0xFFFF, 0xFFFF, 0xFFFF,
    0xFFFF, 0xFFFF, 0xFFFF, 0xFFFF, 0xFFFF, 0xFFFF, 0xFFFF, 0xFFFF, 0xFFFF, 0xFFFF, 0xFFFF, 0xFFFF, 0xFFFF, 0xFFFF, 0xFFFF, 0xFFFF,
    0xFFFF, 0xFFFF, 0xFFFF, 0xFFFF, 0xFFFF, 0xFFFF, 0xFFFF, 0xFFFF, 0xFFFF, 0xFFFF, 0xFFFF, 0xFFFF, 0xFFFF, 0xFFFF, 0xFFFF, 0xFFFF,
    0xFFFF, 0xFFFF, 0xFFFF, 0xFFFF, 0xFFFF, 0xFFFF, 0xFFFF, 0xFFFF, 0xFFFF, 0xFFFF, 0xFFFF, 0xFFFF, 0xFFFF, 0xFFFF, 0xFFFF, 0xFFFF,
    0xFFFF, 0xFFFF, 0xFFFF, 0xFFFF, 0xFFFF, 0xFFFF, 0xFFFF, 0xFFFF, 0xFFFF, 0xFFFF, 0xFFFF, 0xFFFF, 0xFFFF, 0xFFFF, 0xFFFF, 0xFFFF,
    0xFFFF, 0xFFFF, 0xFFFF, 0xFFFF, 0xFFFF, 0xFFFF, 0xFFFF, 0xFFFF, 0xFFFF, 0xFFFF, 0xFFFF, 0xFFFF, 0xFFFF, 0xFFFF, 0xFFFF, 0xFFFF,
    0xFFFF, 0xFFFF, 0xFFFF, 0xFFFF, 0x0000, 0x0000, 0x0000, 0x0000, 0x0000, 0x0000, 0x0000, 0x0000, 0x0000, 0x0000, 0x0000, 0x0000,
    0x0000, 0x0000, 0x0000, 0x0000, 0x0000, 0x0000, 0x0000, 0x0000, 0x0000, 0x0000, 0x0000, 0x0000, 0x0000, 0x0000, 0x0000, 0x0000,
    0x0000, 0x0000, 0x0000, 0x0000, 0x0000, 0x0000, 0x0000, 0x0000, 0x0000, 0x0000, 0x0000, 0x0000, 0x0000, 0x0000, 0xFFFF, 0xFFFF,
    0xFFFF, 0xFFFF, 0xFFFF, 0xFFFF, 0x0000, 0x0000, 0x0000, 0x0000, 0x0000, 0x0000, 0x0000, 0x0000, 0x0000, 0x0000, 0x0000, 0x0000,
    0xFFFF, 0xFFFF, 0xFFFF, 0xFFFF, 0xFFFF, 0xFFFF, 0xFFFF, 0xFFFF, 0xFFFF, 0xFFFF, 0xFFFF, 0xFFFF, 0x0000, 0x0000, 0x0000, 0x0000,
    0x0000, 0x0000, 0xFFFF, 0xFFFF, 0xFFFF, 0xFFFF, 0xFFFF, 0xFFFF, 0xFFFF, 0xFFFF, 0xFFFF, 0xFFFF, 0xFFFF, 0xFFFF, 0x0000, 0x0000,
    0x0000, 0x0000, 0x0000, 0x0000, 0x0000, 0x0000, 0x0000, 0x0000, 0x0000, 0x0000, 0xFFFF, 0xFFFF, 0xFFFF, 0xFFFF, 0xFFFF, 0xFFFF,
    0x0000, 0x0000, 0x0000, 0x0000, 0x0000, 0x0000, 0x0000, 0x0000, 0x0000, 0x0000, 0x0000, 0x0000, 0x0000, 0x0000, 0x0000, 0x0000,
    0x0000, 0x0000, 0x0000, 0x0000, 0x0000, 0x0000, 0x0000, 0x0000, 0x0000, 0x0000, 0x0000, 0x0000, 0x0000, 0x0000, 0x0000, 0x0000,
    0x0000, 0x0000, 0x0000, 0x0000, 0x0000, 0x0000, 0x0000, 0x0000, 0x0000, 0x0000, 0xFFFF, 0xFFFF, 0xFFFF, 0xFFFF, 0xFFFF, 0xFFFF,
    0xFFFF, 0xFFFF, 0xFFFF, 0xFFFF, 0xFFFF, 0xFFFF, 0xFFFF, 0xFFFF, 0xFFFF, 0xFFFF, 0xFFFF, 0xFFFF, 0xFFFF, 0xFFFF, 0xFFFF, 0xFFFF,
    0xFFFF, 0xFFFF, 0xFFFF, 0xFFFF, 0xFFFF, 0xFFFF, 0xFFFF, 0xFFFF, 0xFFFF, 0xFFFF, 0xFFFF, 0xFFFF, 0xFFFF, 0xFFFF, 0xFFFF, 0xFFFF,
    0xFFFF, 0xFFFF, 0xFFFF, 0xFFFF, 0xFFFF, 0xFFFF, 0xFFFF, 0xFFFF, 0xFFFF, 0xFFFF, 0xFFFF, 0xFFFF, 0xFFFF, 0xFFFF, 0xFFFF, 0xFFFF,
    0xFFFF, 0xFFFF, 0xFFFF, 0xFFFF, 0xFFFF, 0xFFFF, 0xFFFF, 0xFFFF, 0xFFFF, 0xFFFF, 0xFFFF, 0xFFFF, 0xFFFF, 0xFFFF, 0xE7BE, 0x3E36,
    0x0DB4, 0x0DB4, 0x0DB4, 0x0DB4, 0x0DB4, 0x0DB4, 0x0DB4, 0x0DB4, 0x5E78, 0xFFFF, 0xFFFF, 0xFFFF, 0xFFFF, 0xFFFF, 0xFFFF, 0xFFFF,
    0xFFFF, 0xFFFF, 0xFFFF, 0xFFFF, 0xFFFF, 0xFFFF, 0xFFFF, 0xFFFF, 0xFFFF, 0xFFFF, 0xFFFF, 0xFFFF, 0xFFFF, 0xFFFF, 0xFFFF, 0xFFFF,
    0xFFFF, 0xFFFF, 0xFFFF, 0xFFFF, 0xFFFF, 0xFFFF, 0xFFFF, 0xFFFF, 0xFFFF, 0xFFFF, 0xFFFF, 0xFFFF, 0xFFFF, 0xFFFF, 0xFFFF, 0xFFFF,
    0xFFFF, 0xFFFF, 0xFFFF, 0xFFFF, 0xFFFF, 0xFFFF, 0xFFFF, 0xFFFF, 0xFFFF, 0xFFFF, 0xFFFF, 0xFFFF, 0xFFFF, 0xFFFF, 0xFFFF, 0xFFFF,
    0xFFFF, 0xFFFF, 0xFFFF, 0xFFFF, 0xFFFF, 0xFFFF, 0xFFFF, 0xFFFF, 0xFFFF, 0xFFFF, 0xFFFF, 0xFFFF, 0xFFFF, 0xFFFF, 0xFFFF, 0xFFFF,
    0xFFFF, 0xFFFF, 0xFFFF, 0xFFFF, 0xFFFF, 0xFFFF, 0xFFFF, 0xFFFF, 0xFFFF, 0xFFFF, 0xFFFF, 0xFFFF, 0xFFFF, 0xFFFF, 0xFFFF, 0xFFFF,
    0xFFFF, 0xFFFF, 0xFFFF, 0xFFFF, 0x0000, 0x0000, 0x0000, 0x0000, 0x0000, 0x0000, 0x0000, 0x0000, 0x0000, 0x0000, 0x0000, 0x0000,
    0x0000, 0x0000, 0x0000, 0x0000, 0x0000, 0x0000, 0x0000, 0x0000, 0x0000, 0x0000, 0x0000, 0x0000, 0x0000, 0x0000, 0x0000, 0x0000,
    0x0000, 0x0000, 0x0000, 0x0000, 0x0000, 0x0000, 0x0000, 0x0000, 0x0000, 0x0000, 0x0000, 0x0000, 0x0000, 0x0000, 0xFFFF, 0xFFFF,
    0xFFFF, 0xFFFF, 0xFFFF, 0xFFFF, 0x0000, 0x0000, 0x0000, 0x0000, 0x0000, 0x0000, 0x0000, 0x0000, 0x0000, 0x0000, 0x0000, 0x0000,
    0xFFFF, 0xFFFF, 0xFFFF, 0xFFFF, 0xFFFF, 0xFFFF, 0xFFFF, 0xFFFF, 0xFFFF, 0xFFFF, 0xFFFF, 0xFFFF, 0x0000, 0x0000, 0x0000, 0x0000,
    0x0000, 0x0000, 0xFFFF, 0xFFFF, 0xFFFF, 0xFFFF, 0xFFFF, 0xFFFF, 0xFFFF, 0xFFFF, 0xFFFF, 0xFFFF, 0xFFFF, 0xFFFF, 0x0000, 0x0000,
    0x0000, 0x0000, 0x0000, 0x0000, 0x0000, 0x0000, 0x0000, 0x0000, 0x0000, 0x0000, 0xFFFF, 0xFFFF, 0xFFFF, 0xFFFF, 0xFFFF, 0xFFFF,
    0x0000, 0x0000, 0x0000, 0x0000, 0x0000, 0x0000, 0x0000, 0x0000, 0x0000, 0x0000, 0x0000, 0x0000, 0x0000, 0x0000, 0x0000, 0x0000,
    0x0000, 0x0000, 0x0000, 0x0000, 0x0000, 0x0000, 0x0000, 0x0000, 0x0000, 0x0000, 0x0000, 0x0000, 0x0000, 0x0000, 0x0000, 0x0000,
    0x0000, 0x0000, 0x0000, 0x0000, 0x0000, 0x0000, 0x0000, 0x0000, 0x0000, 0x0000, 0xFFFF, 0xFFFF, 0xFFFF, 0xFFFF, 0xFFFF, 0xFFFF,
    0xFFFF, 0xFFFF, 0xFFFF, 0xFFFF, 0xFFFF, 0xFFFF, 0xFFFF, 0xFFFF, 0xFFFF, 0xFFFF, 0xFFFF, 0xFFFF, 0xFFFF, 0xFFFF, 0xFFFF, 0xFFFF,
    0xFFFF, 0xFFFF, 0xFFFF, 0xFFFF, 0xFFFF, 0xFFFF, 0xFFFF, 0xFFFF, 0xFFFF, 0xFFFF, 0xFFFF, 0xFFFF, 0xFFFF, 0xFFFF, 0xFFFF, 0xFFFF,
    0xFFFF, 0xFFFF, 0xFFFF, 0xFFFF, 0xFFFF, 0xFFFF, 0xFFFF, 0xFFFF, 0xFFFF, 0xFFFF, 0xFFFF, 0xFFFF, 0xFFFF, 0xFFFF, 0xFFFF, 0xFFFF,
    0xFFFF, 0xFFFF, 0xFFFF, 0xFFFF, 0xFFFF, 0xFFFF, 0xFFFF, 0xFFFF, 0xFFFF, 0xFFFF, 0xFFFF, 0xFFFF, 0xFFFF, 0xFFFF, 0xFFFF, 0xD79D,
    0x0DB4, 0x0DB4, 0x0DB4, 0x0DB4, 0x0DB4, 0x0DB4, 0x0DB4, 0x0DB4, 0x6E98, 0xFFFF, 0xFFFF, 0xFFFF, 0xFFFF, 0xFFFF, 0xFFFF, 0xFFFF,
    0xFFFF, 0xFFFF, 0xFFFF, 0xFFFF, 0xFFFF, 0xFFFF, 0xFFFF, 0xFFFF, 0xFFFF, 0xFFFF, 0xFFFF, 0xFFFF, 0xFFFF, 0xFFFF, 0xFFFF, 0xFFFF,
    0xFFFF, 0xFFFF, 0xFFFF, 0xFFFF, 0xFFFF, 0xFFFF, 0xFFFF, 0xFFFF, 0xFFFF, 0xFFFF, 0xFFFF, 0xFFFF, 0xFFFF, 0xFFFF, 0xFFFF, 0xFFFF,
    0xFFFF, 0xFFFF, 0xFFFF, 0xFFFF, 0xFFFF, 0xFFFF, 0xFFFF, 0xFFFF, 0xFFFF, 0xFFFF, 0xFFFF, 0xFFFF, 0xFFFF, 0xFFFF, 0xFFFF, 0xFFFF,
    0xFFFF, 0xFFFF, 0xFFFF, 0xFFFF, 0xFFFF, 0xFFFF, 0xFFFF, 0xFFFF, 0xFFFF, 0xFFFF, 0xFFFF, 0xFFFF, 0xFFFF, 0xFFFF, 0xFFFF, 0xFFFF,
    0xFFFF, 0xFFFF, 0xFFFF, 0xFFFF, 0xFFFF, 0xFFFF, 0xFFFF, 0xFFFF, 0xFFFF, 0xFFFF, 0xFFFF, 0xFFFF, 0xFFFF, 0xFFFF, 0xFFFF, 0xFFFF,
    0xFFFF, 0xFFFF, 0xFFFF, 0xFFFF, 0x0000, 0x0000, 0x0000, 0x0000, 0x0000, 0x0000, 0x0000, 0x0000, 0x0000, 0x0000, 0x0000, 0x0000,
    0x0000, 0x0000, 0x0000, 0x0000, 0x0000, 0x0000, 0x0000, 0x0000, 0x0000, 0x0000, 0x0000, 0x0000, 0x0000, 0x0000, 0x0000, 0x0000,
    0x0000, 0x0000, 0x0000, 0x0000, 0x0000, 0x0000, 0x0000, 0x0000, 0x0000, 0x0000, 0x0000, 0x0000, 0x0000, 0x0000, 0xFFFF, 0xFFFF,
    0xFFFF, 0xFFFF, 0xFFFF, 0xFFFF, 0x0000, 0x0000, 0x0000, 0x0000, 0x0000, 0x0000, 0x0000, 0x0000, 0x0000, 0x0000, 0x0000, 0x0000,
    0xFFFF, 0xFFFF, 0xFFFF, 0xFFFF, 0xFFFF, 0xFFFF, 0xFFFF, 0xFFFF, 0xFFFF, 0xFFFF, 0xFFFF, 0xFFFF, 0x0000, 0x0000, 0x0000, 0x0000,
    0x0000, 0x0000, 0xFFFF, 0xFFFF, 0xFFFF, 0xFFFF, 0xFFFF, 0xFFFF, 0xFFFF, 0xFFFF, 0xFFFF, 0xFFFF, 0xFFFF, 0xFFFF, 0x0000, 0x0000,
    0x0000, 0x0000, 0x0000, 0x0000, 0x0000, 0x0000, 0x0000, 0x0000, 0x0000, 0x0000, 0xFFFF, 0xFFFF, 0xFFFF, 0xFFFF, 0xFFFF, 0xFFFF,
    0x0000, 0x0000, 0x0000, 0x0000, 0x0000, 0x0000, 0x0000, 0x0000, 0x0000, 0x0000, 0x0000, 0x0000, 0x0000, 0x0000, 0x0000, 0x0000,
    0x0000, 0x0000, 0x0000, 0x0000, 0x0000, 0x0000, 0x0000, 0x0000, 0x0000, 0x0000, 0x0000, 0x0000, 0x0000, 0x0000, 0x0000, 0x0000,
    0x0000, 0x0000, 0x0000, 0x0000, 0x0000, 0x0000, 0x0000, 0x0000, 0x0000, 0x0000, 0xFFFF, 0xFFFF, 0xFFFF, 0xFFFF, 0xFFFF, 0xFFFF,
    0xFFFF, 0xFFFF, 0xFFFF, 0xFFFF, 0xFFFF, 0xFFFF, 0xFFFF, 0xFFFF, 0xFFFF, 0xFFFF, 0xFFFF, 0xFFFF, 0xFFFF, 0xFFFF, 0xFFFF, 0xFFFF,
    0xFFFF, 0xFFFF, 0xFFFF, 0xFFFF, 0xFFFF, 0xFFFF, 0xFFFF, 0xFFFF, 0xFFFF, 0xFFFF, 0xFFFF, 0xFFFF, 0xFFFF, 0xFFFF, 0xFFFF, 0xFFFF,
    0xFFFF, 0xFFFF, 0xFFFF, 0xFFFF, 0xFFFF, 0xFFFF, 0xFFFF, 0xFFFF, 0xFFFF, 0xFFFF, 0xFFFF, 0xFFFF, 0xFFFF, 0xFFFF, 0xFFFF, 0xFFFF,
    0xFFFF, 0xFFFF, 0xFFFF, 0xFFFF, 0xFFFF, 0xFFFF, 0xFFFF, 0xFFFF, 0xFFFF, 0xFFFF, 0xFFFF, 0xFFFF, 0xFFFF, 0xFFFF, 0xFFFF, 0xFFFF,
    0xB75C, 0x2E16, 0x1DD5, 0x0DB4, 0x0DB4, 0x0DB4, 0x0DB4, 0x0DB4, 0x4E57, 0xFFFF, 0xFFFF, 0xFFFF, 0xFFFF, 0xFFFF, 0xFFFF, 0xFFFF,
    0xFFFF, 0xFFFF, 0xFFFF, 0xFFFF, 0xFFFF, 0xFFFF, 0xFFFF, 0xFFFF, 0xFFFF, 0xFFFF, 0xFFFF, 0xFFFF, 0xFFFF, 0xFFFF, 0xFFFF, 0xFFFF,
    0xFFFF, 0xFFFF, 0xFFFF, 0xFFFF, 0xFFFF, 0xFFFF, 0xFFFF, 0xFFFF, 0xFFFF, 0xFFFF, 0xFFFF, 0xFFFF, 0xFFFF, 0xFFFF, 0xFFFF, 0xFFFF,
    0xFFFF, 0xFFFF, 0xFFFF, 0xFFFF, 0xFFFF, 0xFFFF, 0xFFFF, 0xFFFF, 0xFFFF, 0xFFFF, 0xFFFF, 0xFFFF, 0xFFFF, 0xFFFF, 0xFFFF, 0xFFFF,
    0xFFFF, 0xFFFF, 0xFFFF, 0xFFFF, 0xFFFF, 0xFFFF, 0xFFFF, 0xFFFF, 0xFFFF, 0xFFFF, 0xFFFF, 0xFFFF, 0xFFFF, 0xFFFF, 0xFFFF, 0xFFFF,
    0xFFFF, 0xFFFF, 0xFFFF, 0xFFFF, 0xFFFF, 0xFFFF, 0xFFFF, 0xFFFF, 0xFFFF, 0xFFFF, 0xFFFF, 0xFFFF, 0xFFFF, 0xFFFF, 0xFFFF, 0xFFFF,
    0xFFFF, 0xFFFF, 0xFFFF, 0xFFFF, 0x0000, 0x0000, 0x0000, 0x0000, 0x0000, 0x0000, 0xFFFF, 0xFFFF, 0xFFFF, 0xFFFF, 0xFFFF, 0xFFFF,
    0xFFFF, 0xFFFF, 0xFFFF, 0xFFFF, 0xFFFF, 0xFFFF, 0xFFFF, 0xFFFF, 0xFFFF, 0xFFFF, 0xFFFF, 0xFFFF, 0xFFFF, 0xFFFF, 0xFFFF, 0xFFFF,
    0xFFFF, 0xFFFF, 0xFFFF, 0xFFFF, 0xFFFF, 0xFFFF, 0xFFFF, 0xFFFF, 0x0000, 0x0000, 0x0000, 0x0000, 0x0000, 0x0000, 0xFFFF, 0xFFFF,
    0xFFFF, 0xFFFF, 0xFFFF, 0xFFFF, 0xFFFF, 0xFFFF, 0xFFFF, 0xFFFF, 0xFFFF, 0xFFFF, 0xFFFF, 0xFFFF, 0xFFFF, 0xFFFF, 0xFFFF, 0xFFFF,
    0x0000, 0x0000, 0x0000, 0x0000, 0x0000, 0x0000, 0xFFFF, 0xFFFF, 0xFFFF, 0xFFFF, 0xFFFF, 0xFFFF, 0xFFFF, 0xFFFF, 0xFFFF, 0xFFFF,
    0xFFFF, 0xFFFF, 0xFFFF, 0xFFFF, 0xFFFF, 0xFFFF, 0xFFFF, 0xFFFF, 0xFFFF, 0xFFFF, 0xFFFF, 0xFFFF, 0xFFFF, 0xFFFF, 0xFFFF, 0xFFFF,
    0xFFFF, 0xFFFF, 0xFFFF, 0xFFFF, 0xFFFF, 0xFFFF, 0xFFFF, 0xFFFF, 0xFFFF, 0xFFFF, 0xFFFF, 0xFFFF, 0xFFFF, 0xFFFF, 0xFFFF, 0xFFFF,
    0x0000, 0x0000, 0x0000, 0x0000, 0x0000, 0x0000, 0xFFFF, 0xFFFF, 0xFFFF, 0xFFFF, 0xFFFF, 0xFFFF, 0xFFFF, 0xFFFF, 0xFFFF, 0xFFFF,
    0xFFFF, 0xFFFF, 0xFFFF, 0xFFFF, 0xFFFF, 0xFFFF, 0xFFFF, 0xFFFF, 0xFFFF, 0xFFFF, 0xFFFF, 0xFFFF, 0xFFFF, 0xFFFF, 0xFFFF, 0xFFFF,
    0xFFFF, 0xFFFF, 0xFFFF, 0xFFFF, 0x0000, 0x0000, 0x0000, 0x0000, 0x0000, 0x0000, 0xFFFF, 0xFFFF, 0xFFFF, 0xFFFF, 0xFFFF, 0xFFFF,
    0xFFFF, 0xFFFF, 0xFFFF, 0xFFFF, 0xFFFF, 0xFFFF, 0xFFFF, 0xFFFF, 0xFFFF, 0xFFFF, 0xFFFF, 0xFFFF, 0xFFFF, 0xFFFF, 0xFFFF, 0xFFFF,
    0xFFFF, 0xFFFF, 0xFFFF, 0xFFFF, 0xFFFF, 0xFFFF, 0xFFFF, 0xFFFF, 0xFFFF, 0xFFFF, 0xFFFF, 0xFFFF, 0xFFFF, 0xFFFF, 0xFFFF, 0xFFFF,
    0xFFFF, 0xFFFF, 0xFFFF, 0xFFFF, 0xFFFF, 0xFFFF, 0xFFFF, 0xFFFF, 0xFFFF, 0xFFFF, 0xFFFF, 0xFFFF, 0xFFFF, 0xFFFF, 0xFFFF, 0xFFFF,
    0xFFFF, 0xFFFF, 0xFFFF, 0xFFFF, 0xFFFF, 0xFFFF, 0xFFFF, 0xFFFF, 0xFFFF, 0xFFFF, 0xFFFF, 0xFFFF, 0xFFFF, 0xFFFF, 0xFFFF, 0xFFFF,
    0xFFFF, 0xC77D, 0x0DB4, 0x0DB4, 0x0DB4, 0x0DB4, 0x0DB4, 0x0DB4, 0x5E78, 0xFFFF, 0xFFFF, 0xFFFF, 0xFFFF, 0xFFFF, 0xFFFF, 0xFFFF,
    0xFFFF, 0xFFFF, 0xFFFF, 0xFFFF, 0xFFFF, 0xFFFF, 0xFFFF, 0xFFFF, 0xFFFF, 0xFFFF, 0xFFFF, 0xFFFF, 0xFFFF, 0xFFFF, 0xFFFF, 0xFFFF,
    0xFFFF, 0xFFFF, 0xFFFF, 0xFFFF, 0xFFFF, 0xFFFF, 0xFFFF, 0xFFFF, 0xFFFF, 0xFFFF, 0xFFFF, 0xFFFF, 0xFFFF, 0xFFFF, 0xFFFF, 0xFFFF,
    0xFFFF, 0xFFFF, 0xFFFF, 0xFFFF, 0xFFFF, 0xFFFF, 0xFFFF, 0xFFFF, 0xFFFF, 0xFFFF, 0xFFFF, 0xFFFF, 0xFFFF, 0xFFFF, 0xFFFF, 0xFFFF,
    0xFFFF, 0xFFFF, 0xFFFF, 0xFFFF, 0xFFFF, 0xFFFF, 0xFFFF, 0xFFFF, 0xFFFF, 0xFFFF, 0xFFFF, 0xFFFF, 0xFFFF, 0xFFFF, 0xFFFF, 0xFFFF,
    0xFFFF, 0xFFFF, 0xFFFF, 0xFFFF, 0xFFFF, 0xFFFF, 0xFFFF, 0xFFFF, 0xFFFF, 0xFFFF, 0xFFFF, 0xFFFF, 0xFFFF, 0xFFFF, 0xFFFF, 0xFFFF,
    0xFFFF, 0xFFFF, 0xFFFF, 0xFFFF, 0x0000, 0x0000, 0x0000, 0x0000, 0x0000, 0x0000, 0xFFFF, 0xFFFF, 0xFFFF, 0xFFFF, 0xFFFF, 0xFFFF,
    0xFFFF, 0xFFFF, 0xFFFF, 0xFFFF, 0xFFFF, 0xFFFF, 0xFFFF, 0xFFFF, 0xFFFF, 0xFFFF, 0xFFFF, 0xFFFF, 0xFFFF, 0xFFFF, 0xFFFF, 0xFFFF,
    0xFFFF, 0xFFFF, 0xFFFF, 0xFFFF, 0xFFFF, 0xFFFF, 0xFFFF, 0xFFFF, 0x0000, 0x0000, 0x0000, 0x0000, 0x0000, 0x0000, 0xFFFF, 0xFFFF,
    0xFFFF, 0xFFFF, 0xFFFF, 0xFFFF, 0xFFFF, 0xFFFF, 0xFFFF, 0xFFFF, 0xFFFF, 0xFFFF, 0xFFFF, 0xFFFF, 0xFFFF, 0xFFFF, 0xFFFF, 0xFFFF,
    0x0000, 0x0000, 0x0000, 0x0000, 0x0000, 0x0000, 0xFFFF, 0xFFFF, 0xFFFF, 0xFFFF, 0xFFFF, 0xFFFF, 0xFFFF, 0xFFFF, 0xFFFF, 0xFFFF,
    0xFFFF, 0xFFFF, 0xFFFF, 0xFFFF, 0xFFFF, 0xFFFF, 0xFFFF, 0xFFFF, 0xFFFF, 0xFFFF, 0xFFFF, 0xFFFF, 0xFFFF, 0xFFFF, 0xFFFF, 0xFFFF,
    0xFFFF, 0xFFFF, 0xFFFF, 0xFFFF, 0xFFFF, 0xFFFF, 0xFFFF, 0xFFFF, 0xFFFF, 0xFFFF, 0xFFFF, 0xFFFF, 0xFFFF, 0xFFFF, 0xFFFF, 0xFFFF,
    0x0000, 0x0000, 0x0000, 0x0000, 0x0000, 0x0000, 0xFFFF, 0xFFFF, 0xFFFF, 0xFFFF, 0xFFFF, 0xFFFF, 0xFFFF, 0xFFFF, 0xFFFF, 0xFFFF,
    0xFFFF, 0xFFFF, 0xFFFF, 0xFFFF, 0xFFFF, 0xFFFF, 0xFFFF, 0xFFFF, 0xFFFF, 0xFFFF, 0xFFFF, 0xFFFF, 0xFFFF, 0xFFFF, 0xFFFF, 0xFFFF,
    0xFFFF, 0xFFFF, 0xFFFF, 0xFFFF, 0x0000, 0x0000, 0x0000, 0x0000, 0x0000, 0x0000, 0xFFFF, 0xFFFF, 0xFFFF, 0xFFFF, 0xFFFF, 0xFFFF,
    0xFFFF, 0xFFFF, 0xFFFF, 0xFFFF, 0xFFFF, 0xFFFF, 0xFFFF, 0xFFFF, 0xFFFF, 0xFFFF, 0xFFFF, 0xFFFF, 0xFFFF, 0xFFFF, 0xFFFF, 0xFFFF,
    0xFFFF, 0xFFFF, 0xFFFF, 0xFFFF, 0xFFFF, 0xFFFF, 0xFFFF, 0xFFFF, 0xFFFF, 0xFFFF, 0xFFFF, 0xFFFF, 0xFFFF, 0xFFFF, 0xFFFF, 0xFFFF,
    0xFFFF, 0xFFFF, 0xFFFF, 0xFFFF, 0xFFFF, 0xFFFF, 0xFFFF, 0xFFFF, 0xFFFF, 0xFFFF, 0xFFFF, 0xFFFF, 0xFFFF, 0xFFFF, 0xFFFF, 0xFFFF,
    0xFFFF, 0xFFFF, 0xFFFF, 0xFFFF, 0xFFFF, 0xFFFF, 0xFFFF, 0xFFFF, 0xFFFF, 0xFFFF, 0xFFFF, 0xFFFF, 0xFFFF, 0xFFFF, 0xFFFF, 0xFFFF,
    0xFFFF, 0xFFFF, 0xD79D, 0x2E16, 0x0DB4, 0x0DB4, 0x0DB4, 0x1DD5, 0xB75C, 0xFFFF, 0xFFFF, 0xFFFF, 0xFFFF, 0xFFFF, 0xFFFF, 0xFFFF,
    0xFFFF, 0xFFFF, 0xFFFF, 0xFFFF, 0xFFFF, 0xFFFF, 0xFFFF, 0xFFFF, 0xFFFF, 0xFFFF, 0xFFFF, 0xFFFF, 0xFFFF, 0xFFFF, 0xFFFF, 0xFFFF,
    0xFFFF, 0xFFFF, 0xFFFF, 0xFFFF, 0xFFFF, 0xFFFF, 0xFFFF, 0xFFFF, 0xFFFF, 0xFFFF, 0xFFFF, 0xFFFF, 0xFFFF, 0xFFFF, 0xFFFF, 0xFFFF,
    0xFFFF, 0xFFFF, 0xFFFF, 0xFFFF, 0xFFFF, 0xFFFF, 0xFFFF, 0xFFFF, 0xFFFF, 0xFFFF, 0xFFFF, 0xFFFF, 0xFFFF, 0xFFFF, 0xFFFF, 0xFFFF,
    0xFFFF, 0xFFFF, 0xFFFF, 0xFFFF, 0xFFFF, 0xFFFF, 0xFFFF, 0xFFFF, 0xFFFF, 0xFFFF, 0xFFFF, 0xFFFF, 0xFFFF, 0xFFFF, 0xFFFF, 0xFFFF,
    0xFFFF, 0xFFFF, 0xFFFF, 0xFFFF, 0xFFFF, 0xFFFF, 0xFFFF, 0xFFFF, 0xFFFF, 0xFFFF, 0xFFFF, 0xFFFF, 0xFFFF, 0xFFFF, 0xFFFF, 0xFFFF,
    0xFFFF, 0xFFFF, 0xFFFF, 0xFFFF, 0x0000, 0x0000, 0x0000, 0x0000, 0x0000, 0x0000, 0xFFFF, 0xFFFF, 0xFFFF, 0xFFFF, 0xFFFF, 0xFFFF,
    0xFFFF, 0xFFFF, 0xFFFF, 0xFFFF, 0xFFFF, 0xFFFF, 0xFFFF, 0xFFFF, 0xFFFF, 0xFFFF, 0xFFFF, 0xFFFF, 0xFFFF, 0xFFFF, 0xFFFF, 0xFFFF,
    0xFFFF, 0xFFFF, 0xFFFF, 0xFFFF, 0xFFFF, 0xFFFF, 0xFFFF, 0xFFFF, 0x0000, 0x0000, 0x0000, 0x0000, 0x0000, 0x0000, 0xFFFF, 0xFFFF,
    0xFFFF, 0xFFFF, 0xFFFF, 0xFFFF, 0xFFFF, 0xFFFF, 0xFFFF, 0xFFFF, 0xFFFF, 0xFFFF, 0xFFFF, 0xFFFF, 0xFFFF, 0xFFFF, 0xFFFF, 0xFFFF,
    0x0000, 0x0000, 0x0000, 0x0000, 0x0000, 0x0000, 0xFFFF, 0xFFFF, 0xFFFF, 0xFFFF, 0xFFFF, 0xFFFF, 0xFFFF, 0xFFFF, 0xFFFF, 0xFFFF,
    0xFFFF, 0xFFFF, 0xFFFF, 0xFFFF, 0xFFFF, 0xFFFF, 0xFFFF, 0xFFFF, 0xFFFF, 0xFFFF, 0xFFFF, 0xFFFF, 0xFFFF, 0xFFFF, 0xFFFF, 0xFFFF,
    0xFFFF, 0xFFFF, 0xFFFF, 0xFFFF, 0xFFFF, 0xFFFF, 0xFFFF, 0xFFFF, 0xFFFF, 0xFFFF, 0xFFFF, 0xFFFF, 0xFFFF, 0xFFFF, 0xFFFF, 0xFFFF,
    0x0000, 0x0000, 0x0000, 0x0000, 0x0000, 0x0000, 0xFFFF, 0xFFFF, 0xFFFF, 0xFFFF, 0xFFFF, 0xFFFF, 0xFFFF, 0xFFFF, 0xFFFF, 0xFFFF,
    0xFFFF, 0xFFFF, 0xFFFF, 0xFFFF, 0xFFFF, 0xFFFF, 0xFFFF, 0xFFFF, 0xFFFF, 0xFFFF, 0xFFFF, 0xFFFF, 0xFFFF, 0xFFFF, 0xFFFF, 0xFFFF,
    0xFFFF, 0xFFFF, 0xFFFF, 0xFFFF, 0x0000, 0x0000, 0x0000, 0x0000, 0x0000, 0x0000, 0xFFFF, 0xFFFF, 0xFFFF, 0xFFFF, 0xFFFF, 0xFFFF,
    0xFFFF, 0xFFFF, 0xFFFF, 0xFFFF, 0xFFFF, 0xFFFF, 0xFFFF, 0xFFFF, 0xFFFF, 0xFFFF, 0xFFFF, 0xFFFF, 0xFFFF, 0xFFFF, 0xFFFF, 0xFFFF,
    0xFFFF, 0xFFFF, 0xFFFF, 0xFFFF, 0xFFFF, 0xFFFF, 0xFFFF, 0xFFFF, 0xFFFF, 0xFFFF, 0xFFFF, 0xFFFF, 0xFFFF, 0xFFFF, 0xFFFF, 0xFFFF,
    0xFFFF, 0xFFFF, 0xFFFF, 0xFFFF, 0xFFFF, 0xFFFF, 0xFFFF, 0xFFFF, 0xFFFF, 0xFFFF, 0xFFFF, 0xFFFF, 0xFFFF, 0xFFFF, 0xFFFF, 0xFFFF,
    0xFFFF, 0xFFFF, 0xFFFF, 0xFFFF, 0xFFFF, 0xFFFF, 0xFFFF, 0xFFFF, 0xFFFF, 0xFFFF, 0xFFFF, 0xFFFF, 0xFFFF, 0xFFFF, 0xFFFF, 0xFFFF,
    0xFFFF, 0xFFFF, 0xFFFF, 0xB75C, 0x96FB, 0x4E57, 0x6E98, 0xC77D, 0xFFFF, 0xFFFF, 0xFFFF, 0xFFFF, 0xFFFF, 0xFFFF, 0xFFFF, 0xFFFF,
    0xFFFF, 0xFFFF, 0xFFFF, 0xFFFF, 0xFFFF, 0xFFFF, 0xFFFF, 0xFFFF, 0xFFFF, 0xFFFF, 0xFFFF, 0xFFFF, 0xFFFF, 0xFFFF, 0xFFFF, 0xFFFF,
    0xFFFF, 0xFFFF, 0xFFFF, 0xFFFF, 0xFFFF, 0xFFFF, 0xFFFF, 0xFFFF, 0xFFFF, 0xFFFF, 0xFFFF, 0xFFFF, 0xFFFF, 0xFFFF, 0xFFFF, 0xFFFF,
    0xFFFF, 0xFFFF, 0xFFFF, 0xFFFF, 0xFFFF, 0xFFFF, 0xFFFF, 0xFFFF, 0xFFFF, 0xFFFF, 0xFFFF, 0xFFFF, 0xFFFF, 0xFFFF, 0xFFFF, 0xFFFF,
    0xFFFF, 0xFFFF, 0xFFFF, 0xFFFF, 0xFFFF, 0xFFFF, 0xFFFF, 0xFFFF, 0xFFFF, 0xFFFF, 0xFFFF, 0xFFFF, 0xFFFF, 0xFFFF, 0xFFFF, 0xFFFF,
    0xFFFF, 0xFFFF, 0xFFFF, 0xFFFF, 0xFFFF, 0xFFFF, 0xFFFF, 0xFFFF, 0xFFFF, 0xFFFF, 0xFFFF, 0xFFFF, 0xFFFF, 0xFFFF, 0xFFFF, 0xFFFF,
    0xFFFF, 0xFFFF, 0xFFFF, 0xFFFF, 0x0000, 0x0000, 0x0000, 0x0000, 0x0000, 0x0000, 0xFFFF, 0xFFFF, 0xFFFF, 0xFFFF, 0xFFFF, 0xFFFF,
    0xFFFF, 0xFFFF, 0xFFFF, 0xFFFF, 0xFFFF, 0xFFFF, 0xFFFF, 0xFFFF, 0xFFFF, 0xFFFF, 0xFFFF, 0xFFFF, 0xFFFF, 0xFFFF, 0xFFFF, 0xFFFF,
    0xFFFF, 0xFFFF, 0xFFFF, 0xFFFF, 0xFFFF, 0xFFFF, 0xFFFF, 0xFFFF, 0x0000, 0x0000, 0x0000, 0x0000, 0x0000, 0x0000, 0xFFFF, 0xFFFF,
    0xFFFF, 0xFFFF, 0xFFFF, 0xFFFF, 0xFFFF, 0xFFFF, 0xFFFF, 0xFFFF, 0xFFFF, 0xFFFF, 0xFFFF, 0xFFFF, 0xFFFF, 0xFFFF, 0xFFFF, 0xFFFF,
    0x0000, 0x0000, 0x0000, 0x0000, 0x0000, 0x0000, 0xFFFF, 0xFFFF, 0xFFFF, 0xFFFF, 0xFFFF, 0xFFFF, 0xFFFF, 0xFFFF, 0xFFFF, 0xFFFF,
    0xFFFF, 0xFFFF, 0xFFFF, 0xFFFF, 0xFFFF, 0xFFFF, 0xFFFF, 0xFFFF, 0xFFFF, 0xFFFF, 0xFFFF, 0xFFFF, 0xFFFF, 0xFFFF, 0xFFFF, 0xFFFF,
    0xFFFF, 0xFFFF, 0xFFFF, 0xFFFF, 0xFFFF, 0xFFFF, 0xFFFF, 0xFFFF, 0xFFFF, 0xFFFF, 0xFFFF, 0xFFFF, 0xFFFF, 0xFFFF, 0xFFFF, 0xFFFF,
    0x0000, 0x0000, 0x0000, 0x0000, 0x0000, 0x0000, 0xFFFF, 0xFFFF, 0xFFFF, 0xFFFF, 0xFFFF, 0xFFFF, 0xFFFF, 0xFFFF, 0xFFFF, 0xFFFF,
    0xFFFF, 0xFFFF, 0xFFFF, 0xFFFF, 0xFFFF, 0xFFFF, 0xFFFF, 0xFFFF, 0xFFFF, 0xFFFF, 0xFFFF, 0xFFFF, 0xFFFF, 0xFFFF, 0xFFFF, 0xFFFF,
    0xFFFF, 0xFFFF, 0xFFFF, 0xFFFF, 0x0000, 0x0000, 0x0000, 0x0000, 0x0000, 0x0000, 0xFFFF, 0xFFFF, 0xFFFF, 0xFFFF, 0xFFFF, 0xFFFF,
    0xFFFF, 0xFFFF, 0xFFFF, 0xFFFF, 0xFFFF, 0xFFFF, 0xFFFF, 0xFFFF, 0xFFFF, 0xFFFF, 0xFFFF, 0xFFFF, 0xFFFF, 0xFFFF, 0xFFFF, 0xFFFF,
    0xFFFF, 0xFFFF, 0xFFFF, 0xFFFF, 0xFFFF, 0xFFFF, 0xFFFF, 0xFFFF, 0xFFFF, 0xFFFF, 0xFFFF, 0xFFFF, 0xFFFF, 0xFFFF, 0xFFFF, 0xFFFF,
    0xFFFF, 0xFFFF, 0xFFFF, 0xFFFF, 0xFFFF, 0xFFFF, 0xFFFF, 0xFFFF, 0xFFFF, 0xFFFF, 0xFFFF, 0xFFFF, 0xFFFF, 0xFFFF, 0xFFFF, 0xFFFF,
    0xFFFF, 0xFFFF, 0xFFFF, 0xFFFF, 0xFFFF, 0xFFFF, 0xFFFF, 0xFFFF, 0xFFFF, 0xFFFF, 0xFFFF, 0xFFFF, 0xFFFF, 0xFFFF, 0xFFFF, 0xFFFF,
    0xFFFF, 0xFFFF, 0xFFFF, 0xFFFF, 0xFFFF, 0xFFFF, 0xFFFF, 0xFFFF, 0xFFFF, 0xFFFF, 0xFFFF, 0xFFFF, 0xFFFF, 0xFFFF, 0xFFFF, 0xFFFF,
    0xFFFF, 0xFFFF, 0xFFFF, 0xFFFF, 0xFFFF, 0xFFFF, 0xFFFF, 0xFFFF, 0xFFFF, 0xFFFF, 0xFFFF, 0xFFFF, 0xFFFF, 0xFFFF, 0xFFFF, 0xFFFF,
    0xFFFF, 0xFFFF, 0xFFFF, 0xFFFF, 0xFFFF, 0xFFFF, 0xFFFF, 0xFFFF, 0xFFFF, 0xFFFF, 0xFFFF, 0xFFFF, 0xFFFF, 0xFFFF, 0xFFFF, 0xFFFF,
    0xFFFF, 0xFFFF, 0xFFFF, 0xFFFF, 0xFFFF, 0xFFFF, 0xFFFF, 0xFFFF, 0xFFFF, 0xFFFF, 0xFFFF, 0xFFFF, 0xFFFF, 0xFFFF, 0xFFFF, 0xFFFF,
    0xFFFF, 0xFFFF, 0xFFFF, 0xFFFF, 0xFFFF, 0xFFFF, 0xFFFF, 0xFFFF, 0xFFFF, 0xFFFF, 0xFFFF, 0xFFFF, 0xFFFF, 0xFFFF, 0xFFFF, 0xFFFF,
    0xFFFF, 0xFFFF, 0xFFFF, 0xFFFF, 0xFFFF, 0xFFFF, 0xFFFF, 0xFFFF, 0xFFFF, 0xFFFF, 0xFFFF, 0xFFFF, 0xFFFF, 0xFFFF, 0xFFFF, 0xFFFF,
    0xFFFF, 0xFFFF, 0xFFFF, 0xFFFF, 0x0000, 0x0000, 0x0000, 0x0000, 0x0000, 0x0000, 0xFFFF, 0xFFFF, 0xFFFF, 0xFFFF, 0xFFFF, 0xFFFF,
    0xFFFF, 0xFFFF, 0xFFFF, 0xFFFF, 0xFFFF, 0xFFFF, 0xFFFF, 0xFFFF, 0xFFFF, 0xFFFF, 0xFFFF, 0xFFFF, 0xFFFF, 0xFFFF, 0xFFFF, 0xFFFF,
    0xFFFF, 0xFFFF, 0xFFFF, 0xFFFF, 0xFFFF, 0xFFFF, 0xFFFF, 0xFFFF, 0x0000, 0x0000, 0x0000, 0x0000, 0x0000, 0x0000, 0xFFFF, 0xFFFF,
    0xFFFF, 0xFFFF, 0xFFFF, 0xFFFF, 0xFFFF, 0xFFFF, 0xFFFF, 0xFFFF, 0xFFFF, 0xFFFF, 0xFFFF, 0xFFFF, 0xFFFF, 0xFFFF, 0xFFFF, 0xFFFF,
    0x0000, 0x0000, 0x0000, 0x0000, 0x0000, 0x0000, 0xFFFF, 0xFFFF, 0xFFFF, 0xFFFF, 0xFFFF, 0xFFFF, 0xFFFF, 0xFFFF, 0xFFFF, 0xFFFF,
    0xFFFF, 0xFFFF, 0xFFFF, 0xFFFF, 0xFFFF, 0xFFFF, 0xFFFF, 0xFFFF, 0xFFFF, 0xFFFF, 0xFFFF, 0xFFFF, 0xFFFF, 0xFFFF, 0xFFFF, 0xFFFF,
    0xFFFF, 0xFFFF, 0xFFFF, 0xFFFF, 0xFFFF, 0xFFFF, 0xFFFF, 0xFFFF, 0xFFFF, 0xFFFF, 0xFFFF, 0xFFFF, 0xFFFF, 0xFFFF, 0xFFFF, 0xFFFF,
    0x0000, 0x0000, 0x0000, 0x0000, 0x0000, 0x0000, 0xFFFF, 0xFFFF, 0xFFFF, 0xFFFF, 0xFFFF, 0xFFFF, 0xFFFF, 0xFFFF, 0xFFFF, 0xFFFF,
    0xFFFF, 0xFFFF, 0xFFFF, 0xFFFF, 0xFFFF, 0xFFFF, 0xFFFF, 0xFFFF, 0xFFFF, 0xFFFF, 0xFFFF, 0xFFFF, 0xFFFF, 0xFFFF, 0xFFFF, 0xFFFF,
    0xFFFF, 0xFFFF, 0xFFFF, 0xFFFF, 0x0000, 0x0000, 0x0000, 0x0000, 0x0000, 0x0000, 0xFFFF, 0xFFFF, 0xFFFF, 0xFFFF, 0xFFFF, 0xFFFF,
    0xFFFF, 0xFFFF, 0xFFFF, 0xFFFF, 0xFFFF, 0xFFFF, 0xFFFF, 0xFFFF, 0xFFFF, 0xFFFF, 0xFFFF, 0xFFFF, 0xFFFF, 0xFFFF, 0xFFFF, 0xFFFF,
    0xFFFF, 0xFFFF, 0xFFFF, 0xFFFF, 0xFFFF, 0xFFFF, 0xFFFF, 0xFFFF, 0xFFFF, 0xFFFF, 0xFFFF, 0xFFFF, 0xFFFF, 0xFFFF, 0xFFFF, 0xFFFF,
    0xFFFF, 0xFFFF, 0xFFFF, 0xFFFF, 0xFFFF, 0xFFFF, 0xFFFF, 0xFFFF, 0xFFFF, 0xFFFF, 0xFFFF, 0xFFFF, 0xFFFF, 0xFFFF, 0xFFFF, 0xFFFF,
    0xFFFF, 0xFFFF, 0xFFFF, 0xFFFF, 0xFFFF, 0xFFFF, 0xFFFF, 0xFFFF, 0xFFFF, 0xFFFF, 0xFFFF, 0xFFFF, 0xFFFF, 0xFFFF, 0xFFFF, 0xFFFF,
    0xFFFF, 0xFFFF, 0xFFFF, 0xFFFF, 0xFFFF, 0xFFFF, 0xFFFF, 0xFFFF, 0xFFFF, 0xFFFF, 0xFFFF, 0xFFFF, 0xFFFF, 0xFFFF, 0xFFFF, 0xFFFF,
    0xFFFF, 0xFFFF, 0xFFFF, 0xFFFF, 0xFFFF, 0xFFFF, 0xFFFF, 0xFFFF, 0xFFFF, 0xFFFF, 0xFFFF, 0xFFFF, 0xFFFF, 0xFFFF, 0xFFFF, 0xFFFF,
    0xFFFF, 0xFFFF, 0xFFFF, 0xFFFF, 0xFFFF, 0xFFFF, 0xFFFF, 0xFFFF, 0xFFFF, 0xFFFF, 0xFFFF, 0xFFFF, 0xFFFF, 0xFFFF, 0xFFFF, 0xFFFF,
    0xFFFF, 0xFFFF, 0xFFFF, 0xFFFF, 0xFFFF, 0xFFFF, 0xFFFF, 0xFFFF, 0xFFFF, 0xFFFF, 0xFFFF, 0xFFFF, 0xFFFF, 0xFFFF, 0xFFFF, 0xFFFF,
    0xFFFF, 0xFFFF, 0xFFFF, 0xFFFF, 0xFFFF, 0xFFFF, 0xFFFF, 0xFFFF, 0xFFFF, 0xFFFF, 0xFFFF, 0xFFFF, 0xFFFF, 0xFFFF, 0xFFFF, 0xFFFF,
    0xFFFF, 0xFFFF, 0xFFFF, 0xFFFF, 0xFFFF, 0xFFFF, 0xFFFF, 0xFFFF, 0xFFFF, 0xFFFF, 0xFFFF, 0xFFFF, 0xFFFF, 0xFFFF, 0xFFFF, 0xFFFF,
    0xFFFF, 0xFFFF, 0xFFFF, 0xFFFF, 0x0000, 0x0000, 0x0000, 0x0000, 0x0000, 0x0000, 0xFFFF, 0xFFFF, 0xFFFF, 0xFFFF, 0xFFFF, 0xFFFF,
    0xFFFF, 0xFFFF, 0xFFFF, 0xFFFF, 0xFFFF, 0xFFFF, 0xFFFF, 0xFFFF, 0xFFFF, 0xFFFF, 0xFFFF, 0xFFFF, 0xFFFF, 0xFFFF, 0xFFFF, 0xFFFF,
    0xFFFF, 0xFFFF, 0xFFFF, 0xFFFF, 0xFFFF, 0xFFFF, 0xFFFF, 0xFFFF, 0x0000, 0x0000, 0x0000, 0x0000, 0x0000, 0x0000, 0xFFFF, 0xFFFF,
    0xFFFF, 0xFFFF, 0xFFFF, 0xFFFF, 0xFFFF, 0xFFFF, 0xFFFF, 0xFFFF, 0xFFFF, 0xFFFF, 0xFFFF, 0xFFFF, 0xFFFF, 0xFFFF, 0xFFFF, 0xFFFF,
    0x0000, 0x0000, 0x0000, 0x0000, 0x0000, 0x0000, 0xFFFF, 0xFFFF, 0xFFFF, 0xFFFF, 0xFFFF, 0xFFFF, 0xFFFF, 0xFFFF, 0xFFFF, 0xFFFF,
    0xFFFF, 0xFFFF, 0xFFFF, 0xFFFF, 0xFFFF, 0xFFFF, 0xFFFF, 0xFFFF, 0xFFFF, 0xFFFF, 0xFFFF, 0xFFFF, 0xFFFF, 0xFFFF, 0xFFFF, 0xFFFF,
    0xFFFF, 0xFFFF, 0xFFFF, 0xFFFF, 0xFFFF, 0xFFFF, 0xFFFF, 0xFFFF, 0xFFFF, 0xFFFF, 0xFFFF, 0xFFFF, 0xFFFF, 0xFFFF, 0xFFFF, 0xFFFF,
    0x0000, 0x0000, 0x0000, 0x0000, 0x0000, 0x0000, 0xFFFF, 0xFFFF, 0xFFFF, 0xFFFF, 0xFFFF, 0xFFFF, 0xFFFF, 0xFFFF, 0xFFFF, 0xFFFF,
    0xFFFF, 0xFFFF, 0xFFFF, 0xFFFF, 0xFFFF, 0xFFFF, 0xFFFF, 0xFFFF, 0xFFFF, 0xFFFF, 0xFFFF, 0xFFFF, 0xFFFF, 0xFFFF, 0xFFFF, 0xFFFF,
    0xFFFF, 0xFFFF, 0xFFFF, 0xFFFF, 0x0000, 0x0000, 0x0000, 0x0000, 0x0000, 0x0000, 0xFFFF, 0xFFFF, 0xFFFF, 0xFFFF, 0xFFFF, 0xFFFF,
    0xFFFF, 0xFFFF, 0xFFFF, 0xFFFF, 0xFFFF, 0xFFFF, 0xFFFF, 0xFFFF, 0xFFFF, 0xFFFF, 0xFFFF, 0xFFFF, 0xFFFF, 0xFFFF, 0xFFFF, 0xFFFF,
    0xFFFF, 0xFFFF, 0xFFFF, 0xFFFF, 0xFFFF, 0xFFFF, 0xFFFF, 0xFFFF, 0xFFFF, 0xFFFF, 0xFFFF, 0xFFFF, 0xFFFF, 0xFFFF, 0xFFFF, 0xFFFF,
    0xFFFF, 0xFFFF, 0xFFFF, 0xFFFF, 0xFFFF, 0xFFFF, 0xFFFF, 0xFFFF, 0xFFFF, 0xFFFF, 0xFFFF, 0xFFFF, 0xFFFF, 0xFFFF, 0xFFFF, 0xFFFF,
    0xFFFF, 0xFFFF, 0xFFFF, 0xFFFF, 0xFFFF, 0xFFFF, 0xFFFF, 0xFFFF, 0xFFFF, 0xFFFF, 0xFFFF, 0xFFFF, 0xFFFF, 0xFFFF, 0xFFFF, 0xFFFF,
    0xFFFF, 0xFFFF, 0xFFFF, 0xFFFF, 0xFFFF, 0xFFFF, 0xFFFF, 0xFFFF, 0xFFFF, 0xFFFF, 0xFFFF, 0xFFFF, 0xFFFF, 0xFFFF, 0xFFFF, 0xFFFF,
    0xFFFF, 0xFFFF, 0xFFFF, 0xFFFF, 0xFFFF, 0xFFFF, 0xFFFF, 0xFFFF, 0xFFFF, 0xFFFF, 0xFFFF, 0xFFFF, 0xFFFF, 0xFFFF, 0xFFFF, 0xFFFF,
    0xFFFF, 0xFFFF, 0xFFFF, 0xFFFF, 0xFFFF, 0xFFFF, 0xFFFF, 0xFFFF, 0xFFFF, 0xFFFF, 0xFFFF, 0xFFFF, 0xFFFF, 0xFFFF, 0xFFFF, 0xFFFF,
    0xFFFF, 0xFFFF, 0xFFFF, 0xFFFF, 0xFFFF, 0xFFFF, 0xFFFF, 0xFFFF, 0xFFFF, 0xFFFF, 0xFFFF, 0xFFFF, 0xFFFF, 0xFFFF, 0xFFFF, 0xFFFF,
    0xFFFF, 0xFFFF, 0xFFFF, 0xFFFF, 0xFFFF, 0xFFFF, 0xFFFF, 0xFFFF, 0xFFFF, 0xFFFF, 0xFFFF, 0xFFFF, 0xFFFF, 0xFFFF, 0xFFFF, 0xFFFF,
    0xFFFF, 0xFFFF, 0xFFFF, 0xFFFF, 0xFFFF, 0xFFFF, 0xFFFF, 0xFFFF, 0xFFFF, 0xFFFF, 0xFFFF, 0xFFFF, 0xFFFF, 0xFFFF, 0xFFFF, 0xFFFF,
    0xFFFF, 0xFFFF, 0xFFFF, 0xFFFF, 0x0000, 0x0000, 0x0000, 0x0000, 0x0000, 0x0000, 0xFFFF, 0xFFFF, 0xFFFF, 0xFFFF, 0xFFFF, 0xFFFF,
    0x0000, 0x0000, 0x0000, 0x0000, 0x0000, 0x0000, 0x0000, 0x0000, 0x0000, 0x0000, 0x0000, 0x0000, 0x0000, 0x0000, 0x0000, 0x0000,
    0x0000, 0x0000, 0xFFFF, 0xFFFF, 0xFFFF, 0xFFFF, 0xFFFF, 0xFFFF, 0x0000, 0x0000, 0x0000, 0x0000, 0x0000, 0x0000, 0xFFFF, 0xFFFF,
    0xFFFF, 0xFFFF, 0xFFFF, 0xFFFF, 0xFFFF, 0xFFFF, 0xFFFF, 0xFFFF, 0xFFFF, 0xFFFF, 0x0000, 0x0000, 0x0000, 0x0000, 0x0000, 0x0000,
    0xFFFF, 0xFFFF, 0xFFFF, 0xFFFF, 0xFFFF, 0xFFFF, 0x0000, 0x0000, 0x0000, 0x0000, 0x0000, 0x0000, 0xFFFF, 0xFFFF, 0xFFFF, 0xFFFF,
    0xFFFF, 0xFFFF, 0xFFFF, 0xFFFF, 0xFFFF, 0xFFFF, 0xFFFF, 0xFFFF, 0x0000, 0x0000, 0x0000, 0x0000, 0x0000, 0x0000, 0xFFFF, 0xFFFF,
    0xFFFF, 0xFFFF, 0xFFFF, 0xFFFF, 0x0000, 0x0000, 0x0000, 0x0000, 0x0000, 0x0000, 0xFFFF, 0xFFFF, 0xFFFF, 0xFFFF, 0xFFFF, 0xFFFF,
    0x0000, 0x0000, 0x0000, 0x0000, 0x0000, 0x0000, 0xFFFF, 0xFFFF, 0xFFFF, 0xFFFF, 0xFFFF, 0xFFFF, 0x0000, 0x0000, 0x0000, 0x0000,
    0x0000, 0x0000, 0x0000, 0x0000, 0x0000, 0x0000, 0x0000, 0x0000, 0x0000, 0x0000, 0x0000, 0x0000, 0x0000, 0x0000, 0xFFFF, 0xFFFF,
    0xFFFF, 0xFFFF, 0xFFFF, 0xFFFF, 0x0000, 0x0000, 0x0000, 0x0000, 0x0000, 0x0000, 0xFFFF, 0xFFFF, 0xFFFF, 0xFFFF, 0xFFFF, 0xFFFF,
    0xFFFF, 0xFFFF, 0xFFFF, 0xFFFF, 0xFFFF, 0xFFFF, 0xFFFF, 0xFFFF, 0xFFFF, 0xFFFF, 0xFFFF, 0xFFFF, 0xFFFF, 0xFFFF, 0xFFFF, 0xFFFF,
    0xFFFF, 0xFFFF, 0xFFFF, 0xFFFF, 0xFFFF, 0xFFFF, 0xFFFF, 0xFFFF, 0xFFFF, 0xFFFF, 0xFFFF, 0xFFFF, 0xFFFF, 0xFFFF, 0xFFFF, 0xFFFF,
    0xFFFF, 0xFFFF, 0xFFFF, 0xFFFF, 0xFFFF, 0xFFFF, 0xFFFF, 0xFFFF, 0xFFFF, 0xFFFF, 0xFFFF, 0xFFFF, 0xFFFF, 0xFFFF, 0xFFFF, 0xFFFF,
    0xFFFF, 0xFFFF, 0xFFFF, 0xFFFF, 0xFFFF, 0xFFFF, 0xFFFF, 0xFFFF, 0xFFFF, 0xFFFF, 0xFFFF, 0xFFFF, 0xFFFF, 0xFFFF, 0xFFFF, 0xFFFF,
    0xFFFF, 0xFFFF, 0xFFFF, 0xFFFF, 0xFFFF, 0xFFFF, 0xFFFF, 0xFFFF, 0xFFFF, 0xFFFF, 0xFFFF, 0xFFFF, 0xFFFF, 0xFFFF, 0xFFFF, 0xFFFF,
    0xFFFF, 0xFFFF, 0xFFFF, 0xFFFF, 0xFFFF, 0xFFFF, 0xFFFF, 0xFFFF, 0xFFFF, 0xFFFF, 0xFFFF, 0xFFFF, 0xFFFF, 0xFFFF, 0xFFFF, 0xFFFF,
    0xFFFF, 0xFFFF, 0xFFFF, 0xFFFF, 0xFFFF, 0xFFFF, 0xFFFF, 0xFFFF, 0xFFFF, 0xFFFF, 0xFFFF, 0xFFFF, 0xFFFF, 0xFFFF, 0xFFFF, 0xFFFF,
    0xFFFF, 0xFFFF, 0xFFFF, 0xFFFF, 0xFFFF, 0xFFFF, 0xFFFF, 0xFFFF, 0xFFFF, 0xFFFF, 0xFFFF, 0xFFFF, 0xFFFF, 0xFFFF, 0xFFFF, 0xFFFF,
    0xFFFF, 0xFFFF, 0xFFFF, 0xFFFF, 0xFFFF, 0xFFFF, 0xFFFF, 0xFFFF, 0xFFFF, 0xFFFF, 0xFFFF, 0xFFFF, 0xFFFF, 0xFFFF, 0xFFFF, 0xFFFF,
    0xFFFF, 0xFFFF, 0xFFFF, 0xFFFF, 0xFFFF, 0xFFFF, 0xFFFF, 0xFFFF, 0xFFFF, 0xFFFF, 0xFFFF, 0xFFFF, 0xFFFF, 0xFFFF, 0xFFFF, 0xFFFF,
    0xFFFF, 0xFFFF, 0xFFFF, 0xFFFF, 0x0000, 0x0000, 0x0000, 0x0000, 0x0000, 0x0000, 0xFFFF, 0xFFFF, 0xFFFF, 0xFFFF, 0xFFFF, 0xFFFF,
    0x0000, 0x0000, 0x0000, 0x0000, 0x0000, 0x0000, 0x0000, 0x0000, 0x0000, 0x0000, 0x0000, 0x0000, 0x0000, 0x0000, 0x0000, 0x0000,
    0x0000, 0x0000, 0xFFFF, 0xFFFF, 0xFFFF, 0xFFFF, 0xFFFF, 0xFFFF, 0x0000, 0x0000, 0x0000, 0x0000, 0x0000, 0x0000, 0xFFFF, 0xFFFF,
    0xFFFF, 0xFFFF, 0xFFFF, 0xFFFF, 0xFFFF, 0xFFFF, 0xFFFF, 0xFFFF, 0xFFFF, 0xFFFF, 0x0000, 0x0000, 0x0000, 0x0000, 0x0000, 0x0000,
    0xFFFF, 0xFFFF, 0xFFFF, 0xFFFF, 0xFFFF, 0xFFFF, 0x0000, 0x0000, 0x0000, 0x0000, 0x0000, 0x0000, 0xFFFF, 0xFFFF, 0xFFFF, 0xFFFF,
    0xFFFF, 0xFFFF, 0xFFFF, 0xFFFF, 0xFFFF, 0xFFFF, 0xFFFF, 0xFFFF, 0x0000, 0x0000, 0x0000, 0x0000, 0x0000, 0x0000, 0xFFFF, 0xFFFF,
    0xFFFF, 0xFFFF, 0xFFFF, 0xFFFF, 0x0000, 0x0000, 0x0000, 0x0000, 0x0000, 0x0000, 0xFFFF, 0xFFFF, 0xFFFF, 0xFFFF, 0xFFFF, 0xFFFF,
    0x0000, 0x0000, 0x0000, 0x0000, 0x0000, 0x0000, 0xFFFF, 0xFFFF, 0xFFFF, 0xFFFF, 0xFFFF, 0xFFFF, 0x0000, 0x0000, 0x0000, 0x0000,
    0x0000, 0x0000, 0x0000, 0x0000, 0x0000, 0x0000, 0x0000, 0x0000, 0x0000, 0x0000, 0x0000, 0x0000, 0x0000, 0x0000, 0xFFFF, 0xFFFF,
    0xFFFF, 0xFFFF, 0xFFFF, 0xFFFF, 0x0000, 0x0000, 0x0000, 0x0000, 0x0000, 0x0000, 0xFFFF, 0xFFFF, 0xFFFF, 0xFFFF, 0xFFFF, 0xFFFF,
    0xFFFF, 0xFFFF, 0xFFFF, 0xFFFF, 0xFFFF, 0xFFFF, 0xFFFF, 0xFFFF, 0xFFFF, 0xFFFF, 0xFFFF, 0xFFFF, 0xFFFF, 0xFFFF, 0xFFFF, 0xFFFF,
    0xFFFF, 0xFFFF, 0xFFFF, 0xFFFF, 0xFFFF, 0xFFFF, 0xFFFF, 0xFFFF, 0xFFFF, 0xFFFF, 0xFFFF, 0xFFFF, 0xFFFF, 0xFFFF, 0xFFFF, 0xFFFF,
    0xFFFF, 0xFFFF, 0xFFFF, 0xFFFF, 0xFFFF, 0xFFFF, 0xFFFF, 0xFFFF, 0xFFFF, 0xFFFF, 0xFFFF, 0xFFFF, 0xFFFF, 0xFFFF, 0xFFFF, 0xFFFF,
    0xFFFF, 0xFFFF, 0xFFFF, 0xFFFF, 0xFFFF, 0xFFFF, 0xFFFF, 0xFFFF, 0xFFFF, 0xFFFF, 0xFFFF, 0xFFFF, 0xFFFF, 0xFFFF, 0xFFFF, 0xFFFF,
    0xFFFF, 0xFFFF, 0xFFFF, 0xFFFF, 0xFFFF, 0xFFFF, 0xFFFF, 0xFFFF, 0xFFFF, 0xFFFF, 0xFFFF, 0xFFFF, 0xFFFF, 0xFFFF, 0xFFFF, 0xFFFF,
    0xFFFF, 0xFFFF, 0xFFFF, 0xFFFF, 0xFFFF, 0xFFFF, 0xFFFF, 0xFFFF, 0xFFFF, 0xFFFF, 0xFFFF, 0xFFFF, 0xFFFF, 0xFFFF, 0xFFFF, 0xFFFF,
    0xFFFF, 0xFFFF, 0xFFFF, 0xFFFF, 0xFFFF, 0xFFFF, 0xFFFF, 0xFFFF, 0xFFFF, 0xFFFF, 0xFFFF, 0xFFFF, 0xFFFF, 0xFFFF, 0xFFFF, 0xFFFF,
    0xFFFF, 0xFFFF, 0xFFFF, 0xFFFF, 0xFFFF, 0xFFFF, 0xFFFF, 0xFFFF, 0xFFFF, 0xFFFF, 0xFFFF, 0xFFFF, 0xFFFF, 0xFFFF, 0xFFFF, 0xFFFF,
    0xFFFF, 0xFFFF, 0xFFFF, 0xFFFF, 0xFFFF, 0xFFFF, 0xFFFF, 0xFFFF, 0xFFFF, 0xFFFF, 0xFFFF, 0xFFFF, 0xFFFF, 0xFFFF, 0xFFFF, 0xFFFF,
    0xFFFF, 0xFFFF, 0xFFFF, 0xFFFF, 0xFFFF, 0xFFFF, 0xFFFF, 0xFFFF, 0xFFFF, 0xFFFF, 0xFFFF, 0xFFFF, 0xFFFF, 0xFFFF, 0xFFFF, 0xFFFF,
    0xFFFF, 0xFFFF, 0xFFFF, 0xFFFF, 0x0000, 0x0000, 0x0000, 0x0000, 0x0000, 0x0000, 0xFFFF, 0xFFFF, 0xFFFF, 0xFFFF, 0xFFFF, 0xFFFF,
    0x0000, 0x0000, 0x0000, 0x0000, 0x0000, 0x0000, 0x0000, 0x0000, 0x0000, 0x0000, 0x0000, 0x0000, 0x0000, 0x0000, 0x0000, 0x0000,
    0x0000, 0x0000, 0xFFFF, 0xFFFF, 0xFFFF, 0xFFFF, 0xFFFF, 0xFFFF, 0x0000, 0x0000, 0x0000, 0x0000, 0x0000, 0x0000, 0xFFFF, 0xFFFF,
    0xFFFF, 0xFFFF, 0xFFFF, 0xFFFF, 0xFFFF, 0xFFFF, 0xFFFF, 0xFFFF, 0xFFFF, 0xFFFF, 0x0000, 0x0000, 0x0000, 0x0000, 0x0000, 0x0000,
    0xFFFF, 0xFFFF, 0xFFFF, 0xFFFF, 0xFFFF, 0xFFFF, 0x0000, 0x0000, 0x0000, 0x0000, 0x0000, 0x0000, 0xFFFF, 0xFFFF, 0xFFFF, 0xFFFF,
    0xFFFF, 0xFFFF, 0xFFFF, 0xFFFF, 0xFFFF, 0xFFFF, 0xFFFF, 0xFFFF, 0x0000, 0x0000, 0x0000, 0x0000, 0x0000, 0x0000, 0xFFFF, 0xFFFF,
    0xFFFF, 0xFFFF, 0xFFFF, 0xFFFF, 0x0000, 0x0000, 0x0000, 0x0000, 0x0000, 0x0000, 0xFFFF, 0xFFFF, 0xFFFF, 0xFFFF, 0xFFFF, 0xFFFF,
    0x0000, 0x0000, 0x0000, 0x0000, 0x0000, 0x0000, 0xFFFF, 0xFFFF, 0xFFFF, 0xFFFF, 0xFFFF, 0xFFFF, 0x0000, 0x0000, 0x0000, 0x0000,
    0x0000, 0x0000, 0x0000, 0x0000, 0x0000, 0x0000, 0x0000, 0x0000, 0x0000, 0x0000, 0x0000, 0x0000, 0x0000, 0x0000, 0xFFFF, 0xFFFF,
    0xFFFF, 0xFFFF, 0xFFFF, 0xFFFF, 0x0000, 0x0000, 0x0000, 0x0000, 0x0000, 0x0000, 0xFFFF, 0xFFFF, 0xFFFF, 0xFFFF, 0xFFFF, 0xFFFF,
    0xFFFF, 0xFFFF, 0xFFFF, 0xFFFF, 0xFFFF, 0xFFFF, 0xFFFF, 0xFFFF, 0xFFFF, 0xFFFF, 0xFFFF, 0xFFFF, 0xFFFF, 0xFFFF, 0xFFFF, 0xFFFF,
    0xFFFF, 0xFFFF, 0xFFFF, 0xFFFF, 0xFFFF, 0xFFFF, 0xFFFF, 0xFFFF, 0xFFFF, 0xFFFF, 0xFFFF, 0xFFFF, 0xFFFF, 0xFFFF, 0xFFFF, 0xFFFF,
    0xFFFF, 0xFFFF, 0xFFFF, 0xFFFF, 0xFFFF, 0xFFFF, 0xFFFF, 0xFFFF, 0xFFFF, 0xFFFF, 0xFFFF, 0xFFFF, 0xFFFF, 0xFFFF, 0xFFFF, 0xFFFF,
    0xFFFF, 0xFFFF, 0xFFFF, 0xFFFF, 0xFFFF, 0xFFFF, 0xFFFF, 0xFFFF, 0xFFFF, 0xFFFF, 0xFFFF, 0xFFFF, 0xFFFF, 0xFFFF, 0xFFFF, 0xFFFF,
    0xFFFF, 0xFFFF, 0xFFFF, 0xFFFF, 0xFFFF, 0xFFFF, 0xFFFF, 0xFFFF, 0xFFFF, 0xFFFF, 0xFFFF, 0xFFFF, 0xFFFF, 0xFFFF, 0xFFFF, 0xFFFF,
    0xFFFF, 0xFFFF, 0xFFFF, 0xFFFF, 0xFFFF, 0xFFFF, 0xFFFF, 0xFFFF, 0xFFFF, 0xFFFF, 0xFFFF, 0xFFFF, 0xFFFF, 0xFFFF, 0xFFFF, 0xFFFF,
    0xFFFF, 0xFFFF, 0xFFFF, 0xFFFF, 0xFFFF, 0xFFFF, 0xFFFF, 0xFFFF, 0xFFFF, 0xFFFF, 0xFFFF, 0xFFFF, 0xFFFF, 0xFFFF, 0xFFFF, 0xFFFF,
    0xFFFF, 0xFFFF, 0xFFFF, 0xFFFF, 0xFFFF, 0xFFFF, 0xFFFF, 0xFFFF, 0xFFFF, 0xFFFF, 0xFFFF, 0xFFFF, 0xFFFF, 0xFFFF, 0xFFFF, 0xFFFF,
    0xFFFF, 0xFFFF, 0xFFFF, 0xFFFF, 0xFFFF, 0xFFFF, 0xFFFF, 0xFFFF, 0xFFFF, 0xFFFF, 0xFFFF, 0xFFFF, 0xFFFF, 0xFFFF, 0xFFFF, 0xFFFF,
    0xFFFF, 0xFFFF, 0xFFFF, 0xFFFF, 0xFFFF, 0xFFFF, 0xFFFF, 0xFFFF, 0xFFFF, 0xFFFF, 0xFFFF, 0xFFFF, 0xFFFF, 0xFFFF, 0xFFFF, 0xFFFF,
    0xFFFF, 0xFFFF, 0xFFFF, 0xFFFF, 0x0000, 0x0000, 0x0000, 0x0000, 0x0000, 0x0000, 0xFFFF, 0xFFFF, 0xFFFF, 0xFFFF, 0xFFFF, 0xFFFF,
    0x0000, 0x0000, 0x0000, 0x0000, 0x0000, 0x0000, 0x0000, 0x0000, 0x0000, 0x0000, 0x0000, 0x0000, 0x0000, 0x0000, 0x0000, 0x0000,
    0x0000, 0x0000, 0xFFFF, 0xFFFF, 0xFFFF, 0xFFFF, 0xFFFF, 0xFFFF, 0x0000, 0x0000, 0x0000, 0x0000, 0x0000, 0x0000, 0xFFFF, 0xFFFF,
    0xFFFF, 0xFFFF, 0xFFFF, 0xFFFF, 0xFFFF, 0xFFFF, 0xFFFF, 0xFFFF, 0xFFFF, 0xFFFF, 0x0000, 0x0000, 0x0000, 0x0000, 0x0000, 0x0000,
    0xFFFF, 0xFFFF, 0xFFFF, 0xFFFF, 0xFFFF, 0xFFFF, 0x0000, 0x0000, 0x0000, 0x0000, 0x0000, 0x0000, 0xFFFF, 0xFFFF, 0xFFFF, 0xFFFF,
    0xFFFF, 0xFFFF, 0xFFFF, 0xFFFF, 0xFFFF, 0xFFFF, 0xFFFF, 0xFFFF, 0x0000, 0x0000, 0x0000, 0x0000, 0x0000, 0x0000, 0xFFFF, 0xFFFF,
    0xFFFF, 0xFFFF, 0xFFFF, 0xFFFF, 0x0000, 0x0000, 0x0000, 0x0000, 0x0000, 0x0000, 0xFFFF, 0xFFFF, 0xFFFF, 0xFFFF, 0xFFFF, 0xFFFF,
    0x0000, 0x0000, 0x0000, 0x0000, 0x0000, 0x0000, 0xFFFF, 0xFFFF, 0xFFFF, 0xFFFF, 0xFFFF, 0xFFFF, 0x0000, 0x0000, 0x0000, 0x0000,
    0x0000, 0x0000, 0x0000, 0x0000, 0x0000, 0x0000, 0x0000, 0x0000, 0x0000, 0x0000, 0x0000, 0x0000, 0x0000, 0x0000, 0xFFFF, 0xFFFF,
    0xFFFF, 0xFFFF, 0xFFFF, 0xFFFF, 0x0000, 0x0000, 0x0000, 0x0000, 0x0000, 0x0000, 0xFFFF, 0xFFFF, 0xFFFF, 0xFFFF, 0xFFFF, 0xFFFF,
    0xFFFF, 0xFFFF, 0xFFFF, 0xFFFF, 0xFFFF, 0xFFFF, 0xFFFF, 0xFFFF, 0xFFFF, 0xFFFF, 0xFFFF, 0xFFFF, 0xFFFF, 0xFFFF, 0xFFFF, 0xFFFF,
    0xFFFF, 0xFFFF, 0xFFFF, 0xFFFF, 0xFFFF, 0xFFFF, 0xFFFF, 0xFFFF, 0xFFFF, 0xFFFF, 0xFFFF, 0xFFFF, 0xFFFF, 0xFFFF, 0xFFFF, 0xFFFF,
    0xFFFF, 0xFFFF, 0xFFFF, 0xFFFF, 0xFFFF, 0xFFFF, 0xFFFF, 0xFFFF, 0xFFFF, 0xFFFF, 0xFFFF, 0xFFFF, 0xFFFF, 0xFFFF, 0xFFFF, 0xFFFF,
    0xFFFF, 0xFFFF, 0xFFFF, 0xFFFF, 0xFFFF, 0xFFFF, 0xFFFF, 0xFFFF, 0xFFFF, 0xFFFF, 0xFFFF, 0xFFFF, 0xFFFF, 0xFFFF, 0xFFFF, 0xFFFF,
    0xFFFF, 0xFFFF, 0xFFFF, 0xFFFF, 0xFFFF, 0xFFFF, 0xFFFF, 0xFFFF, 0xFFFF, 0xFFFF, 0xFFFF, 0xFFFF, 0xFFFF, 0xFFFF, 0xFFFF, 0xFFFF,
    0xFFFF, 0xFFFF, 0xFFFF, 0xFFFF, 0xFFFF, 0xFFFF, 0xFFFF, 0xFFFF, 0xFFFF, 0xFFFF, 0xFFFF, 0xFFFF, 0xFFFF, 0xFFFF, 0xFFFF, 0xFFFF,
    0xFFFF, 0xFFFF, 0xFFFF, 0xFFFF, 0xFFFF, 0xFFFF, 0xFFFF, 0xFFFF, 0xFFFF, 0xFFFF, 0xFFFF, 0xFFFF, 0xFFFF, 0xFFFF, 0xFFFF, 0xFFFF,
    0xFFFF, 0xFFFF, 0xFFFF, 0xFFFF, 0xFFFF, 0xFFFF, 0xFFFF, 0xFFFF, 0xFFFF, 0xFFFF, 0xFFFF, 0xFFFF, 0xFFFF, 0xFFFF, 0xFFFF, 0xFFFF,
    0xFFFF, 0xFFFF, 0xFFFF, 0xFFFF, 0xFFFF, 0xFFFF, 0xFFFF, 0xFFFF, 0xFFFF, 0xFFFF, 0xFFFF, 0xFFFF, 0xFFFF, 0xFFFF, 0xFFFF, 0xFFFF,
    0xFFFF, 0xFFFF, 0xFFFF, 0xFFFF, 0xFFFF, 0xFFFF, 0xFFFF, 0xFFFF, 0xFFFF, 0xFFFF, 0xFFFF, 0xFFFF, 0xFFFF, 0xFFFF, 0xFFFF, 0xFFFF,
    0xFFFF, 0xFFFF, 0xFFFF, 0xFFFF, 0x0000, 0x0000, 0x0000, 0x0000, 0x0000, 0x0000, 0xFFFF, 0xFFFF, 0xFFFF, 0xFFFF, 0xFFFF, 0xFFFF,
    0x0000, 0x0000, 0x0000, 0x0000, 0x0000, 0x0000, 0x0000, 0x0000, 0x0000, 0x0000, 0x0000, 0x0000, 0x0000, 0x0000, 0x0000, 0x0000,
    0x0000, 0x0000, 0xFFFF, 0xFFFF, 0xFFFF, 0xFFFF, 0xFFFF, 0xFFFF, 0x0000, 0x0000, 0x0000, 0x0000, 0x0000, 0x0000, 0xFFFF, 0xFFFF,
    0xFFFF, 0xFFFF, 0xFFFF, 0xFFFF, 0xFFFF, 0xFFFF, 0xFFFF, 0xFFFF, 0xFFFF, 0xFFFF, 0x0000, 0x0000, 0x0000, 0x0000, 0x0000, 0x0000,
    0xFFFF, 0xFFFF, 0xFFFF, 0xFFFF, 0xFFFF, 0xFFFF, 0x0000, 0x0000, 0x0000, 0x0000, 0x0000, 0x0000, 0xFFFF, 0xFFFF, 0xFFFF, 0xFFFF,
    0xFFFF, 0xFFFF, 0xFFFF, 0xFFFF, 0xFFFF, 0xFFFF, 0xFFFF, 0xFFFF, 0x0000, 0x0000, 0x0000, 0x0000, 0x0000, 0x0000, 0xFFFF, 0xFFFF,
    0xFFFF, 0xFFFF, 0xFFFF, 0xFFFF, 0x0000, 0x0000, 0x0000, 0x0000, 0x0000, 0x0000, 0xFFFF, 0xFFFF, 0xFFFF, 0xFFFF, 0xFFFF, 0xFFFF,
    0x0000, 0x0000, 0x0000, 0x0000, 0x0000, 0x0000, 0xFFFF, 0xFFFF, 0xFFFF, 0xFFFF, 0xFFFF, 0xFFFF, 0x0000, 0x0000, 0x0000, 0x0000,
    0x0000, 0x0000, 0x0000, 0x0000, 0x0000, 0x0000, 0x0000, 0x0000, 0x0000, 0x0000, 0x0000, 0x0000, 0x0000, 0x0000, 0xFFFF, 0xFFFF,
    0xFFFF, 0xFFFF, 0xFFFF, 0xFFFF, 0x0000, 0x0000, 0x0000, 0x0000, 0x0000, 0x0000, 0xFFFF, 0xFFFF, 0xFFFF, 0xFFFF, 0xFFFF, 0xFFFF,
    0xFFFF, 0xFFFF, 0xFFFF, 0xFFFF, 0xFFFF, 0xFFFF, 0xFFFF, 0xFFFF, 0xFFFF, 0xFFFF, 0xFFFF, 0xFFFF, 0xFFFF, 0xFFFF, 0xFFFF, 0xFFFF,
    0xFFFF, 0xFFFF, 0xFFFF, 0xFFFF, 0xFFFF, 0xFFFF, 0xFFFF, 0xFFFF, 0xFFFF, 0xFFFF, 0xFFFF, 0xFFFF, 0xFFFF, 0xFFFF, 0xFFFF, 0xFFFF,
    0xFFFF, 0xFFFF, 0xFFFF, 0xFFFF, 0xFFFF, 0xFFFF, 0xFFFF, 0xFFFF, 0xFFFF, 0xFFFF, 0xFFFF, 0xFFFF, 0xFD97, 0xFC52, 0xFC52, 0xFC52,
    0xFC52, 0xFC52, 0xC434, 0x7C16, 0x7417, 0x7417, 0x9D19, 0xF79E, 0xFFFF, 0xFFFF, 0xFFFF, 0xFFFF, 0xFFFF, 0xFFFF, 0xFFFF, 0xFFFF,
    0xFFFF, 0xFFFF, 0xFFFF, 0xFFFF, 0xFFFF, 0xFFFF, 0xFFFF, 0xFFFF, 0xFFFF, 0xFFFF, 0xFFFF, 0xFFFF, 0xFFFF, 0xFFFF, 0xFFFF, 0xFFFF,
    0xFFFF, 0xFFFF, 0xFFFF, 0xFFFF, 0xFFFF, 0xFFFF, 0xFFFF, 0xFFFF, 0xFFFF, 0xFFFF, 0xFFFF, 0xFFFF, 0xFFFF, 0xFFFF, 0xFFFF, 0xFFFF,
    0xFFFF, 0xFFFF, 0xFFFF, 0xFFFF, 0xFFFF, 0xFFFF, 0xFFFF, 0xFFFF, 0xFFFF, 0xFFFF, 0xFFFF, 0xFFFF, 0xFFFF, 0xFFFF, 0xFFFF, 0xFFFF,
    0xFFFF, 0xFFFF, 0xFFFF, 0xFFFF, 0xFFFF, 0xFFFF, 0xFFFF, 0xFFFF, 0xFFFF, 0xFFFF, 0xFFFF, 0xFFFF, 0xFFFF, 0xFFFF, 0xFFFF, 0xFFFF,
    0xFFFF, 0xFFFF, 0xFFFF, 0xFFFF, 0xFFFF, 0xFFFF, 0xFFFF, 0xFFFF, 0xFFFF, 0xFFFF, 0xFFFF, 0xFFFF, 0xFFFF, 0xFFFF, 0xFFFF, 0xFFFF,
    0xFFFF, 0xFFFF, 0xFFFF, 0xFFFF, 0xFFFF, 0xFFFF, 0xFFFF, 0xFFFF, 0xFFFF, 0xFFFF, 0xFFFF, 0xFFFF, 0xFFFF, 0xFFFF, 0xFFFF, 0xFFFF,
    0xFFFF, 0xFFFF, 0xFFFF, 0xFFFF, 0x0000, 0x0000, 0x0000, 0x0000, 0x0000, 0x0000, 0xFFFF, 0xFFFF, 0xFFFF, 0xFFFF, 0xFFFF, 0xFFFF,
    0x0000, 0x0000, 0x0000, 0x0000, 0x0000, 0x0000, 0x0000, 0x0000, 0x0000, 0x0000, 0x0000, 0x0000, 0x0000, 0x0000, 0x0000, 0x0000,
    0x0000, 0x0000, 0xFFFF, 0xFFFF, 0xFFFF, 0xFFFF, 0xFFFF, 0xFFFF, 0x0000, 0x0000, 0x0000, 0x0000, 0x0000, 0x0000, 0xFFFF, 0xFFFF,
    0xFFFF, 0xFFFF, 0xFFFF, 0xFFFF, 0xFFFF, 0xFFFF, 0xFFFF, 0xFFFF, 0xFFFF, 0xFFFF, 0x0000, 0x0000, 0x0000, 0x0000, 0x0000, 0x0000,
    0xFFFF, 0xFFFF, 0xFFFF, 0xFFFF, 0xFFFF, 0xFFFF, 0x0000, 0x0000, 0x0000, 0x0000, 0x0000, 0x0000, 0xFFFF, 0xFFFF, 0xFFFF, 0xFFFF,
    0xFFFF, 0xFFFF, 0xFFFF, 0xFFFF, 0xFFFF, 0xFFFF, 0xFFFF, 0xFFFF, 0x0000, 0x0000, 0x0000, 0x0000, 0x0000, 0x0000, 0xFFFF, 0xFFFF,
    0xFFFF, 0xFFFF, 0xFFFF, 0xFFFF, 0x0000, 0x0000, 0x0000, 0x0000, 0x0000, 0x0000, 0xFFFF, 0xFFFF, 0xFFFF, 0xFFFF, 0xFFFF, 0xFFFF,
    0x0000, 0x0000, 0x0000, 0x0000, 0x0000, 0x0000, 0xFFFF, 0xFFFF, 0xFFFF, 0xFFFF, 0xFFFF, 0xFFFF, 0x0000, 0x0000, 0x0000, 0x0000,
    0x0000, 0x0000, 0x0000, 0x0000, 0x0000, 0x0000, 0x0000, 0x0000, 0x0000, 0x0000, 0x0000, 0x0000, 0x0000, 0x0000, 0xFFFF, 0xFFFF,
    0xFFFF, 0xFFFF, 0xFFFF, 0xFFFF, 0x0000, 0x0000, 0x0000, 0x0000, 0x0000, 0x0000, 0xFFFF, 0xFFFF, 0xFFFF, 0xFFFF, 0xFFFF, 0xFFFF,
    0xFFFF, 0xFFFF, 0xFFFF, 0xFFFF, 0xFFFF, 0xFFFF, 0xFFFF, 0xFFFF, 0xFFFF, 0xFFFF, 0xFFFF, 0xFFFF, 0xFFFF, 0xFFFF, 0xFFFF, 0xFFFF,
    0xFFFF, 0xFFFF, 0xFFFF, 0xFFFF, 0xFFFF, 0xFFFF, 0xFFFF, 0xFFFF, 0xFFFF, 0xFFFF, 0xFFFF, 0xFFFF, 0xFFFF, 0xFFFF, 0xFFFF, 0xFFFF,
    0xFFFF, 0xFFFF, 0xFFFF, 0xFFFF, 0xFFFF, 0xFFFF, 0xFFFF, 0xFFFF, 0xFFFF, 0xFFFF, 0xFFFF, 0xFFFF, 0xFC93, 0xFB0D, 0xFB0D, 0xFB0D,
    0xFB0D, 0xFB0D, 0xAAF0, 0x4AD3, 0x4AB4, 0x4AB4, 0x7C37, 0xEF7E, 0xFFFF, 0xFFFF, 0xFFFF, 0xFFFF, 0xFFFF, 0xFFFF, 0xFFFF, 0xFFFF,
    0xFFFF, 0xFFFF, 0xFFFF, 0xFFFF, 0xFFFF, 0xFFFF, 0xFFFF, 0xFFFF, 0xFFFF, 0xFFFF, 0xFFFF, 0xFFFF, 0xFFFF, 0xFFFF, 0xFFFF, 0xFFFF,
    0xFFFF, 0xFFFF, 0xFFFF, 0xFFFF, 0xFFFF, 0xFFFF, 0xFFFF, 0xFFFF, 0xFFFF, 0xFFFF, 0xFFFF, 0xFFFF, 0xFFFF, 0xFFFF, 0xFFFF, 0xFFFF,
    0xFFFF, 0xFFFF, 0xFFFF, 0xFFFF, 0xFFFF, 0xFFFF, 0xFFFF, 0xFFFF, 0xFFFF, 0xFFFF, 0xFFFF, 0xFFFF, 0xFFFF, 0xFFFF, 0xFFFF, 0xFFFF,
    0xFFFF, 0xFFFF, 0xFFFF, 0xFFFF, 0xFFFF, 0xFFFF, 0xFFFF, 0xFFFF, 0xFFFF, 0xFFFF, 0xFFFF, 0xFFFF, 0xFFFF, 0xFFFF, 0xFFFF, 0xFFFF,
    0xFFFF, 0xFFFF, 0xFFFF, 0xFFFF, 0xFFFF, 0xFFFF, 0xFFFF, 0xFFFF, 0xFFFF, 0xFFFF, 0xFFFF, 0xFFFF, 0xFFFF, 0xFFFF, 0xFFFF, 0xFFFF,
    0xFFFF, 0xFFFF, 0xFFFF, 0xFFFF, 0xFFFF, 0xFFFF, 0xFFFF, 0xFFFF, 0xFFFF, 0xFFFF, 0xFFFF, 0xFFFF, 0xFFFF, 0xFFFF, 0xFFFF, 0xFFFF,
    0xFFFF, 0xFFFF, 0xFFFF, 0xFFFF, 0x0000, 0x0000, 0x0000, 0x0000, 0x0000, 0x0000, 0xFFFF, 0xFFFF, 0xFFFF, 0xFFFF, 0xFFFF, 0xFFFF,
    0x0000, 0x0000, 0x0000, 0x0000, 0x0000, 0x0000, 0x0000, 0x0000, 0x0000, 0x0000, 0x0000, 0x0000, 0x0000, 0x0000, 0x0000, 0x0000,
    0x0000, 0x0000, 0xFFFF, 0xFFFF, 0xFFFF, 0xFFFF, 0xFFFF, 0xFFFF, 0x0000, 0x0000, 0x0000, 0x0000, 0x0000, 0x0000, 0xFFFF, 0xFFFF,
    0xFFFF, 0xFFFF, 0xFFFF, 0xFFFF, 0xFFFF, 0xFFFF, 0xFFFF, 0xFFFF, 0xFFFF, 0xFFFF, 0xFFFF, 0xFFFF, 0xFFFF, 0xFFFF, 0xFFFF, 0xFFFF,
    0x0000, 0x0000, 0x0000, 0x0000, 0x0000, 0x0000, 0x0000, 0x0000, 0x0000, 0x0000, 0x0000, 0x0000, 0x0000, 0x0000, 0x0000, 0x0000,
    0x0000, 0x0000, 0xFFFF, 0xFFFF, 0xFFFF, 0xFFFF, 0xFFFF, 0xFFFF, 0xFFFF, 0xFFFF, 0xFFFF, 0xFFFF, 0xFFFF, 0xFFFF, 0xFFFF, 0xFFFF,
    0xFFFF, 0xFFFF, 0xFFFF, 0xFFFF, 0xFFFF, 0xFFFF, 0xFFFF, 0xFFFF, 0xFFFF, 0xFFFF, 0xFFFF, 0xFFFF, 0xFFFF, 0xFFFF, 0xFFFF, 0xFFFF,
    0x0000, 0x0000, 0x0000, 0x0000, 0x0000, 0x0000, 0xFFFF, 0xFFFF, 0xFFFF, 0xFFFF, 0xFFFF, 0xFFFF, 0x0000, 0x0000, 0x0000, 0x0000,
    0x0000, 0x0000, 0x0000, 0x0000, 0x0000, 0x0000, 0x0000, 0x0000, 0x0000, 0x0000, 0x0000, 0x0000, 0x0000, 0x0000, 0xFFFF, 0xFFFF,
    0xFFFF, 0xFFFF, 0xFFFF, 0xFFFF, 0x0000, 0x0000, 0x0000, 0x0000, 0x0000, 0x0000, 0xFFFF, 0xFFFF, 0xFFFF, 0xFFFF, 0xFFFF, 0xFFFF,
    0xFFFF, 0xFFFF, 0xFFFF, 0xFFFF, 0xFFFF, 0xFFFF, 0xFFFF, 0xFFFF, 0xFFFF, 0xFFFF, 0xFFFF, 0xFFFF, 0xFFFF, 0xFFFF, 0xFFFF, 0xFFFF,
    0xFFFF, 0xFFFF, 0xFFFF, 0xFFFF, 0xFFFF, 0xFFFF, 0xFFFF, 0xFFFF, 0xFFFF, 0xFFFF, 0xFFFF, 0xFFFF, 0xFFFF, 0xFFFF, 0xFFFF, 0xFFFF,
    0xFFFF, 0xFFFF, 0xFFFF, 0xFFFF, 0xFFFF, 0xFFFF, 0xFFFF, 0xFFFF, 0xFD56, 0xFCF4, 0xFCF4, 0xFCF4, 0xFBAF, 0xFB0D, 0xFB0D, 0xFB0D,
    0xFB0D, 0xFB0D, 0xAAF0, 0x4AD3, 0x4AB4, 0x4AB4, 0x5B35, 0x8498, 0x8CB8, 0x8CB8, 0xA57A, 0xF79E, 0xFFFF, 0xFFFF, 0xFFFF, 0xFFFF,
    0xFFFF, 0xFFFF, 0xFFFF, 0xFFFF, 0xFFFF, 0xFFFF, 0xFFFF, 0xFFFF, 0xFFFF, 0xFFFF, 0xFFFF, 0xFFFF, 0xFFFF, 0xFFFF, 0xFFFF, 0xFFFF,
    0xFFFF, 0xFFFF, 0xFFFF, 0xFFFF, 0xFFFF, 0xFFFF, 0xFFFF, 0xFFFF, 0xFFFF, 0xFFFF, 0xFFFF, 0xFFFF, 0xFFFF, 0xFFFF, 0xFFFF, 0xFFFF,
    0xFFFF, 0xFFFF, 0xFFFF, 0xFFFF, 0xFFFF, 0xFFFF, 0xFFFF, 0xFFFF, 0xFFFF, 0xFFFF, 0xFFFF, 0xFFFF, 0xFFFF, 0xFFFF, 0xFFFF, 0xFFFF,
    0xFFFF, 0xFFFF, 0xFFFF, 0xFFFF, 0xFFFF, 0xFFFF, 0xFFFF, 0xFFFF, 0xFFFF, 0xFFFF, 0xFFFF, 0xFFFF, 0xFFFF, 0xFFFF, 0xFFFF, 0xFFFF,
    0xFFFF, 0xFFFF, 0xFFFF, 0xFFFF, 0xFFFF, 0xFFFF, 0xFFFF, 0xFFFF, 0xFFFF, 0xFFFF, 0xFFFF, 0xFFFF, 0xFFFF, 0xFFFF, 0xFFFF, 0xFFFF,
    0xFFFF, 0xFFFF, 0xFFFF, 0xFFFF, 0xFFFF, 0xFFFF, 0xFFFF, 0xFFFF, 0xFFFF, 0xFFFF, 0xFFFF, 0xFFFF, 0xFFFF, 0xFFFF, 0xFFFF, 0xFFFF,
    0xFFFF, 0xFFFF, 0xFFFF, 0xFFFF, 0x0000, 0x0000, 0x0000, 0x0000, 0x0000, 0x0000, 0xFFFF, 0xFFFF, 0xFFFF, 0xFFFF, 0xFFFF, 0xFFFF,
    0x0000, 0x0000, 0x0000, 0x0000, 0x0000, 0x0000, 0x0000, 0x0000, 0x0000, 0x0000, 0x0000, 0x0000, 0x0000, 0x0000, 0x0000, 0x0000,
    0x0000, 0x0000, 0xFFFF, 0xFFFF, 0xFFFF, 0xFFFF, 0xFFFF, 0xFFFF, 0x0000, 0x0000, 0x0000, 0x0000, 0x0000, 0x0000, 0xFFFF, 0xFFFF,
    0xFFFF, 0xFFFF, 0xFFFF, 0xFFFF, 0xFFFF, 0xFFFF, 0xFFFF, 0xFFFF, 0xFFFF, 0xFFFF, 0xFFFF, 0xFFFF, 0xFFFF, 0xFFFF, 0xFFFF, 0xFFFF,
    0x0000, 0x0000, 0x0000, 0x0000, 0x0000, 0x0000, 0x0000, 0x0000, 0x0000, 0x0000, 0x0000, 0x0000, 0x0000, 0x0000, 0x0000, 0x0000,
    0x0000, 0x0000, 0xFFFF, 0xFFFF, 0xFFFF, 0xFFFF, 0xFFFF, 0xFFFF, 0xFFFF, 0xFFFF, 0xFFFF, 0xFFFF, 0xFFFF, 0xFFFF, 0xFFFF, 0xFFFF,
    0xFFFF, 0xFFFF, 0xFFFF, 0xFFFF, 0xFFFF, 0xFFFF, 0xFFFF, 0xFFFF, 0xFFFF, 0xFFFF, 0xFFFF, 0xFFFF, 0xFFFF, 0xFFFF, 0xFFFF, 0xFFFF,
    0x0000, 0x0000, 0x0000, 0x0000, 0x0000, 0x0000, 0xFFFF, 0xFFFF, 0xFFFF, 0xFFFF, 0xFFFF, 0xFFFF, 0x0000, 0x0000, 0x0000, 0x0000,
    0x0000, 0x0000, 0x0000, 0x0000, 0x0000, 0x0000, 0x0000, 0x0000, 0x0000, 0x0000, 0x0000, 0x0000, 0x0000, 0x0000, 0xFFFF, 0xFFFF,
    0xFFFF, 0xFFFF, 0xFFFF, 0xFFFF, 0x0000, 0x0000, 0x0000, 0x0000, 0x0000, 0x0000, 0xFFFF, 0xFFFF, 0xFFFF, 0xFFFF, 0xFFFF, 0xFFFF,
    0xFFFF, 0xFFFF, 0xFFFF, 0xFFFF, 0xFFFF, 0xFFFF, 0xFFFF, 0xFFFF, 0xFFFF, 0xFFFF, 0xFFFF, 0xFFFF, 0xFFFF, 0xFFFF, 0xFFFF, 0xFFFF,
    0xFFFF, 0xFFFF, 0xFFFF, 0xFFFF, 0xFFFF, 0xFFFF, 0xFFFF, 0xFFFF, 0xFFFF, 0xFFFF, 0xFFFF, 0xFFFF, 0xFFFF, 0xFFFF, 0xFFFF, 0xFFFF,
    0xFFFF, 0xFFFF, 0xFFFF, 0xFFFF, 0xFFFF, 0xFFFF, 0xFFFF, 0xFFFF, 0xFBD0, 0xFB0D, 0xFB0D, 0xFB0D, 0xFB0D, 0xFB0D, 0xFB0D, 0xFB0D,
    0xFB0D, 0xFB0D, 0xAAF0, 0x4AD3, 0x4AB4, 0x4AB4, 0x4AB4, 0x4AB4, 0x4AB4, 0x4AB4, 0x6BB6, 0xEF5E, 0xFFFF, 0xFFFF, 0xFFFF, 0xFFFF,
    0xFFFF, 0xFFFF, 0xFFFF, 0xFFFF, 0xFFFF, 0xFFFF, 0xFFFF, 0xFFFF, 0xFFFF, 0xFFFF, 0xFFFF, 0xFFFF, 0xFFFF, 0xFFFF, 0xFFFF, 0xFFFF,
    0xFFFF, 0xFFFF, 0xFFFF, 0xFFFF, 0xFFFF, 0xFFFF, 0xFFFF, 0xFFFF, 0xFFFF, 0xFFFF, 0xFFFF, 0xFFFF, 0xFFFF, 0xFFFF, 0xFFFF, 0xFFFF,
    0xFFFF, 0xFFFF, 0xFFFF, 0xFFFF, 0xFFFF, 0xFFFF, 0xFFFF, 0xFFFF, 0xFFFF, 0xFFFF, 0xFFFF, 0xFFFF, 0xFFFF, 0xFFFF, 0xFFFF, 0xFFFF,
    0xFFFF, 0xFFFF, 0xFFFF, 0xFFFF, 0xFFFF, 0xFFFF, 0xFFFF, 0xFFFF, 0xFFFF, 0xFFFF, 0xFFFF, 0xFFFF, 0xFFFF, 0xFFFF, 0xFFFF, 0xFFFF,
    0xFFFF, 0xFFFF, 0xFFFF, 0xFFFF, 0xFFFF, 0xFFFF, 0xFFFF, 0xFFFF, 0xFFFF, 0xFFFF, 0xFFFF, 0xFFFF, 0xFFFF, 0xFFFF, 0xFFFF, 0xFFFF,
    0xFFFF, 0xFFFF, 0xFFFF, 0xFFFF, 0xFFFF, 0xFFFF, 0xFFFF, 0xFFFF, 0xFFFF, 0xFFFF, 0xFFFF, 0xFFFF, 0xFFFF, 0xFFFF, 0xFFFF, 0xFFFF,
    0xFFFF, 0xFFFF, 0xFFFF, 0xFFFF, 0x0000, 0x0000, 0x0000, 0x0000, 0x0000, 0x0000, 0xFFFF, 0xFFFF, 0xFFFF, 0xFFFF, 0xFFFF, 0xFFFF,
    0x0000, 0x0000, 0x0000, 0x0000, 0x0000, 0x0000, 0x0000, 0x0000, 0x0000, 0x0000, 0x0000, 0x0000, 0x0000, 0x0000, 0x0000, 0x0000,
    0x0000, 0x0000, 0xFFFF, 0xFFFF, 0xFFFF, 0xFFFF, 0xFFFF, 0xFFFF, 0x0000, 0x0000, 0x0000, 0x0000, 0x0000, 0x0000, 0xFFFF, 0xFFFF,
    0xFFFF, 0xFFFF, 0xFFFF, 0xFFFF, 0xFFFF, 0xFFFF, 0xFFFF, 0xFFFF, 0xFFFF, 0xFFFF, 0xFFFF, 0xFFFF, 0xFFFF, 0xFFFF, 0xFFFF, 0xFFFF,
    0x0000, 0x0000, 0x0000, 0x0000, 0x0000, 0x0000, 0x0000, 0x0000, 0x0000, 0x0000, 0x0000, 0x0000, 0x0000, 0x0000, 0x0000, 0x0000,
    0x0000, 0x0000, 0xFFFF, 0xFFFF, 0xFFFF, 0xFFFF, 0xFFFF, 0xFFFF, 0xFFFF, 0xFFFF, 0xFFFF, 0xFFFF, 0xFFFF, 0xFFFF, 0xFFFF, 0xFFFF,
    0xFFFF, 0xFFFF, 0xFFFF, 0xFFFF, 0xFFFF, 0xFFFF, 0xFFFF, 0xFFFF, 0xFFFF, 0xFFFF, 0xFFFF, 0xFFFF, 0xFFFF, 0xFFFF, 0xFFFF, 0xFFFF,
    0x0000, 0x0000, 0x0000, 0x0000, 0x0000, 0x0000, 0xFFFF, 0xFFFF, 0xFFFF, 0xFFFF, 0xFFFF, 0xFFFF, 0x0000, 0x0000, 0x0000, 0x0000,
    0x0000, 0x0000, 0x0000, 0x0000, 0x0000, 0x0000, 0x0000, 0x0000, 0x0000, 0x0000, 0x0000, 0x0000, 0x0000, 0x0000, 0xFFFF, 0xFFFF,
    0xFFFF, 0xFFFF, 0xFFFF, 0xFFFF, 0x0000, 0x0000, 0x0000, 0x0000, 0x0000, 0x0000, 0xFFFF, 0xFFFF, 0xFFFF, 0xFFFF, 0xFFFF, 0xFFFF,
    0xFFFF, 0xFFFF, 0xFFFF, 0xFFFF, 0xFFFF, 0xFFFF, 0xFFFF, 0xFFFF, 0xFFFF, 0xFFFF, 0xFFFF, 0xFFFF, 0xFFFF, 0xFFFF, 0xFFFF, 0xFFFF,
    0xFFFF, 0xFFFF, 0xFFFF, 0xFFFF, 0xFFFF, 0xFFFF, 0xFFFF, 0xFFFF, 0xFFFF, 0xFFFF, 0xFFFF, 0xFFFF, 0xFFFF, 0xFFFF, 0xFFFF, 0xFFFF,
    0xFFFF, 0xFFFF, 0xFFFF, 0xFFFF, 0xFFFF, 0xFFFF, 0xFFFF, 0xFFFF, 0xFBD0, 0xFB0D, 0xFB0D, 0xFB0D, 0xFB0D, 0xFB0D, 0xFB0D, 0xFB0D,
    0xFB0D, 0xFB0D, 0xD2EF, 0xA2F0, 0x82D2, 0x4AB3, 0x4AB4, 0x4AB4, 0x4AB4, 0x4AB4, 0x6BB6, 0xEF5E, 0xFFFF, 0xFFFF, 0xFFFF, 0xFFFF,
    0xFFFF, 0xFFFF, 0xFFFF, 0xFFFF, 0xFFFF, 0xFFFF, 0xFFFF, 0xFFFF, 0xFFFF, 0xFFFF, 0xFFFF, 0xFFFF, 0xFFFF, 0xFFFF, 0xFFFF, 0xFFFF,
    0xFFFF, 0xFFFF, 0xFFFF, 0xFFFF, 0xFFFF, 0xFFFF, 0xFFFF, 0xFFFF, 0xFFFF, 0xFFFF, 0xFFFF, 0xFFFF, 0xFFFF, 0xFFFF, 0xFFFF, 0xFFFF,
    0xFFFF, 0xFFFF, 0xFFFF, 0xFFFF, 0xFFFF, 0xFFFF, 0xFFFF, 0xFFFF, 0xFFFF, 0xFFFF, 0xFFFF, 0xFFFF, 0xFFFF, 0xFFFF, 0xFFFF, 0xFFFF,
    0xFFFF, 0xFFFF, 0xFFFF, 0xFFFF, 0xFFFF, 0xFFFF, 0xFFFF, 0xFFFF, 0xFFFF, 0xFFFF, 0xFFFF, 0xFFFF, 0xFFFF, 0xFFFF, 0xFFFF, 0xFFFF,
    0xFFFF, 0xFFFF, 0xFFFF, 0xFFFF, 0xFFFF, 0xFFFF, 0xFFFF, 0xFFFF, 0xFFFF, 0xFFFF, 0xFFFF, 0xFFFF, 0xFFFF, 0xFFFF, 0xFFFF, 0xFFFF,
    0xFFFF, 0xFFFF, 0xFFFF, 0xFFFF, 0xFFFF, 0xFFFF, 0xFFFF, 0xFFFF, 0xFFFF, 0xFFFF, 0xFFFF, 0xFFFF, 0xFFFF, 0xFFFF, 0xFFFF, 0xFFFF,
    0xFFFF, 0xFFFF, 0xFFFF, 0xFFFF, 0x0000, 0x0000, 0x0000, 0x0000, 0x0000, 0x0000, 0xFFFF, 0xFFFF, 0xFFFF, 0xFFFF, 0xFFFF, 0xFFFF,
    0x0000, 0x0000, 0x0000, 0x0000, 0x0000, 0x0000, 0x0000, 0x0000, 0x0000, 0x0000, 0x0000, 0x0000, 0x0000, 0x0000, 0x0000, 0x0000,
    0x0000, 0x0000, 0xFFFF, 0xFFFF, 0xFFFF, 0xFFFF, 0xFFFF, 0xFFFF, 0x0000, 0x0000, 0x0000, 0x0000, 0x0000, 0x0000, 0xFFFF, 0xFFFF,
    0xFFFF, 0xFFFF, 0xFFFF, 0xFFFF, 0xFFFF, 0xFFFF, 0xFFFF, 0xFFFF, 0xFFFF, 0xFFFF, 0xFFFF, 0xFFFF, 0xFFFF, 0xFFFF, 0xFFFF, 0xFFFF,
    0x0000, 0x0000, 0x0000, 0x0000, 0x0000, 0x0000, 0x0000, 0x0000, 0x0000, 0x0000, 0x0000, 0x0000, 0x0000, 0x0000, 0x0000, 0x0000,
    0x0000, 0x0000, 0xFFFF, 0xFFFF, 0xFFFF, 0xFFFF, 0xFFFF, 0xFFFF, 0xFFFF, 0xFFFF, 0xFFFF, 0xFFFF, 0xFFFF, 0xFFFF, 0xFFFF, 0xFFFF,
    0xFFFF, 0xFFFF, 0xFFFF, 0xFFFF, 0xFFFF, 0xFFFF, 0xFFFF, 0xFFFF, 0xFFFF, 0xFFFF, 0xFFFF, 0xFFFF, 0xFFFF, 0xFFFF, 0xFFFF, 0xFFFF,
    0x0000, 0x0000, 0x0000, 0x0000, 0x0000, 0x0000, 0xFFFF, 0xFFFF, 0xFFFF, 0xFFFF, 0xFFFF, 0xFFFF, 0x0000, 0x0000, 0x0000, 0x0000,
    0x0000, 0x0000, 0x0000, 0x0000, 0x0000, 0x0000, 0x0000, 0x0000, 0x0000, 0x0000, 0x0000, 0x0000, 0x0000, 0x0000, 0xFFFF, 0xFFFF,
    0xFFFF, 0xFFFF, 0xFFFF, 0xFFFF, 0x0000, 0x0000, 0x0000, 0x0000, 0x0000, 0x0000, 0xFFFF, 0xFFFF, 0xFFFF, 0xFFFF, 0xFFFF, 0xFFFF,
    0xFFFF, 0xFFFF, 0xFFFF, 0xFFFF, 0xFFFF, 0xFFFF, 0xFFFF, 0xFFFF, 0xFFFF, 0xFFFF, 0xFFFF, 0xFFFF, 0xFFFF, 0xFFFF, 0xFFFF, 0xFFFF,
    0xFFFF, 0xFFFF, 0xFFFF, 0xFFFF, 0xFFFF, 0xFFFF, 0xFFFF, 0xFFFF, 0xFFFF, 0xFFFF, 0xFFFF, 0xFFFF, 0xFFFF, 0xFFFF, 0xFFFF, 0xFFFF,
    0xFFFF, 0xFFFF, 0xFFFF, 0xFFFF, 0xFFFF, 0xFFFF, 0xFFFF, 0xFFFF, 0xFBD0, 0xFB0D, 0xFB0D, 0xFB0D, 0xFB0D, 0xFB0D, 0xFB0D, 0xFB0D,
    0xFB0D, 0xFB0D, 0xFB0D, 0xFB0D, 0xBAF0, 0x52D3, 0x4AB4, 0x4AB4, 0x4AB4, 0x4AB4, 0x6BB6, 0xEF5E, 0xFFFF, 0xFFFF, 0xFFFF, 0xFFFF,
    0xFFFF, 0xFFFF, 0xFFFF, 0xFFFF, 0xFFFF, 0xFFFF, 0xFFFF, 0xFFFF, 0xFFFF, 0xFFFF, 0xFFFF, 0xFFFF, 0xFFFF, 0xFFFF, 0xFFFF, 0xFFFF,
    0xFFFF, 0xFFFF, 0xFFFF, 0xFFFF, 0xFFFF, 0xFFFF, 0xFFFF, 0xFFFF, 0xFFFF, 0xFFFF, 0xFFFF, 0xFFFF, 0xFFFF, 0xFFFF, 0xFFFF, 0xFFFF,
    0xFFFF, 0xFFFF, 0xFFFF, 0xFFFF, 0xFFFF, 0xFFFF, 0xFFFF, 0xFFFF, 0xFFFF, 0xFFFF, 0xFFFF, 0xFFFF, 0xFFFF, 0xFFFF, 0xFFFF, 0xFFFF,
    0xFFFF, 0xFFFF, 0xFFFF, 0xFFFF, 0xFFFF, 0xFFFF, 0xFFFF, 0xFFFF, 0xFFFF, 0xFFFF, 0xFFFF, 0xFFFF, 0xFFFF, 0xFFFF, 0xFFFF, 0xFFFF,
    0xFFFF, 0xFFFF, 0xFFFF, 0xFFFF, 0xFFFF, 0xFFFF, 0xFFFF, 0xFFFF, 0xFFFF, 0xFFFF, 0xFFFF, 0xFFFF, 0xFFFF, 0xFFFF, 0xFFFF, 0xFFFF,
    0xFFFF, 0xFFFF, 0xFFFF, 0xFFFF, 0xFFFF, 0xFFFF, 0xFFFF, 0xFFFF, 0xFFFF, 0xFFFF, 0xFFFF, 0xFFFF, 0xFFFF, 0xFFFF, 0xFFFF, 0xFFFF,
    0xFFFF, 0xFFFF, 0xFFFF, 0xFFFF, 0x0000, 0x0000, 0x0000, 0x0000, 0x0000, 0x0000, 0xFFFF, 0xFFFF, 0xFFFF, 0xFFFF, 0xFFFF, 0xFFFF,
    0x0000, 0x0000, 0x0000, 0x0000, 0x0000, 0x0000, 0x0000, 0x0000, 0x0000, 0x0000, 0x0000, 0x0000, 0x0000, 0x0000, 0x0000, 0x0000,
    0x0000, 0x0000, 0xFFFF, 0xFFFF, 0xFFFF, 0xFFFF, 0xFFFF, 0xFFFF, 0x0000, 0x0000, 0x0000, 0x0000, 0x0000, 0x0000, 0xFFFF, 0xFFFF,
    0xFFFF, 0xFFFF, 0xFFFF, 0xFFFF, 0xFFFF, 0xFFFF, 0xFFFF, 0xFFFF, 0xFFFF, 0xFFFF, 0xFFFF, 0xFFFF, 0xFFFF, 0xFFFF, 0xFFFF, 0xFFFF,
    0x0000, 0x0000, 0x0000, 0x0000, 0x0000, 0x0000, 0x0000, 0x0000, 0x0000, 0x0000, 0x0000, 0x0000, 0x0000, 0x0000, 0x0000, 0x0000,
    0x0000, 0x0000, 0xFFFF, 0xFFFF, 0xFFFF, 0xFFFF, 0xFFFF, 0xFFFF, 0xFFFF, 0xFFFF, 0xFFFF, 0xFFFF, 0xFFFF, 0xFFFF, 0xFFFF, 0xFFFF,
    0xFFFF, 0xFFFF, 0xFFFF, 0xFFFF, 0xFFFF, 0xFFFF, 0xFFFF, 0xFFFF, 0xFFFF, 0xFFFF, 0xFFFF, 0xFFFF, 0xFFFF, 0xFFFF, 0xFFFF, 0xFFFF,
    0x0000, 0x0000, 0x0000, 0x0000, 0x0000, 0x0000, 0xFFFF, 0xFFFF, 0xFFFF, 0xFFFF, 0xFFFF, 0xFFFF, 0x0000, 0x0000, 0x0000, 0x0000,
    0x0000, 0x0000, 0x0000, 0x0000, 0x0000, 0x0000, 0x0000, 0x0000, 0x0000, 0x0000, 0x0000, 0x0000, 0x0000, 0x0000, 0xFFFF, 0xFFFF,
    0xFFFF, 0xFFFF, 0xFFFF, 0xFFFF, 0x0000, 0x0000, 0x0000, 0x0000, 0x0000, 0x0000, 0xFFFF, 0xFFFF, 0xFFFF, 0xFFFF, 0xFFFF, 0xFFFF,
    0xFFFF, 0xFFFF, 0xFFFF, 0xFFFF, 0xFFFF, 0xFFFF, 0xFFFF, 0xFFFF, 0xFFFF, 0xFFFF, 0xFFFF, 0xFFFF, 0xFFFF, 0xFFFF, 0xFFFF, 0xFFFF,
    0xFFFF, 0xFFFF, 0xFFFF, 0xFFFF, 0xFFFF, 0xFFFF, 0xFFFF, 0xFFFF, 0xFFFF, 0xFFFF, 0xFFFF, 0xFFFF, 0xFFFF, 0xFFFF, 0xFFFF, 0xFFFF,
    0xFFFF, 0xFFFF, 0xFFFF, 0xFFFF, 0xFFFF, 0xFFDF, 0xFE59, 0xFE19, 0xFB8F, 0xFB0D, 0xFB0D, 0xFB0D, 0xFB0D, 0xFB0D, 0xFB0D, 0xFB0D,
    0xFB0D, 0xFB0D, 0xFB0D, 0xFB0D, 0xBAF0, 0x52D3, 0x4AB4, 0x4AB4, 0x4AB4, 0x4AB4, 0x5B35, 0xAD9A, 0xC65C, 0xF7BF, 0xFFFF, 0xFFFF,
    0xFFFF, 0xFFFF, 0xFFFF, 0xFFFF, 0xFFFF, 0xFFFF, 0xFFFF, 0xFFFF, 0xFFFF, 0xFFFF, 0xFFFF, 0xFFFF, 0xFFFF, 0xFFFF, 0xFFFF, 0xFFFF,
    0xFFFF, 0xFFFF, 0xFFFF, 0xFFFF, 0xFFFF, 0xFFFF, 0xFFFF, 0xFFFF, 0xFFFF, 0xFFFF, 0xFFFF, 0xFFFF, 0xFFFF, 0xFFFF, 0xFFFF, 0xFFFF,
    0xFFFF, 0xFFFF, 0xFFFF, 0xFFFF, 0xFFFF, 0xFFFF, 0xFFFF, 0xFFFF, 0xFFFF, 0xFFFF, 0xFFFF, 0xFFFF, 0xFFFF, 0xFFFF, 0xFFFF, 0xFFFF,
    0xFFFF, 0xFFFF, 0xFFFF, 0xFFFF, 0xFFFF, 0xFFFF, 0xFFFF, 0xFFFF, 0xFFFF, 0xFFFF, 0xFFFF, 0xFFFF, 0xFFFF, 0xFFFF, 0xFFFF, 0xFFFF,
    0xFFFF, 0xFFFF, 0xFFFF, 0xFFFF, 0xFFFF, 0xFFFF, 0xFFFF, 0xFFFF, 0xFFFF, 0xFFFF, 0xFFFF, 0xFFFF, 0xFFFF, 0xFFFF, 0xFFFF, 0xFFFF,
    0xFFFF, 0xFFFF, 0xFFFF, 0xFFFF, 0xFFFF, 0xFFFF, 0xFFFF, 0xFFFF, 0xFFFF, 0xFFFF, 0xFFFF, 0xFFFF, 0xFFFF, 0xFFFF, 0xFFFF, 0xFFFF,
    0xFFFF, 0xFFFF, 0xFFFF, 0xFFFF, 0x0000, 0x0000, 0x0000, 0x0000, 0x0000, 0x0000, 0xFFFF, 0xFFFF, 0xFFFF, 0xFFFF, 0xFFFF, 0xFFFF,
    0x0000, 0x0000, 0x0000, 0x0000, 0x0000, 0x0000, 0x0000, 0x0000, 0x0000, 0x0000, 0x0000, 0x0000, 0x0000, 0x0000, 0x0000, 0x0000,
    0x0000, 0x0000, 0xFFFF, 0xFFFF, 0xFFFF, 0xFFFF, 0xFFFF, 0xFFFF, 0x0000, 0x0000, 0x0000, 0x0000, 0x0000, 0x0000, 0xFFFF, 0xFFFF,
    0xFFFF, 0xFFFF, 0xFFFF, 0xFFFF, 0xFFFF, 0xFFFF, 0xFFFF, 0xFFFF, 0xFFFF, 0xFFFF, 0xFFFF, 0xFFFF, 0xFFFF, 0xFFFF, 0xFFFF, 0xFFFF,
    0x0000, 0x0000, 0x0000, 0x0000, 0x0000, 0x0000, 0x0000, 0x0000, 0x0000, 0x0000, 0x0000, 0x0000, 0x0000, 0x0000, 0x0000, 0x0000,
    0x0000, 0x0000, 0xFFFF, 0xFFFF, 0xFFFF, 0xFFFF, 0xFFFF, 0xFFFF, 0xFFFF, 0xFFFF, 0xFFFF, 0xFFFF, 0xFFFF, 0xFFFF, 0xFFFF, 0xFFFF,
    0xFFFF, 0xFFFF, 0xFFFF, 0xFFFF, 0xFFFF, 0xFFFF, 0xFFFF, 0xFFFF, 0xFFFF, 0xFFFF, 0xFFFF, 0xFFFF, 0xFFFF, 0xFFFF, 0xFFFF, 0xFFFF,
    0x0000, 0x0000, 0x0000, 0x0000, 0x0000, 0x0000, 0xFFFF, 0xFFFF, 0xFFFF, 0xFFFF, 0xFFFF, 0xFFFF, 0x0000, 0x0000, 0x0000, 0x0000,
    0x0000, 0x0000, 0x0000, 0x0000, 0x0000, 0x0000, 0x0000, 0x0000, 0x0000, 0x0000, 0x0000, 0x0000, 0x0000, 0x0000, 0xFFFF, 0xFFFF,
    0xFFFF, 0xFFFF, 0xFFFF, 0xFFFF, 0x0000, 0x0000, 0x0000, 0x0000, 0x0000, 0x0000, 0xFFFF, 0xFFFF, 0xFFFF, 0xFFFF, 0xFFFF, 0xFFFF,
    0xFFFF, 0xFFFF, 0xFFFF, 0xFFFF, 0xFFFF, 0xFFFF, 0xFFFF, 0xFFFF, 0xFFFF, 0xFFFF, 0xFFFF, 0xFFFF, 0xFFFF, 0xFFFF, 0xFFFF, 0xFFFF,
    0xFFFF, 0xFFFF, 0xFFFF, 0xFFFF, 0xFFFF, 0xFFFF, 0xFFFF, 0xFFFF, 0xFFFF, 0xFFFF, 0xFFFF, 0xFFFF, 0xFFFF, 0xFFFF, 0xFFFF, 0xFFFF,
    0xFFFF, 0xFFFF, 0xFFFF, 0xFFFF, 0xFFFF, 0xFF9E, 0xFBAF, 0xFB0D, 0xFB0D, 0xFB0D, 0xFB0D, 0xFB0D, 0xFB0D, 0xFB0D, 0xFB0D, 0xFB0D,
    0xFB0D, 0xFB0D, 0xFB0D, 0xFB0D, 0xBAF0, 0x52D3, 0x4AB4, 0x4AB4, 0x4AB4, 0x4AB4, 0x4AB4, 0x4AB4, 0x5B35, 0xE73E, 0xFFFF, 0xFFFF,
    0xFFFF, 0xFFFF, 0xFFFF, 0xFFFF, 0xFFFF, 0xFFFF, 0xFFFF, 0xFFFF, 0xFFFF, 0xFFFF, 0xFFFF, 0xFFFF, 0xFFFF, 0xFFFF, 0xFFFF, 0xFFFF,
    0xFFFF, 0xFFFF, 0xFFFF, 0xFFFF, 0xFFFF, 0xFFFF, 0xFFFF, 0xFFFF, 0xFFFF, 0xFFFF, 0xFFFF, 0xFFFF, 0xFFFF, 0xFFFF, 0xFFFF, 0xFFFF,
    0xFFFF, 0xFFFF, 0xFFFF, 0xFFFF, 0xFFFF, 0xFFFF, 0xFFFF, 0xFFFF, 0xFFFF, 0xFFFF, 0xFFFF, 0xFFFF, 0xFFFF, 0xFFFF, 0xFFFF, 0xFFFF,
    0xFFFF, 0xFFFF, 0xFFFF, 0xFFFF, 0xFFFF, 0xFFFF, 0xFFFF, 0xFFFF, 0xFFFF, 0xFFFF, 0xFFFF, 0xFFFF, 0xFFFF, 0xFFFF, 0xFFFF, 0xFFFF,
    0xFFFF, 0xFFFF, 0xFFFF, 0xFFFF, 0xFFFF, 0xFFFF, 0xFFFF, 0xFFFF, 0xFFFF, 0xFFFF, 0xFFFF, 0xFFFF, 0xFFFF, 0xFFFF, 0xFFFF, 0xFFFF,
    0xFFFF, 0xFFFF, 0xFFFF, 0xFFFF, 0xFFFF, 0xFFFF, 0xFFFF, 0xFFFF, 0xFFFF, 0xFFFF, 0xFFFF, 0xFFFF, 0xFFFF, 0xFFFF, 0xFFFF, 0xFFFF,
    0xFFFF, 0xFFFF, 0xFFFF, 0xFFFF, 0x0000, 0x0000, 0x0000, 0x0000, 0x0000, 0x0000, 0xFFFF, 0xFFFF, 0xFFFF, 0xFFFF, 0xFFFF, 0xFFFF,
    0x0000, 0x0000, 0x0000, 0x0000, 0x0000, 0x0000, 0x0000, 0x0000, 0x0000, 0x0000, 0x0000, 0x0000, 0x0000, 0x0000, 0x0000, 0x0000,
    0x0000, 0x0000, 0xFFFF, 0xFFFF, 0xFFFF, 0xFFFF, 0xFFFF, 0xFFFF, 0x0000, 0x0000, 0x0000, 0x0000, 0x0000, 0x0000, 0xFFFF, 0xFFFF,
    0xFFFF, 0xFFFF, 0xFFFF, 0xFFFF, 0x0000, 0x0000, 0x0000, 0x0000, 0x0000, 0x0000, 0x0000, 0x0000, 0x0000, 0x0000, 0x0000, 0x0000,
    0xFFFF, 0xFFFF, 0xFFFF, 0xFFFF, 0xFFFF, 0xFFFF, 0xFFFF, 0xFFFF, 0xFFFF, 0xFFFF, 0xFFFF, 0xFFFF, 0xFFFF, 0xFFFF, 0xFFFF, 0xFFFF,
    0xFFFF, 0xFFFF, 0x0000, 0x0000, 0x0000, 0x0000, 0x0000, 0x0000, 0x0000, 0x0000, 0x0000, 0x0000, 0x0000, 0x0000, 0x0000, 0x0000,
    0x0000, 0x0000, 0x0000, 0x0000, 0xFFFF, 0xFFFF, 0xFFFF, 0xFFFF, 0xFFFF, 0xFFFF, 0xFFFF, 0xFFFF, 0xFFFF, 0xFFFF, 0xFFFF, 0xFFFF,
    0x0000, 0x0000, 0x0000, 0x0000, 0x0000, 0x0000, 0xFFFF, 0xFFFF, 0xFFFF, 0xFFFF, 0xFFFF, 0xFFFF, 0x0000, 0x0000, 0x0000, 0x0000,
    0x0000, 0x0000, 0x0000, 0x0000, 0x0000, 0x0000, 0x0000, 0x0000, 0x0000, 0x0000, 0x0000, 0x0000, 0x0000, 0x0000, 0xFFFF, 0xFFFF,
    0xFFFF, 0xFFFF, 0xFFFF, 0xFFFF, 0x0000, 0x0000, 0x0000, 0x0000, 0x0000, 0x0000, 0xFFFF, 0xFFFF, 0xFFFF, 0xFFFF, 0xFFFF, 0xFFFF,
    0xFFFF, 0xFFFF, 0xFFFF, 0xFFFF, 0xFFFF, 0xFFFF, 0xFFFF, 0xFFFF, 0xFFFF, 0xFFFF, 0xFFFF, 0xFFFF, 0xFFFF, 0xFFFF, 0xFFFF, 0xFFFF,
    0xFFFF, 0xFFFF, 0xFFFF, 0xFFFF, 0xFFFF, 0xFFFF, 0xFFFF, 0xFFFF, 0xFFFF, 0xFFFF, 0xFFFF, 0xFFFF, 0xFFFF, 0xFFFF, 0xFFFF, 0xFFFF,
    0xFFFF, 0xFFFF, 0xFFFF, 0xFFFF, 0xFFFF, 0xFF9E, 0xFBAF, 0xFB0D, 0xFB0D, 0xFB0D, 0xFB0D, 0xFB0D, 0xFB8F, 0xFBD0, 0xFB4E, 0xFB0D,
    0xFB0D, 0xFB0D, 0xFB0D, 0xFB0D, 0xC351, 0x73B7, 0x5B77, 0x4AD4, 0x4AB4, 0x4AB4, 0x4AB4, 0x4AB4, 0x52F4, 0xAD9A, 0xBE1B, 0xF7BF,
    0xFFFF, 0xFFFF, 0xFFFF, 0xFFFF, 0xFFFF, 0xFFFF, 0xFFFF, 0xFFFF, 0xFFFF, 0xFFFF, 0xFFFF, 0xFFFF, 0xFFFF, 0xFFFF, 0xFFFF, 0xFFFF,
    0xFFFF, 0xFFFF, 0xFFFF, 0xFFFF, 0xFFFF, 0xFFFF, 0xFFFF, 0xFFFF, 0xFFFF, 0xFFFF, 0xFFFF, 0xFFFF, 0xFFFF, 0xFFFF, 0xFFFF, 0xFFFF,
    0xFFFF, 0xFFFF, 0xFFFF, 0xFFFF, 0xFFFF, 0xFFFF, 0xFFFF, 0xFFFF, 0xFFFF, 0xFFFF, 0xFFFF, 0xFFFF, 0xFFFF, 0xFFFF, 0xFFFF, 0xFFFF,
    0xFFFF, 0xFFFF, 0xFFFF, 0xFFFF, 0xFFFF, 0xFFFF, 0xFFFF, 0xFFFF, 0xFFFF, 0xFFFF, 0xFFFF, 0xFFFF, 0xFFFF, 0xFFFF, 0xFFFF, 0xFFFF,
    0xFFFF, 0xFFFF, 0xFFFF, 0xFFFF, 0xFFFF, 0xFFFF, 0xFFFF, 0xFFFF, 0xFFFF, 0xFFFF, 0xFFFF, 0xFFFF, 0xFFFF, 0xFFFF, 0xFFFF, 0xFFFF,
    0xFFFF, 0xFFFF, 0xFFFF, 0xFFFF, 0xFFFF, 0xFFFF, 0xFFFF, 0xFFFF, 0xFFFF, 0xFFFF, 0xFFFF, 0xFFFF, 0xFFFF, 0xFFFF, 0xFFFF, 0xFFFF,
    0xFFFF, 0xFFFF, 0xFFFF, 0xFFFF, 0x0000, 0x0000, 0x0000, 0x0000, 0x0000, 0x0000, 0xFFFF, 0xFFFF, 0xFFFF, 0xFFFF, 0xFFFF, 0xFFFF,
    0x0000, 0x0000, 0x0000, 0x0000, 0x0000, 0x0000, 0x0000, 0x0000, 0x0000, 0x0000, 0x0000, 0x0000, 0x0000, 0x0000, 0x0000, 0x0000,
    0x0000, 0x0000, 0xFFFF, 0xFFFF, 0xFFFF, 0xFFFF, 0xFFFF, 0xFFFF, 0x0000, 0x0000, 0x0000, 0x0000, 0x0000, 0x0000, 0xFFFF, 0xFFFF,
    0xFFFF, 0xFFFF, 0xFFFF, 0xFFFF, 0x0000, 0x0000, 0x0000, 0x0000, 0x0000, 0x0000, 0x0000, 0x0000, 0x0000, 0x0000, 0x0000, 0x0000,
    0xFFFF, 0xFFFF, 0xFFFF, 0xFFFF, 0xFFFF, 0xFFFF, 0xFFFF, 0xFFFF, 0xFFFF, 0xFFFF, 0xFFFF, 0xFFFF, 0xFFFF, 0xFFFF, 0xFFFF, 0xFFFF,
    0xFFFF, 0xFFFF, 0x0000, 0x0000, 0x0000, 0x0000, 0x0000, 0x0000, 0x0000, 0x0000, 0x0000, 0x0000, 0x0000, 0x0000, 0x0000, 0x0000,
    0x0000, 0x0000, 0x0000, 0x0000, 0xFFFF, 0xFFFF, 0xFFFF, 0xFFFF, 0xFFFF, 0xFFFF, 0xFFFF, 0xFFFF, 0xFFFF, 0xFFFF, 0xFFFF, 0xFFFF,
    0x0000, 0x0000, 0x0000, 0x0000, 0x0000, 0x0000, 0xFFFF, 0xFFFF, 0xFFFF, 0xFFFF, 0xFFFF, 0xFFFF, 0x0000, 0x0000, 0x0000, 0x0000,
    0x0000, 0x0000, 0x0000, 0x0000, 0x0000, 0x0000, 0x0000, 0x0000, 0x0000, 0x0000, 0x0000, 0x0000, 0x0000, 0x0000, 0xFFFF, 0xFFFF,
    0xFFFF, 0xFFFF, 0xFFFF, 0xFFFF, 0x0000, 0x0000, 0x0000, 0x0000, 0x0000, 0x0000, 0xFFFF, 0xFFFF, 0xFFFF, 0xFFFF, 0xFFFF, 0xFFFF,
    0xFFFF, 0xFFFF, 0xFFFF, 0xFFFF, 0xFFFF, 0xFFFF, 0xFFFF, 0xFFFF, 0xFFFF, 0xFFFF, 0xFFFF, 0xFFFF, 0xFFFF, 0xFFFF, 0xFFFF, 0xFFFF,
    0xFFFF, 0xFFFF, 0xFFFF, 0xFFFF, 0xFFFF, 0xFFFF, 0xFFFF, 0xFFFF, 0xFFFF, 0xFFFF, 0xFFFF, 0xFFFF, 0xFFFF, 0xFFFF, 0xFFFF, 0xFFFF,
    0xFFFF, 0xFFFF, 0xFFFF, 0xFFFF, 0xFFFF, 0xFF9E, 0xFBAF, 0xFB0D, 0xFB0D, 0xFB0D, 0xFB0D, 0xFB0D, 0xFC72, 0xFD15, 0xFBF0, 0xFB0D,
    0xFB0D, 0xFB0D, 0xFB0D, 0xFB0D, 0xD3D4, 0x9D1E, 0x849C, 0x52F5, 0x4AB4, 0x4AB4, 0x4AB4, 0x4AB4, 0x4AB4, 0x4AB4, 0x4AB4, 0xDEFD,
    0xFFFF, 0xFFFF, 0xFFFF, 0xFFFF, 0xFFFF, 0xFFFF, 0xFFFF, 0xFFFF, 0xFFFF, 0xFFFF, 0xFFFF, 0xFFFF, 0xFFFF, 0xFFFF, 0xFFFF, 0xFFFF,
    0xFFFF, 0xFFFF, 0xFFFF, 0xFFFF, 0xFFFF, 0xFFFF, 0xFFFF, 0xFFFF, 0xFFFF, 0xFFFF, 0xFFFF, 0xFFFF, 0xFFFF, 0xFFFF, 0xFFFF, 0xFFFF,
    0xFFFF, 0xFFFF, 0xFFFF, 0xFFFF, 0xFFFF, 0xFFFF, 0xFFFF, 0xFFFF, 0xFFFF, 0xFFFF, 0xFFFF, 0xFFFF, 0xFFFF, 0xFFFF, 0xFFFF, 0xFFFF,
    0xFFFF, 0xFFFF, 0xFFFF, 0xFFFF, 0xFFFF, 0xFFFF, 0xFFFF, 0xFFFF, 0xFFFF, 0xFFFF, 0xFFFF, 0xFFFF, 0xFFFF, 0xFFFF, 0xFFFF, 0xFFFF,
    0xFFFF, 0xFFFF, 0xFFFF, 0xFFFF, 0xFFFF, 0xFFFF, 0xFFFF, 0xFFFF, 0xFFFF, 0xFFFF, 0xFFFF, 0xFFFF, 0xFFFF, 0xFFFF, 0xFFFF, 0xFFFF,
    0xFFFF, 0xFFFF, 0xFFFF, 0xFFFF, 0xFFFF, 0xFFFF, 0xFFFF, 0xFFFF, 0xFFFF, 0xFFFF, 0xFFFF, 0xFFFF, 0xFFFF, 0xFFFF, 0xFFFF, 0xFFFF,
    0xFFFF, 0xFFFF, 0xFFFF, 0xFFFF, 0x0000, 0x0000, 0x0000, 0x0000, 0x0000, 0x0000, 0xFFFF, 0xFFFF, 0xFFFF, 0xFFFF, 0xFFFF, 0xFFFF,
    0x0000, 0x0000, 0x0000, 0x0000, 0x0000, 0x0000, 0x0000, 0x0000, 0x0000, 0x0000, 0x0000, 0x0000, 0x0000, 0x0000, 0x0000, 0x0000,
    0x0000, 0x0000, 0xFFFF, 0xFFFF, 0xFFFF, 0xFFFF, 0xFFFF, 0xFFFF, 0x0000, 0x0000, 0x0000, 0x0000, 0x0000, 0x0000, 0xFFFF, 0xFFFF,
    0xFFFF, 0xFFFF, 0xFFFF, 0xFFFF, 0x0000, 0x0000, 0x0000, 0x0000, 0x0000, 0x0000, 0x0000, 0x0000, 0x0000, 0x0000, 0x0000, 0x0000,
    0xFFFF, 0xFFFF, 0xFFFF, 0xFFFF, 0xFFFF, 0xFFFF, 0xFFFF, 0xFFFF, 0xFFFF, 0xFFFF, 0xFFFF, 0xFFFF, 0xFFFF, 0xFFFF, 0xFFFF, 0xFFFF,
    0xFFFF, 0xFFFF, 0x0000, 0x0000, 0x0000, 0x0000, 0x0000, 0x0000, 0x0000, 0x0000, 0x0000, 0x0000, 0x0000, 0x0000, 0x0000, 0x0000,
    0x0000, 0x0000, 0x0000, 0x0000, 0xFFFF, 0xFFFF, 0xFFFF, 0xFFFF, 0xFFFF, 0xFFFF, 0xFFFF, 0xFFFF, 0xFFFF, 0xFFFF, 0xFFFF, 0xFFFF,
    0x0000, 0x0000, 0x0000, 0x0000, 0x0000, 0x0000, 0xFFFF, 0xFFFF, 0xFFFF, 0xFFFF, 0xFFFF, 0xFFFF, 0x0000, 0x0000, 0x0000, 0x0000,
    0x0000, 0x0000, 0x0000, 0x0000, 0x0000, 0x0000, 0x0000, 0x0000, 0x0000, 0x0000, 0x0000, 0x0000, 0x0000, 0x0000, 0xFFFF, 0xFFFF,
    0xFFFF, 0xFFFF, 0xFFFF, 0xFFFF, 0x0000, 0x0000, 0x0000, 0x0000, 0x0000, 0x0000, 0xFFFF, 0xFFFF, 0xFFFF, 0xFFFF, 0xFFFF, 0xFFFF,
    0xFFFF, 0xFFFF, 0xFFFF, 0xFFFF, 0xFFFF, 0xFFFF, 0xFFFF, 0xFFFF, 0xFFFF, 0xFFFF, 0xFFFF, 0xFFFF, 0xFFFF, 0xFFFF, 0xFFFF, 0xFFFF,
    0xFFFF, 0xFFFF, 0xFFFF, 0xFFFF, 0xFFFF, 0xFFFF, 0xFFFF, 0xFFFF, 0xFFFF, 0xFFFF, 0xFFFF, 0xFFFF, 0xFFFF, 0xFFFF, 0xFFFF, 0xFFFF,
    0xFFFF, 0xFFFF, 0xFFFF, 0xFFBF, 0xFEFB, 0xFE59, 0xFB8F, 0xFB0D, 0xFB0D, 0xFB0D, 0xFB0D, 0xFB0D, 0xFC72, 0xFD15, 0xFBF0, 0xFB0D,
    0xFB0D, 0xFB0D, 0xFB0D, 0xFB0D, 0xD3D4, 0x9D1E, 0x849C, 0x52F5, 0x4AB4, 0x4AB4, 0x4AB4, 0x4AB4, 0x4AB4, 0x4AB4, 0x4AB4, 0xB5FB,
    0xD6BC, 0xEF7E, 0xFFFF, 0xFFFF, 0xFFFF, 0xFFFF, 0xFFFF, 0xFFFF, 0xFFFF, 0xFFFF, 0xFFFF, 0xFFFF, 0xFFFF, 0xFFFF, 0xFFFF, 0xFFFF,
    0xFFFF, 0xFFFF, 0xFFFF, 0xFFFF, 0xFFFF, 0xFFFF, 0xFFFF, 0xFFFF, 0xFFFF, 0xFFFF, 0xFFFF, 0xFFFF, 0xFFFF, 0xFFFF, 0xFFFF, 0xFFFF,
    0xFFFF, 0xFFFF, 0xFFFF, 0xFFFF, 0xFFFF, 0xFFFF, 0xFFFF, 0xFFFF, 0xFFFF, 0xFFFF, 0xFFFF, 0xFFFF, 0xFFFF, 0xFFFF, 0xFFFF, 0xFFFF,
    0xFFFF, 0xFFFF, 0xFFFF, 0xFFFF, 0xFFFF, 0xFFFF, 0xFFFF, 0xFFFF, 0xFFFF, 0xFFFF, 0xFFFF, 0xFFFF, 0xFFFF, 0xFFFF, 0xFFFF, 0xFFFF,
    0xFFFF, 0xFFFF, 0xFFFF, 0xFFFF, 0xFFFF, 0xFFFF, 0xFFFF, 0xFFFF, 0xFFFF, 0xFFFF, 0xFFFF, 0xFFFF, 0xFFFF, 0xFFFF, 0xFFFF, 0xFFFF,
    0xFFFF, 0xFFFF, 0xFFFF, 0xFFFF, 0xFFFF, 0xFFFF, 0xFFFF, 0xFFFF, 0xFFFF, 0xFFFF, 0xFFFF, 0xFFFF, 0xFFFF, 0xFFFF, 0xFFFF, 0xFFFF,
    0xFFFF, 0xFFFF, 0xFFFF, 0xFFFF, 0x0000, 0x0000, 0x0000, 0x0000, 0x0000, 0x0000, 0xFFFF, 0xFFFF, 0xFFFF, 0xFFFF, 0xFFFF, 0xFFFF,
    0x0000, 0x0000, 0x0000, 0x0000, 0x0000, 0x0000, 0x0000, 0x0000, 0x0000, 0x0000, 0x0000, 0x0000, 0x0000, 0x0000, 0x0000, 0x0000,
    0x0000, 0x0000, 0xFFFF, 0xFFFF, 0xFFFF, 0xFFFF, 0xFFFF, 0xFFFF, 0x0000, 0x0000, 0x0000, 0x0000, 0x0000, 0x0000, 0xFFFF, 0xFFFF,
    0xFFFF, 0xFFFF, 0xFFFF, 0xFFFF, 0x0000, 0x0000, 0x0000, 0x0000, 0x0000, 0x0000, 0x0000, 0x0000, 0x0000, 0x0000, 0x0000, 0x0000,
    0xFFFF, 0xFFFF, 0xFFFF, 0xFFFF, 0xFFFF, 0xFFFF, 0xFFFF, 0xFFFF, 0xFFFF, 0xFFFF, 0xFFFF, 0xFFFF, 0xFFFF, 0xFFFF, 0xFFFF, 0xFFFF,
    0xFFFF, 0xFFFF, 0x0000, 0x0000, 0x0000, 0x0000, 0x0000, 0x0000, 0x0000, 0x0000, 0x0000, 0x0000, 0x0000, 0x0000, 0x0000, 0x0000,
    0x0000, 0x0000, 0x0000, 0x0000, 0xFFFF, 0xFFFF, 0xFFFF, 0xFFFF, 0xFFFF, 0xFFFF, 0xFFFF, 0xFFFF, 0xFFFF, 0xFFFF, 0xFFFF, 0xFFFF,
    0x0000, 0x0000, 0x0000, 0x0000, 0x0000, 0x0000, 0xFFFF, 0xFFFF, 0xFFFF, 0xFFFF, 0xFFFF, 0xFFFF, 0x0000, 0x0000, 0x0000, 0x0000,
    0x0000, 0x0000, 0x0000, 0x0000, 0x0000, 0x0000, 0x0000, 0x0000, 0x0000, 0x0000, 0x0000, 0x0000, 0x0000, 0x0000, 0xFFFF, 0xFFFF,
    0xFFFF, 0xFFFF, 0xFFFF, 0xFFFF, 0x0000, 0x0000, 0x0000, 0x0000, 0x0000, 0x0000, 0xFFFF, 0xFFFF, 0xFFFF, 0xFFFF, 0xFFFF, 0xFFFF,
    0xFFFF, 0xFFFF, 0xFFFF, 0xFFFF, 0xFFFF, 0xFFFF, 0xFFFF, 0xFFFF, 0xFFFF, 0xFFFF, 0xFFFF, 0xFFFF, 0xFFFF, 0xFFFF, 0xFFFF, 0xFFFF,
    0xFFFF, 0xFFFF, 0xFFFF, 0xFFFF, 0xFFFF, 0xFFFF, 0xFFFF, 0xFFFF, 0xFFFF, 0xFFFF, 0xFFFF, 0xFFFF, 0xFFFF, 0xFFFF, 0xFFFF, 0xFFFF,
    0xFFFF, 0xFFFF, 0xFFFF, 0xFF1C, 0xFBAF, 0xFB0D, 0xFB0D, 0xFB0D, 0xFB0D, 0xFB0D, 0xFB0D, 0xFB0D, 0xFC72, 0xFD15, 0xFBF0, 0xFB0D,
    0xFB0D, 0xFB0D, 0xFB0D, 0xFB0D, 0xD3D4, 0x9D1E, 0x849C, 0x52F5, 0x4AB4, 0x4AB4, 0x4AB4, 0x4AB4, 0x4AB4, 0x4AB4, 0x4AB4, 0x4AB4,
    0x4AB4, 0xCE9C, 0xFFFF, 0xFFFF, 0xFFFF, 0xFFFF, 0xFFFF, 0xFFFF, 0xFFFF, 0xFFFF, 0xFFFF, 0xFFFF, 0xFFFF, 0xFFFF, 0xFFFF, 0xFFFF,
    0xFFFF, 0xFFFF, 0xFFFF, 0xFFFF, 0xFFFF, 0xFFFF, 0xFFFF, 0xFFFF, 0xFFFF, 0xFFFF, 0xFFFF, 0xFFFF, 0xFFFF, 0xFFFF, 0xFFFF, 0xFFFF,
    0xFFFF, 0xFFFF, 0xFFFF, 0xFFFF, 0xFFFF, 0xFFFF, 0xFFFF, 0xFFFF, 0xFFFF, 0xFFFF, 0xFFFF, 0xFFFF, 0xFFFF, 0xFFFF, 0xFFFF, 0xFFFF,
    0xFFFF, 0xFFFF, 0xFFFF, 0xFFFF, 0xFFFF, 0xFFFF, 0xFFFF, 0xFFFF, 0xFFFF, 0xFFFF, 0xFFFF, 0xFFFF, 0xFFFF, 0xFFFF, 0xFFFF, 0xFFFF,
    0xFFFF, 0xFFFF, 0xFFFF, 0xFFFF, 0xFFFF, 0xFFFF, 0xFFFF, 0xFFFF, 0xFFFF, 0xFFFF, 0xFFFF, 0xFFFF, 0xFFFF, 0xFFFF, 0xFFFF, 0xFFFF,
    0xFFFF, 0xFFFF, 0xFFFF, 0xFFFF, 0xFFFF, 0xFFFF, 0xFFFF, 0xFFFF, 0xFFFF, 0xFFFF, 0xFFFF, 0xFFFF, 0xFFFF, 0xFFFF, 0xFFFF, 0xFFFF,
    0xFFFF, 0xFFFF, 0xFFFF, 0xFFFF, 0x0000, 0x0000, 0x0000, 0x0000, 0x0000, 0x0000, 0xFFFF, 0xFFFF, 0xFFFF, 0xFFFF, 0xFFFF, 0xFFFF,
    0x0000, 0x0000, 0x0000, 0x0000, 0x0000, 0x0000, 0x0000, 0x0000, 0x0000, 0x0000, 0x0000, 0x0000, 0x0000, 0x0000, 0x0000, 0x0000,
    0x0000, 0x0000, 0xFFFF, 0xFFFF, 0xFFFF, 0xFFFF, 0xFFFF, 0xFFFF, 0x0000, 0x0000, 0x0000, 0x0000, 0x0000, 0x0000, 0xFFFF, 0xFFFF,
    0xFFFF, 0xFFFF, 0xFFFF, 0xFFFF, 0x0000, 0x0000, 0x0000, 0x0000, 0x0000, 0x0000, 0x0000, 0x0000, 0x0000, 0x0000, 0x0000, 0x0000,
    0xFFFF, 0xFFFF, 0xFFFF, 0xFFFF, 0xFFFF, 0xFFFF, 0xFFFF, 0xFFFF, 0xFFFF, 0xFFFF, 0xFFFF, 0xFFFF, 0xFFFF, 0xFFFF, 0xFFFF, 0xFFFF,
    0xFFFF, 0xFFFF, 0x0000, 0x0000, 0x0000, 0x0000, 0x0000, 0x0000, 0x0000, 0x0000, 0x0000, 0x0000, 0x0000, 0x0000, 0x0000, 0x0000,
    0x0000, 0x0000, 0x0000, 0x0000, 0xFFFF, 0xFFFF, 0xFFFF, 0xFFFF, 0xFFFF, 0xFFFF, 0xFFFF, 0xFFFF, 0xFFFF, 0xFFFF, 0xFFFF, 0xFFFF,
    0x0000, 0x0000, 0x0000, 0x0000, 0x0000, 0x0000, 0xFFFF, 0xFFFF, 0xFFFF, 0xFFFF, 0xFFFF, 0xFFFF, 0x0000, 0x0000, 0x0000, 0x0000,
    0x0000, 0x0000, 0x0000, 0x0000, 0x0000, 0x0000, 0x0000, 0x0000, 0x0000, 0x0000, 0x0000, 0x0000, 0x0000, 0x0000, 0xFFFF, 0xFFFF,
    0xFFFF, 0xFFFF, 0xFFFF, 0xFFFF, 0x0000, 0x0000, 0x0000, 0x0000, 0x0000, 0x0000, 0xFFFF, 0xFFFF, 0xFFFF, 0xFFFF, 0xFFFF, 0xFFFF,
    0xFFFF, 0xFFFF, 0xFFFF, 0xFFFF, 0xFFFF, 0xFFFF, 0xFFFF, 0xFFFF, 0xFFFF, 0xFFFF, 0xFFFF, 0xFFFF, 0xFFFF, 0xFFFF, 0xFFFF, 0xFFFF,
    0xFFFF, 0xFFFF, 0xFFFF, 0xFFFF, 0xFFFF, 0xFFFF, 0xFFFF, 0xFFFF, 0xFFFF, 0xFFFF, 0xFFFF, 0xFFFF, 0xFFFF, 0xFFFF, 0xFFFF, 0xFFFF,
    0xFFFF, 0xFFFF, 0xFFFF, 0xFF1C, 0xFBAF, 0xFB0D, 0xFB0D, 0xFB0D, 0xFB0D, 0xFB0D, 0xFB4E, 0xFB4E, 0xFC93, 0xFD15, 0xFBF0, 0xFB0D,
    0xFB0D, 0xFB0D, 0xFB0D, 0xFB0D, 0xD3D4, 0x9D1E, 0x849D, 0x5B36, 0x4AF4, 0x4AD4, 0x4AB4, 0x4AB4, 0x4AB4, 0x4AB4, 0x4AB4, 0x4AB4,
    0x4AB4, 0xCE9C, 0xFFFF, 0xFFFF, 0xFFFF, 0xFFFF, 0xFFFF, 0xFFFF, 0xFFFF, 0xFFFF, 0xFFFF, 0xFFFF, 0xFFFF, 0xFFFF, 0xFFFF, 0xFFFF,
    0xFFFF, 0xFFFF, 0xFFFF, 0xFFFF, 0xFFFF, 0xFFFF, 0xFFFF, 0xFFFF, 0xFFFF, 0xFFFF, 0xFFFF, 0xFFFF, 0xFFFF, 0xFFFF, 0xFFFF, 0xFFFF,
    0xFFFF, 0xFFFF, 0xFFFF, 0xFFFF, 0xFFFF, 0xFFFF, 0xFFFF, 0xFFFF, 0xFFFF, 0xFFFF, 0xFFFF, 0xFFFF, 0xFFFF, 0xFFFF, 0xFFFF, 0xFFFF,
    0xFFFF, 0xFFFF, 0xFFFF, 0xFFFF, 0xFFFF, 0xFFFF, 0xFFFF, 0xFFFF, 0xFFFF, 0xFFFF, 0xFFFF, 0xFFFF, 0xFFFF, 0xFFFF, 0xFFFF, 0xFFFF,
    0xFFFF, 0xFFFF, 0xFFFF, 0xFFFF, 0xFFFF, 0xFFFF, 0xFFFF, 0xFFFF, 0xFFFF, 0xFFFF, 0xFFFF, 0xFFFF, 0xFFFF, 0xFFFF, 0xFFFF, 0xFFFF,
    0xFFFF, 0xFFFF, 0xFFFF, 0xFFFF, 0xFFFF, 0xFFFF, 0xFFFF, 0xFFFF, 0xFFFF, 0xFFFF, 0xFFFF, 0xFFFF, 0xFFFF, 0xFFFF, 0xFFFF, 0xFFFF,
    0xFFFF, 0xFFFF, 0xFFFF, 0xFFFF, 0x0000, 0x0000, 0x0000, 0x0000, 0x0000, 0x0000, 0xFFFF, 0xFFFF, 0xFFFF, 0xFFFF, 0xFFFF, 0xFFFF,
    0x0000, 0x0000, 0x0000, 0x0000, 0x0000, 0x0000, 0x0000, 0x0000, 0x0000, 0x0000, 0x0000, 0x0000, 0x0000, 0x0000, 0x0000, 0x0000,
    0x0000, 0x0000, 0xFFFF, 0xFFFF, 0xFFFF, 0xFFFF, 0xFFFF, 0xFFFF, 0x0000, 0x0000, 0x0000, 0x0000, 0x0000, 0x0000, 0xFFFF, 0xFFFF,
    0xFFFF, 0xFFFF, 0xFFFF, 0xFFFF, 0x0000, 0x0000, 0x0000, 0x0000, 0x0000, 0x0000, 0x0000, 0x0000, 0x0000, 0x0000, 0x0000, 0x0000,
    0xFFFF, 0xFFFF, 0xFFFF, 0xFFFF, 0xFFFF, 0xFFFF, 0xFFFF, 0xFFFF, 0xFFFF, 0xFFFF, 0xFFFF, 0xFFFF, 0xFFFF, 0xFFFF, 0xFFFF, 0xFFFF,
    0xFFFF, 0xFFFF, 0x0000, 0x0000, 0x0000, 0x0000, 0x0000, 0x0000, 0x0000, 0x0000, 0x0000, 0x0000, 0x0000, 0x0000, 0x0000, 0x0000,
    0x0000, 0x0000, 0x0000, 0x0000, 0xFFFF, 0xFFFF, 0xFFFF, 0xFFFF, 0xFFFF, 0xFFFF, 0xFFFF, 0xFFFF, 0xFFFF, 0xFFFF, 0xFFFF, 0xFFFF,
    0x0000, 0x0000, 0x0000, 0x0000, 0x0000, 0x0000, 0xFFFF, 0xFFFF, 0xFFFF, 0xFFFF, 0xFFFF, 0xFFFF, 0x0000, 0x0000, 0x0000, 0x0000,
    0x0000, 0x0000, 0x0000, 0x0000, 0x0000, 0x0000, 0x0000, 0x0000, 0x0000, 0x0000, 0x0000, 0x0000, 0x0000, 0x0000, 0xFFFF, 0xFFFF,
    0xFFFF, 0xFFFF, 0xFFFF, 0xFFFF, 0x0000, 0x0000, 0x0000, 0x0000, 0x0000, 0x0000, 0xFFFF, 0xFFFF, 0xFFFF, 0xFFFF, 0xFFFF, 0xFFFF,
    0xFFFF, 0xFFFF, 0xFFFF, 0xFFFF, 0xFFFF, 0xFFFF, 0xFFFF, 0xFFFF, 0xFFFF, 0xFFFF, 0xFFFF, 0xFFFF, 0xFFFF, 0xFFFF, 0xFFFF, 0xFFFF,
    0xFFFF, 0xFFFF, 0xFFFF, 0xFFFF, 0xFFFF, 0xFFFF, 0xFFFF, 0xFFFF, 0xFFFF, 0xFFFF, 0xFFFF, 0xFFFF, 0xFFFF, 0xFFFF, 0xFFFF, 0xFFFF,
    0xFFFF, 0xFFFF, 0xFFFF, 0xFF1C, 0xFBAF, 0xFB0D, 0xFB0D, 0xFB0D, 0xFB0D, 0xFB0D, 0xFCB3, 0xFD15, 0xFD15, 0xFD15, 0xFBF0, 0xFB0D,
    0xFB0D, 0xFB0D, 0xFB0D, 0xFB0D, 0xD3D4, 0x9D1E, 0x953F, 0x953F, 0x84BD, 0x52F5, 0x4AB4, 0x4AB4, 0x4AB4, 0x4AB4, 0x4AB4, 0x4AB4,
    0x4AB4, 0xCE9C, 0xFFFF, 0xFFFF, 0xFFFF, 0xFFFF, 0xFFFF, 0xFFFF, 0xFFFF, 0xFFFF, 0xFFFF, 0xFFFF, 0xFFFF, 0xFFFF, 0xFFFF, 0xFFFF,
    0xFFFF, 0xFFFF, 0xFFFF, 0xFFFF, 0xFFFF, 0xFFFF, 0xFFFF, 0xFFFF, 0xFFFF, 0xFFFF, 0xFFFF, 0xFFFF, 0xFFFF, 0xFFFF, 0xFFFF, 0xFFFF,
    0xFFFF, 0xFFFF, 0xFFFF, 0xFFFF, 0xFFFF, 0xFFFF, 0xFFFF, 0xFFFF, 0xFFFF, 0xFFFF, 0xFFFF, 0xFFFF, 0xFFFF, 0xFFFF, 0xFFFF, 0xFFFF,
    0xFFFF, 0xFFFF, 0xFFFF, 0xFFFF, 0xFFFF, 0xFFFF, 0xFFFF, 0xFFFF, 0xFFFF, 0xFFFF, 0xFFFF, 0xFFFF, 0xFFFF, 0xFFFF, 0xFFFF, 0xFFFF,
    0xFFFF, 0xFFFF, 0xFFFF, 0xFFFF, 0xFFFF, 0xFFFF, 0xFFFF, 0xFFFF, 0xFFFF, 0xFFFF, 0xFFFF, 0xFFFF, 0xFFFF, 0xFFFF, 0xFFFF, 0xFFFF,
    0xFFFF, 0xFFFF, 0xFFFF, 0xFFFF, 0xFFFF, 0xFFFF, 0xFFFF, 0xFFFF, 0xFFFF, 0xFFFF, 0xFFFF, 0xFFFF, 0xFFFF, 0xFFFF, 0xFFFF, 0xFFFF,
    0xFFFF, 0xFFFF, 0xFFFF, 0xFFFF, 0x0000, 0x0000, 0x0000, 0x0000, 0x0000, 0x0000, 0xFFFF, 0xFFFF, 0xFFFF, 0xFFFF, 0xFFFF, 0xFFFF,
    0xFFFF, 0xFFFF, 0xFFFF, 0xFFFF, 0xFFFF, 0xFFFF, 0xFFFF, 0xFFFF, 0xFFFF, 0xFFFF, 0xFFFF, 0xFFFF, 0xFFFF, 0xFFFF, 0xFFFF, 0xFFFF,
    0xFFFF, 0xFFFF, 0xFFFF, 0xFFFF, 0xFFFF, 0xFFFF, 0xFFFF, 0xFFFF, 0x0000, 0x0000, 0x0000, 0x0000, 0x0000, 0x0000, 0xFFFF, 0xFFFF,
    0xFFFF, 0xFFFF, 0xFFFF, 0xFFFF, 0x0000, 0x0000, 0x0000, 0x0000, 0x0000, 0x0000, 0x0000, 0x0000, 0x0000, 0x0000, 0x0000, 0x0000,
    0x0000, 0x0000, 0x0000, 0x0000, 0x0000, 0x0000, 0xFFFF, 0xFFFF, 0xFFFF, 0xFFFF, 0xFFFF, 0xFFFF, 0xFFFF, 0xFFFF, 0xFFFF, 0xFFFF,
    0xFFFF, 0xFFFF, 0x0000, 0x0000, 0x0000, 0x0000, 0x0000, 0x0000, 0x0000, 0x0000, 0x0000, 0x0000, 0x0000, 0x0000, 0x0000, 0x0000,
    0x0000, 0x0000, 0x0000, 0x0000, 0x0000, 0x0000, 0x0000, 0x0000, 0x0000, 0x0000, 0xFFFF, 0xFFFF, 0xFFFF, 0xFFFF, 0xFFFF, 0xFFFF,
    0x0000, 0x0000, 0x0000, 0x0000, 0x0000, 0x0000, 0xFFFF, 0xFFFF, 0xFFFF, 0xFFFF, 0xFFFF, 0xFFFF, 0xFFFF, 0xFFFF, 0xFFFF, 0xFFFF,
    0xFFFF, 0xFFFF, 0xFFFF, 0xFFFF, 0xFFFF, 0xFFFF, 0xFFFF, 0xFFFF, 0xFFFF, 0xFFFF, 0xFFFF, 0xFFFF, 0xFFFF, 0xFFFF, 0xFFFF, 0xFFFF,
    0xFFFF, 0xFFFF, 0xFFFF, 0xFFFF, 0x0000, 0x0000, 0x0000, 0x0000, 0x0000, 0x0000, 0xFFFF, 0xFFFF, 0xFFFF, 0xFFFF, 0xFFFF, 0xFFFF,
    0xFFFF, 0xFFFF, 0xFFFF, 0xFFFF, 0xFFFF, 0xFFFF, 0xFFFF, 0xFFFF, 0xFFFF, 0xFFFF, 0xFFFF, 0xFFFF, 0xFFFF, 0xFFFF, 0xFFFF, 0xFFFF,
    0xFFFF, 0xFFFF, 0xFFFF, 0xFFFF, 0xFFFF, 0xFFFF, 0xFFFF, 0xFFFF, 0xFFFF, 0xFFFF, 0xFFFF, 0xFFFF, 0xFFFF, 0xFFFF, 0xFFFF, 0xFFFF,
    0xFFFF, 0xFFFF, 0xFFFF, 0xFF1C, 0xFBAF, 0xFB0D, 0xFB0D, 0xFB0D, 0xFB0D, 0xFB0D, 0xFCB3, 0xFD15, 0xFD15, 0xFD15, 0xFBF0, 0xFB0D,
    0xFB0D, 0xFB0D, 0xFB0D, 0xFB0D, 0xD3D4, 0x9D1E, 0x953F, 0x953F, 0x84BD, 0x52F5, 0x4AB4, 0x4AB4, 0x4AB4, 0x4AB4, 0x4AB4, 0x4AB4,
    0x4AB4, 0xCE9C, 0xFFFF, 0xFFFF, 0xFFFF, 0xFFFF, 0xFFFF, 0xFFFF, 0xFFFF, 0xFFFF, 0xFFFF, 0xFFFF, 0xFFFF, 0xFFFF, 0xFFFF, 0xFFFF,
    0xFFFF, 0xFFFF, 0xFFFF, 0xFFFF, 0xFFFF, 0xFFFF, 0xFFFF, 0xFFFF, 0xFFFF, 0xFFFF, 0xFFFF, 0xFFFF, 0xFFFF, 0xFFFF, 0xFFFF, 0xFFFF,
    0xFFFF, 0xFFFF, 0xFFFF, 0xFFFF, 0xFFFF, 0xFFFF, 0xFFFF, 0xFFFF, 0xFFFF, 0xFFFF, 0xFFFF, 0xFFFF, 0xFFFF, 0xFFFF, 0xFFFF, 0xFFFF,
    0xFFFF, 0xFFFF, 0xFFFF, 0xFFFF, 0xFFFF, 0xFFFF, 0xFFFF, 0xFFFF, 0xFFFF, 0xFFFF, 0xFFFF, 0xFFFF, 0xFFFF, 0xFFFF, 0xFFFF, 0xFFFF,
    0xFFFF, 0xFFFF, 0xFFFF, 0xFFFF, 0xFFFF, 0xFFFF, 0xFFFF, 0xFFFF, 0xFFFF, 0xFFFF, 0xFFFF, 0xFFFF, 0xFFFF, 0xFFFF, 0xFFFF, 0xFFFF,
    0xFFFF, 0xFFFF, 0xFFFF, 0xFFFF, 0xFFFF, 0xFFFF, 0xFFFF, 0xFFFF, 0xFFFF, 0xFFFF, 0xFFFF, 0xFFFF, 0xFFFF, 0xFFFF, 0xFFFF, 0xFFFF,
    0xFFFF, 0xFFFF, 0xFFFF, 0xFFFF, 0x0000, 0x0000, 0x0000, 0x0000, 0x0000, 0x0000, 0xFFFF, 0xFFFF, 0xFFFF, 0xFFFF, 0xFFFF, 0xFFFF,
    0xFFFF, 0xFFFF, 0xFFFF, 0xFFFF, 0xFFFF, 0xFFFF, 0xFFFF, 0xFFFF, 0xFFFF, 0xFFFF, 0xFFFF, 0xFFFF, 0xFFFF, 0xFFFF, 0xFFFF, 0xFFFF,
    0xFFFF, 0xFFFF, 0xFFFF, 0xFFFF, 0xFFFF, 0xFFFF, 0xFFFF, 0xFFFF, 0x0000, 0x0000, 0x0000, 0x0000, 0x0000, 0x0000, 0xFFFF, 0xFFFF,
    0xFFFF, 0xFFFF, 0xFFFF, 0xFFFF, 0x0000, 0x0000, 0x0000, 0x0000, 0x0000, 0x0000, 0x0000, 0x0000, 0x0000, 0x0000, 0x0000, 0x0000,
    0x0000, 0x0000, 0x0000, 0x0000, 0x0000, 0x0000, 0xFFFF, 0xFFFF, 0xFFFF, 0xFFFF, 0xFFFF, 0xFFFF, 0xFFFF, 0xFFFF, 0xFFFF, 0xFFFF,
    0xFFFF, 0xFFFF, 0x0000, 0x0000, 0x0000, 0x0000, 0x0000, 0x0000, 0x0000, 0x0000, 0x0000, 0x0000, 0x0000, 0x0000, 0x0000, 0x0000,
    0x0000, 0x0000, 0x0000, 0x0000, 0x0000, 0x0000, 0x0000, 0x0000, 0x0000, 0x0000, 0xFFFF, 0xFFFF, 0xFFFF, 0xFFFF, 0xFFFF, 0xFFFF,
    0x0000, 0x0000, 0x0000, 0x0000, 0x0000, 0x0000, 0xFFFF, 0xFFFF, 0xFFFF, 0xFFFF, 0xFFFF, 0xFFFF, 0xFFFF, 0xFFFF, 0xFFFF, 0xFFFF,
    0xFFFF, 0xFFFF, 0xFFFF, 0xFFFF, 0xFFFF, 0xFFFF, 0xFFFF, 0xFFFF, 0xFFFF, 0xFFFF, 0xFFFF, 0xFFFF, 0xFFFF, 0xFFFF, 0xFFFF, 0xFFFF,
    0xFFFF, 0xFFFF, 0xFFFF, 0xFFFF, 0x0000, 0x0000, 0x0000, 0x0000, 0x0000, 0x0000, 0xFFFF, 0xFFFF, 0xFFFF, 0xFFFF, 0xFFFF, 0xFFFF,
    0xFFFF, 0xFFFF, 0xFFFF, 0xFFFF, 0xFFFF, 0xFFFF, 0xFFFF, 0xFFFF, 0xFFFF, 0xFFFF, 0xFFFF, 0xFFFF, 0xFFFF, 0xFFFF, 0xFFFF, 0xFFFF,
    0xFFFF, 0xFFFF, 0xFFFF, 0xFFFF, 0xFFFF, 0xFFFF, 0xFFFF, 0xFFFF, 0xFFFF, 0xFFFF, 0xFFFF, 0xFFFF, 0xFFFF, 0xFFFF, 0xFFFF, 0xFFFF,
    0xFFFF, 0xFFFF, 0xFFFF, 0xFF1C, 0xFBAF, 0xFB0D, 0xFB0D, 0xFB0D, 0xFB0D, 0xFB0D, 0xFCB3, 0xFD15, 0xFD15, 0xFD15, 0xFD15, 0xFD15,
    0xFC31, 0xFB0D, 0xFB0D, 0xFB0D, 0xD3D4, 0x9D1E, 0x953F, 0x953F, 0x953F, 0x953F, 0x84BD, 0x5315, 0x4AB4, 0x4AB4, 0x4AB4, 0x4AB4,
    0x4AB4, 0x4AB4, 0x4AB4, 0xC65C, 0xFFFF, 0xFFFF, 0xFFFF, 0xFFFF, 0xFFFF, 0xFFFF, 0xFFFF, 0xFFFF, 0xFFFF, 0xFFFF, 0xFFFF, 0xFFFF,
    0xFFFF, 0xFFFF, 0xFFFF, 0xFFFF, 0xFFFF, 0xFFFF, 0xFFFF, 0xFFFF, 0xFFFF, 0xFFFF, 0xFFFF, 0xFFFF, 0xFFFF, 0xFFFF, 0xFFFF, 0xFFFF,
    0xFFFF, 0xFFFF, 0xFFFF, 0xFFFF, 0xFFFF, 0xFFFF, 0xFFFF, 0xFFFF, 0xFFFF, 0xFFFF, 0xFFFF, 0xFFFF, 0xFFFF, 0xFFFF, 0xFFFF, 0xFFFF,
    0xFFFF, 0xFFFF, 0xFFFF, 0xFFFF, 0xFFFF, 0xFFFF, 0xFFFF, 0xFFFF, 0xFFFF, 0xFFFF, 0xFFFF, 0xFFFF, 0xFFFF, 0xFFFF, 0xFFFF, 0xFFFF,
    0xFFFF, 0xFFFF, 0xFFFF, 0xFFFF, 0xFFFF, 0xFFFF, 0xFFFF, 0xFFFF, 0xFFFF, 0xFFFF, 0xFFFF, 0xFFFF, 0xFFFF, 0xFFFF, 0xFFFF, 0xFFFF,
    0xFFFF, 0xFFFF, 0xFFFF, 0xFFFF, 0xFFFF, 0xFFFF, 0xFFFF, 0xFFFF, 0xFFFF, 0xFFFF, 0xFFFF, 0xFFFF, 0xFFFF, 0xFFFF, 0xFFFF, 0xFFFF,
    0xFFFF, 0xFFFF, 0xFFFF, 0xFFFF, 0x0000, 0x0000, 0x0000, 0x0000, 0x0000, 0x0000, 0xFFFF, 0xFFFF, 0xFFFF, 0xFFFF, 0xFFFF, 0xFFFF,
    0xFFFF, 0xFFFF, 0xFFFF, 0xFFFF, 0xFFFF, 0xFFFF, 0xFFFF, 0xFFFF, 0xFFFF, 0xFFFF, 0xFFFF, 0xFFFF, 0xFFFF, 0xFFFF, 0xFFFF, 0xFFFF,
    0xFFFF, 0xFFFF, 0xFFFF, 0xFFFF, 0xFFFF, 0xFFFF, 0xFFFF, 0xFFFF, 0x0000, 0x0000, 0x0000, 0x0000, 0x0000, 0x0000, 0xFFFF, 0xFFFF,
    0xFFFF, 0xFFFF, 0xFFFF, 0xFFFF, 0x0000, 0x0000, 0x0000, 0x0000, 0x0000, 0x0000, 0x0000, 0x0000, 0x0000, 0x0000, 0x0000, 0x0000,
    0x0000, 0x0000, 0x0000, 0x0000, 0x0000, 0x0000, 0xFFFF, 0xFFFF, 0xFFFF, 0xFFFF, 0xFFFF, 0xFFFF, 0xFFFF, 0xFFFF, 0xFFFF, 0xFFFF,
    0xFFFF, 0xFFFF, 0x0000, 0x0000, 0x0000, 0x0000, 0x0000, 0x0000, 0x0000, 0x0000, 0x0000, 0x0000, 0x0000, 0x0000, 0x0000, 0x0000,
    0x0000, 0x0000, 0x0000, 0x0000, 0x0000, 0x0000, 0x0000, 0x0000, 0x0000, 0x0000, 0xFFFF, 0xFFFF, 0xFFFF, 0xFFFF, 0xFFFF, 0xFFFF,
    0x0000, 0x0000, 0x0000, 0x0000, 0x0000, 0x0000, 0xFFFF, 0xFFFF, 0xFFFF, 0xFFFF, 0xFFFF, 0xFFFF, 0xFFFF, 0xFFFF, 0xFFFF, 0xFFFF,
    0xFFFF, 0xFFFF, 0xFFFF, 0xFFFF, 0xFFFF, 0xFFFF, 0xFFFF, 0xFFFF, 0xFFFF, 0xFFFF, 0xFFFF, 0xFFFF, 0xFFFF, 0xFFFF, 0xFFFF, 0xFFFF,
    0xFFFF, 0xFFFF, 0xFFFF, 0xFFFF, 0x0000, 0x0000, 0x0000, 0x0000, 0x0000, 0x0000, 0xFFFF, 0xFFFF, 0xFFFF, 0xFFFF, 0xFFFF, 0xFFFF,
    0xFFFF, 0xFFFF, 0xFFFF, 0xFFFF, 0xFFFF, 0xFFFF, 0xFFFF, 0xFFFF, 0xFFFF, 0xFFFF, 0xFFFF, 0xFFFF, 0xFFFF, 0xFFFF, 0xFFFF, 0xFFFF,
    0xFFFF, 0xFFFF, 0xFFFF, 0xFFFF, 0xFFFF, 0xFFFF, 0xFFFF, 0xFFFF, 0xFFFF, 0xFFFF, 0xFFFF, 0xFFFF, 0xFFFF, 0xFFFF, 0xFFFF, 0xFFFF,
    0xFFFF, 0xFFFF, 0xFFFF, 0xFF1C, 0xFBAF, 0xFB0D, 0xFB0D, 0xFB0D, 0xFB0D, 0xFB0D, 0xFCB3, 0xFD15, 0xFD15, 0xFD15, 0xFD15, 0xFD15,
    0xFC31, 0xFB0D, 0xFB0D, 0xFB0D, 0xD3D4, 0x9D1E, 0x953F, 0x953F, 0x953F, 0x953F, 0x84BD, 0x5315, 0x4AB4, 0x4AB4, 0x4AB4, 0x4AB4,
    0x4AB4, 0x4AB4, 0x4AB4, 0xC65C, 0xFFFF, 0xFFFF, 0xFFFF, 0xFFFF, 0xFFFF, 0xFFFF, 0xFFFF, 0xFFFF, 0xFFFF, 0xFFFF, 0xFFFF, 0xFFFF,
    0xFFFF, 0xFFFF, 0xFFFF, 0xFFFF, 0xFFFF, 0xFFFF, 0xFFFF, 0xFFFF, 0xFFFF, 0xFFFF, 0xFFFF, 0xFFFF, 0xFFFF, 0xFFFF, 0xFFFF, 0xFFFF,
    0xFFFF, 0xFFFF, 0xFFFF, 0xFFFF, 0xFFFF, 0xFFFF, 0xFFFF, 0xFFFF, 0xFFFF, 0xFFFF, 0xFFFF, 0xFFFF, 0xFFFF, 0xFFFF, 0xFFFF, 0xFFFF,
    0xFFFF, 0xFFFF, 0xFFFF, 0xFFFF, 0xFFFF, 0xFFFF, 0xFFFF, 0xFFFF, 0xFFFF, 0xFFFF, 0xFFFF, 0xFFFF, 0xFFFF, 0xFFFF, 0xFFFF, 0xFFFF,
    0xFFFF, 0xFFFF, 0xFFFF, 0xFFFF, 0xFFFF, 0xFFFF, 0xFFFF, 0xFFFF, 0xFFFF, 0xFFFF, 0xFFFF, 0xFFFF, 0xFFFF, 0xFFFF, 0xFFFF, 0xFFFF,
    0xFFFF, 0xFFFF, 0xFFFF, 0xFFFF, 0xFFFF, 0xFFFF, 0xFFFF, 0xFFFF, 0xFFFF, 0xFFFF, 0xFFFF, 0xFFFF, 0xFFFF, 0xFFFF, 0xFFFF, 0xFFFF,
    0xFFFF, 0xFFFF, 0xFFFF, 0xFFFF, 0x0000, 0x0000, 0x0000, 0x0000, 0x0000, 0x0000, 0xFFFF, 0xFFFF, 0xFFFF, 0xFFFF, 0xFFFF, 0xFFFF,
    0xFFFF, 0xFFFF, 0xFFFF, 0xFFFF, 0xFFFF, 0xFFFF, 0xFFFF, 0xFFFF, 0xFFFF, 0xFFFF, 0xFFFF, 0xFFFF, 0xFFFF, 0xFFFF, 0xFFFF, 0xFFFF,
    0xFFFF, 0xFFFF, 0xFFFF, 0xFFFF, 0xFFFF, 0xFFFF, 0xFFFF, 0xFFFF, 0x0000, 0x0000, 0x0000, 0x0000, 0x0000, 0x0000, 0xFFFF, 0xFFFF,
    0xFFFF, 0xFFFF, 0xFFFF, 0xFFFF, 0x0000, 0x0000, 0x0000, 0x0000, 0x0000, 0x0000, 0x0000, 0x0000, 0x0000, 0x0000, 0x0000, 0x0000,
    0x0000, 0x0000, 0x0000, 0x0000, 0x0000, 0x0000, 0xFFFF, 0xFFFF, 0xFFFF, 0xFFFF, 0xFFFF, 0xFFFF, 0xFFFF, 0xFFFF, 0xFFFF, 0xFFFF,
    0xFFFF, 0xFFFF, 0x0000, 0x0000, 0x0000, 0x0000, 0x0000, 0x0000, 0x0000, 0x0000, 0x0000, 0x0000, 0x0000, 0x0000, 0x0000, 0x0000,
    0x0000, 0x0000, 0x0000, 0x0000, 0x0000, 0x0000, 0x0000, 0x0000, 0x0000, 0x0000, 0xFFFF, 0xFFFF, 0xFFFF, 0xFFFF, 0xFFFF, 0xFFFF,
    0x0000, 0x0000, 0x0000, 0x0000, 0x0000, 0x0000, 0xFFFF, 0xFFFF, 0xFFFF, 0xFFFF, 0xFFFF, 0xFFFF, 0xFFFF, 0xFFFF, 0xFFFF, 0xFFFF,
    0xFFFF, 0xFFFF, 0xFFFF, 0xFFFF, 0xFFFF, 0xFFFF, 0xFFFF, 0xFFFF, 0xFFFF, 0xFFFF, 0xFFFF, 0xFFFF, 0xFFFF, 0xFFFF, 0xFFFF, 0xFFFF,
    0xFFFF, 0xFFFF, 0xFFFF, 0xFFFF, 0x0000, 0x0000, 0x0000, 0x0000, 0x0000, 0x0000, 0xFFFF, 0xFFFF, 0xFFFF, 0xFFFF, 0xFFFF, 0xFFFF,
    0xFFFF, 0xFFFF, 0xFFFF, 0xFFFF, 0xFFFF, 0xFFFF, 0xFFFF, 0xFFFF, 0xFFFF, 0xFFFF, 0xFFFF, 0xFFFF, 0xFFFF, 0xFFFF, 0xFFFF, 0xFFFF,
    0xFFFF, 0xFFFF, 0xFFFF, 0xFFFF, 0xFFFF, 0xFFFF, 0xFFFF, 0xFFFF, 0xFFFF, 0xFFFF, 0xFFFF, 0xFFFF, 0xFFFF, 0xFFFF, 0xFFFF, 0xFFFF,
    0xFFFF, 0xFE9A, 0xFB8F, 0xFB0D, 0xFB0D, 0xFB0D, 0xFB0D, 0xFB0D, 0xFCD4, 0xFD15, 0xFD15, 0xFD15, 0xFD15, 0xFD15, 0xFD15, 0xFD15,
    0xFC31, 0xFB0D, 0xFB0D, 0xFB0D, 0xFB0D, 0xFB0D, 0xE3B2, 0x9CFE, 0x953F, 0x953F, 0x84BD, 0x5315, 0x4AB4, 0x4AB4, 0x4AB4, 0x4AB4,
    0x4AB4, 0x4AB4, 0x4AB4, 0xC65C, 0xFFFF, 0xFFFF, 0xFFFF, 0xFFFF, 0xFFFF, 0xFFFF, 0xFFFF, 0xFFFF, 0xFFFF, 0xFFFF, 0xFFFF, 0xFFFF,
    0xFFFF, 0xFFFF, 0xFFFF, 0xFFFF, 0xFFFF, 0xFFFF, 0xFFFF, 0xFFFF, 0xFFFF, 0xFFFF, 0xFFFF, 0xFFFF, 0xFFFF, 0xFFFF, 0xFFFF, 0xFFFF,
    0xFFFF, 0xFFFF, 0xFFFF, 0xFFFF, 0xFFFF, 0xFFFF, 0xFFFF, 0xFFFF, 0xFFFF, 0xFFFF, 0xFFFF, 0xFFFF, 0xFFFF, 0xFFFF, 0xFFFF, 0xFFFF,
    0xFFFF, 0xFFFF, 0xFFFF, 0xFFFF, 0xFFFF, 0xFFFF, 0xFFFF, 0xFFFF, 0xFFFF, 0xFFFF, 0xFFFF, 0xFFFF, 0xFFFF, 0xFFFF, 0xFFFF, 0xFFFF,
    0xFFFF, 0xFFFF, 0xFFFF, 0xFFFF, 0xFFFF, 0xFFFF, 0xFFFF, 0xFFFF, 0xFFFF, 0xFFFF, 0xFFFF, 0xFFFF, 0xFFFF, 0xFFFF, 0xFFFF, 0xFFFF,
    0xFFFF, 0xFFFF, 0xFFFF, 0xFFFF, 0xFFFF, 0xFFFF, 0xFFFF, 0xFFFF, 0xFFFF, 0xFFFF, 0xFFFF, 0xFFFF, 0xFFFF, 0xFFFF, 0xFFFF, 0xFFFF,
    0xFFFF, 0xFFFF, 0xFFFF, 0xFFFF, 0x0000, 0x0000, 0x0000, 0x0000, 0x0000, 0x0000, 0xFFFF, 0xFFFF, 0xFFFF, 0xFFFF, 0xFFFF, 0xFFFF,
    0xFFFF, 0xFFFF, 0xFFFF, 0xFFFF, 0xFFFF, 0xFFFF, 0xFFFF, 0xFFFF, 0xFFFF, 0xFFFF, 0xFFFF, 0xFFFF, 0xFFFF, 0xFFFF, 0xFFFF, 0xFFFF,
    0xFFFF, 0xFFFF, 0xFFFF, 0xFFFF, 0xFFFF, 0xFFFF, 0xFFFF, 0xFFFF, 0x0000, 0x0000, 0x0000, 0x0000, 0x0000, 0x0000, 0xFFFF, 0xFFFF,
    0xFFFF, 0xFFFF, 0xFFFF, 0xFFFF, 0x0000, 0x0000, 0x0000, 0x0000, 0x0000, 0x0000, 0x0000, 0x0000, 0x0000, 0x0000, 0x0000, 0x0000,
    0x0000, 0x0000, 0x0000, 0x0000, 0x0000, 0x0000, 0xFFFF, 0xFFFF, 0xFFFF, 0xFFFF, 0xFFFF, 0xFFFF, 0xFFFF, 0xFFFF, 0xFFFF, 0xFFFF,
    0xFFFF, 0xFFFF, 0x0000, 0x0000, 0x0000, 0x0000, 0x0000, 0x0000, 0x0000, 0x0000, 0x0000, 0x0000, 0x0000, 0x0000, 0x0000, 0x0000,
    0x0000, 0x0000, 0x0000, 0x0000, 0x0000, 0x0000, 0x0000, 0x0000, 0x0000, 0x0000, 0xFFFF, 0xFFFF, 0xFFFF, 0xFFFF, 0xFFFF, 0xFFFF,
    0x0000, 0x0000, 0x0000, 0x0000, 0x0000, 0x0000, 0xFFFF, 0xFFFF, 0xFFFF, 0xFFFF, 0xFFFF, 0xFFFF, 0xFFFF, 0xFFFF, 0xFFFF, 0xFFFF,
    0xFFFF, 0xFFFF, 0xFFFF, 0xFFFF, 0xFFFF, 0xFFFF, 0xFFFF, 0xFFFF, 0xFFFF, 0xFFFF, 0xFFFF, 0xFFFF, 0xFFFF, 0xFFFF, 0xFFFF, 0xFFFF,
    0xFFFF, 0xFFFF, 0xFFFF, 0xFFFF, 0x0000, 0x0000, 0x0000, 0x0000, 0x0000, 0x0000, 0xFFFF, 0xFFFF, 0xFFFF, 0xFFFF, 0xFFFF, 0xFFFF,
    0xFFFF, 0xFFFF, 0xFFFF, 0xFFFF, 0xFFFF, 0xFFFF, 0xFFFF, 0xFFFF, 0xFFFF, 0xFFFF, 0xFFFF, 0xFFFF, 0xFFFF, 0xFFFF, 0xFFFF, 0xFFFF,
    0xFFFF, 0xFFFF, 0xFFFF, 0xFFFF, 0xFFFF, 0xFFFF, 0xFFFF, 0xFFFF, 0xFFFF, 0xFFFF, 0xFFFF, 0xFFFF, 0xFFFF, 0xFFFF, 0xFFFF, 0xFFFF,
    0xFFFF, 0xFE9A, 0xFB8F, 0xFB0D, 0xFB0D, 0xFB0D, 0xFB0D, 0xFB0D, 0xFCD4, 0xFD15, 0xFD15, 0xFD15, 0xFD15, 0xFD15, 0xFD15, 0xFD15,
    0xFC31, 0xFB0D, 0xFB0D, 0xFB0D, 0xFB0D, 0xFB0D, 0xE3B2, 0x9CFE, 0x953F, 0x953F, 0x84BD, 0x5315, 0x4AB4, 0x4AB4, 0x4AB4, 0x4AB4,
    0x4AB4, 0x4AB4, 0x4AB4, 0xC65C, 0xFFFF, 0xFFFF, 0xFFFF, 0xFFFF, 0xFFFF, 0xFFFF, 0xFFFF, 0xFFFF, 0xFFFF, 0xFFFF, 0xFFFF, 0xFFFF,
    0xFFFF, 0xFFFF, 0xFFFF, 0xFFFF, 0xFFFF, 0xFFFF, 0xFFFF, 0xFFFF, 0xFFFF, 0xFFFF, 0xFFFF, 0xFFFF, 0xFFFF, 0xFFFF, 0xFFFF, 0xFFFF,
    0xFFFF, 0xFFFF, 0xFFFF, 0xFFFF, 0xFFFF, 0xFFFF, 0xFFFF, 0xFFFF, 0xFFFF, 0xFFFF, 0xFFFF, 0xFFFF, 0xFFFF, 0xFFFF, 0xFFFF, 0xFFFF,
    0xFFFF, 0xFFFF, 0xFFFF, 0xFFFF, 0xFFFF, 0xFFFF, 0xFFFF, 0xFFFF, 0xFFFF, 0xFFFF, 0xFFFF, 0xFFFF, 0xFFFF, 0xFFFF, 0xFFFF, 0xFFFF,
    0xFFFF, 0xFFFF, 0xFFFF, 0xFFFF, 0xFFFF, 0xFFFF, 0xFFFF, 0xFFFF, 0xFFFF, 0xFFFF, 0xFFFF, 0xFFFF, 0xFFFF, 0xFFFF, 0xFFFF, 0xFFFF,
    0xFFFF, 0xFFFF, 0xFFFF, 0xFFFF, 0xFFFF, 0xFFFF, 0xFFFF, 0xFFFF, 0xFFFF, 0xFFFF, 0xFFFF, 0xFFFF, 0xFFFF, 0xFFFF, 0xFFFF, 0xFFFF,
    0xFFFF, 0xFFFF, 0xFFFF, 0xFFFF, 0x0000, 0x0000, 0x0000, 0x0000, 0x0000, 0x0000, 0xFFFF, 0xFFFF, 0xFFFF, 0xFFFF, 0xFFFF, 0xFFFF,
    0xFFFF, 0xFFFF, 0xFFFF, 0xFFFF, 0xFFFF, 0xFFFF, 0xFFFF, 0xFFFF, 0xFFFF, 0xFFFF, 0xFFFF, 0xFFFF, 0xFFFF, 0xFFFF, 0xFFFF, 0xFFFF,
    0xFFFF, 0xFFFF, 0xFFFF, 0xFFFF, 0xFFFF, 0xFFFF, 0xFFFF, 0xFFFF, 0x0000, 0x0000, 0x0000, 0x0000, 0x0000, 0x0000, 0xFFFF, 0xFFFF,
    0xFFFF, 0xFFFF, 0xFFFF, 0xFFFF, 0x0000, 0x0000, 0x0000, 0x0000, 0x0000, 0x0000, 0x0000, 0x0000, 0x0000, 0x0000, 0x0000, 0x0000,
    0x0000, 0x0000, 0x0000, 0x0000, 0x0000, 0x0000, 0xFFFF, 0xFFFF, 0xFFFF, 0xFFFF, 0xFFFF, 0xFFFF, 0xFFFF, 0xFFFF, 0xFFFF, 0xFFFF,
    0xFFFF, 0xFFFF, 0x0000, 0x0000, 0x0000, 0x0000, 0x0000, 0x0000, 0x0000, 0x0000, 0x0000, 0x0000, 0x0000, 0x0000, 0x0000, 0x0000,
    0x0000, 0x0000, 0x0000, 0x0000, 0x0000, 0x0000, 0x0000, 0x0000, 0x0000, 0x0000, 0xFFFF, 0xFFFF, 0xFFFF, 0xFFFF, 0xFFFF, 0xFFFF,
    0x0000, 0x0000, 0x0000, 0x0000, 0x0000, 0x0000, 0xFFFF, 0xFFFF, 0xFFFF, 0xFFFF, 0xFFFF, 0xFFFF, 0xFFFF, 0xFFFF, 0xFFFF, 0xFFFF,
    0xFFFF, 0xFFFF, 0xFFFF, 0xFFFF, 0xFFFF, 0xFFFF, 0xFFFF, 0xFFFF, 0xFFFF, 0xFFFF, 0xFFFF, 0xFFFF, 0xFFFF, 0xFFFF, 0xFFFF, 0xFFFF,
    0xFFFF, 0xFFFF, 0xFFFF, 0xFFFF, 0x0000, 0x0000, 0x0000, 0x0000, 0x0000, 0x0000, 0xFFFF, 0xFFFF, 0xFFFF, 0xFFFF, 0xFFFF, 0xFFFF,
    0xFFFF, 0xFFFF, 0xFFFF, 0xFFFF, 0xFFFF, 0xFFFF, 0xFFFF, 0xFFFF, 0xFFFF, 0xFFFF, 0xFFFF, 0xFFFF, 0xFFFF, 0xFFFF, 0xFFFF, 0xFFFF,
    0xFFFF, 0xFFFF, 0xFFFF, 0xFFFF, 0xFFFF, 0xFFFF, 0xFFFF, 0xFFFF, 0xFFFF, 0xFFFF, 0xFFFF, 0xFFFF, 0xFFFF, 0xFFFF, 0xFFFF, 0xFFFF,
    0xFFFF, 0xFE9A, 0xFB8F, 0xFB0D, 0xFB0D, 0xFB0D, 0xFB0D, 0xFB0D, 0xFCD4, 0xFD15, 0xFD15, 0xFD15, 0xFD15, 0xFD15, 0xFD15, 0xFD15,
    0xFC31, 0xFB0D, 0xFB0D, 0xFB0D, 0xFB0D, 0xFB0D, 0xE3B2, 0x9CFE, 0x953F, 0x953F, 0x953F, 0x8CFE, 0x84BD, 0x5315, 0x4AB4, 0x4AB4,
    0x4AB4, 0x4AB4, 0x4AB4, 0x5B35, 0x5B75, 0xBE1B, 0xFFFF, 0xFFFF, 0xFFFF, 0xC65C, 0x6395, 0x5B75, 0x5B75, 0x5B75, 0x5B75, 0x8457,
    0xEF7E, 0xFFFF, 0xFFFF, 0xFFFF, 0xFFFF, 0xFFFF, 0xFFFF, 0xFFFF, 0xFFFF, 0xFFFF, 0xFFFF, 0xFFFF, 0xFFFF, 0xFFFF, 0xFFFF, 0xFFFF,
    0xFFFF, 0xFFFF, 0xFFFF, 0xFFFF, 0xFFFF, 0xFFFF, 0xFFFF, 0xFFFF, 0xFFFF, 0xFFFF, 0xFFFF, 0xFFFF, 0xFFFF, 0xFFFF, 0xFFFF, 0xFFFF,
    0xFFFF, 0xFFFF, 0xFFFF, 0xFFFF, 0xFFFF, 0xFFFF, 0xFFFF, 0xFFFF, 0xFFFF, 0xFFFF, 0xFFFF, 0xFFFF, 0xFFFF, 0xFFFF, 0xFFFF, 0xFFFF,
    0xFFFF, 0xFFFF, 0xFFFF, 0xFFFF, 0xFFFF, 0xFFFF, 0xFFFF, 0xFFFF, 0xFFFF, 0xFFFF, 0xFFFF, 0xFFFF, 0xFFFF, 0xFFFF, 0xFFFF, 0xFFFF,
    0xFFFF, 0xFFFF, 0xFFFF, 0xFFFF, 0xFFFF, 0xFFFF, 0xFFFF, 0xFFFF, 0xFFFF, 0xFFFF, 0xFFFF, 0xFFFF, 0xFFFF, 0xFFFF, 0xFFFF, 0xFFFF,
    0xFFFF, 0xFFFF, 0xFFFF, 0xFFFF, 0x0000, 0x0000, 0x0000, 0x0000, 0x0000, 0x0000, 0x0000, 0x0000, 0x0000, 0x0000, 0x0000, 0x0000,
    0x0000, 0x0000, 0x0000, 0x0000, 0x0000, 0x0000, 0x0000, 0x0000, 0x0000, 0x0000, 0x0000, 0x0000, 0x0000, 0x0000, 0x0000, 0x0000,
    0x0000, 0x0000, 0x0000, 0x0000, 0x0000, 0x0000, 0x0000, 0x0000, 0x0000, 0x0000, 0x0000, 0x0000, 0x0000, 0x0000, 0xFFFF, 0xFFFF,
    0xFFFF, 0xFFFF, 0xFFFF, 0xFFFF, 0x0000, 0x0000, 0x0000, 0x0000, 0x0000, 0x0000, 0xFFFF, 0xFFFF, 0xFFFF, 0xFFFF, 0xFFFF, 0xFFFF,
    0x0000, 0x0000, 0x0000, 0x0000, 0x0000, 0x0000, 0xFFFF, 0xFFFF, 0xFFFF, 0xFFFF, 0xFFFF, 0xFFFF, 0x0000, 0x0000, 0x0000, 0x0000,
    0x0000, 0x0000, 0xFFFF, 0xFFFF, 0xFFFF, 0xFFFF, 0xFFFF, 0xFFFF, 0x0000, 0x0000, 0x0000, 0x0000, 0x0000, 0x0000, 0xFFFF, 0xFFFF,
    0xFFFF, 0xFFFF, 0xFFFF, 0xFFFF, 0x0000, 0x0000, 0x0000, 0x0000, 0x0000, 0x0000, 0xFFFF, 0xFFFF, 0xFFFF, 0xFFFF, 0xFFFF, 0xFFFF,
    0x0000, 0x0000, 0x0000, 0x0000, 0x0000, 0x0000, 0x0000, 0x0000, 0x0000, 0x0000, 0x0000, 0x0000, 0x0000, 0x0000, 0x0000, 0x0000,
    0x0000, 0x0000, 0x0000, 0x0000, 0x0000, 0x0000, 0x0000, 0x0000, 0x0000, 0x0000, 0x0000, 0x0000, 0x0000, 0x0000, 0x0000, 0x0000,
    0x0000, 0x0000, 0x0000, 0x0000, 0x0000, 0x0000, 0x0000, 0x0000, 0x0000, 0x0000, 0xFFFF, 0xFFFF, 0xFFFF, 0xFFFF, 0xFFFF, 0xFFFF,
    0xFFFF, 0xFFFF, 0xFFFF, 0xFFFF, 0xFFFF, 0xFFFF, 0xFFFF, 0xFFFF, 0xFFFF, 0xFFFF, 0xFFFF, 0xFFFF, 0xFFFF, 0xFFFF, 0xFFFF, 0xFFFF,
    0xFFFF, 0xFFFF, 0xFFFF, 0xFFFF, 0xFFFF, 0xFFFF, 0xFFFF, 0xFFFF, 0xFFFF, 0xFFFF, 0xFFFF, 0xFFFF, 0xFFFF, 0xFFFF, 0xFFFF, 0xFFFF,
    0xFFFF, 0xFE9A, 0xFB8F, 0xFB0D, 0xFB0D, 0xFB0D, 0xFB0D, 0xFB0D, 0xFCD4, 0xFD15, 0xFD15, 0xFD15, 0xFD15, 0xFD15, 0xFD15, 0xFD15,
    0xFC31, 0xFB0D, 0xFB0D, 0xFB0D, 0xFB0D, 0xFB0D, 0xE3B2, 0x9CFE, 0x953F, 0x953F, 0x953F, 0x953F, 0x8CFE, 0x5315, 0x4AB4, 0x4AB4,
    0x4AB4, 0x4AB4, 0x4AB4, 0x4AB4, 0x4AB4, 0xADBA, 0xFFFF, 0xFFFF, 0xFFFF, 0xBE1B, 0x4AF4, 0x4AB4, 0x4AB4, 0x4AB4, 0x4AB4, 0x6BB6,
    0xEF5E, 0xFFFF, 0xFFFF, 0xFFFF, 0xFFFF, 0xFFFF, 0xFFFF, 0xFFFF, 0xFFFF, 0xFFFF, 0xFFFF, 0xFFFF, 0xFFFF, 0xFFFF, 0xFFFF, 0xFFFF,
    0xFFFF, 0xFFFF, 0xFFFF, 0xFFFF, 0xFFFF, 0xFFFF, 0xFFFF, 0xFFFF, 0xFFFF, 0xFFFF, 0xFFFF, 0xFFFF, 0xFFFF, 0xFFFF, 0xFFFF, 0xFFFF,
    0xFFFF, 0xFFFF, 0xFFFF, 0xFFFF, 0xFFFF, 0xFFFF, 0xFFFF, 0xFFFF, 0xFFFF, 0xFFFF, 0xFFFF, 0xFFFF, 0xFFFF, 0xFFFF, 0xFFFF, 0xFFFF,
    0xFFFF, 0xFFFF, 0xFFFF, 0xFFFF, 0xFFFF, 0xFFFF, 0xFFFF, 0xFFFF, 0xFFFF, 0xFFFF, 0xFFFF, 0xFFFF, 0xFFFF, 0xFFFF, 0xFFFF, 0xFFFF,
    0xFFFF, 0xFFFF, 0xFFFF, 0xFFFF, 0xFFFF, 0xFFFF, 0xFFFF, 0xFFFF, 0xFFFF, 0xFFFF, 0xFFFF, 0xFFFF, 0xFFFF, 0xFFFF, 0xFFFF, 0xFFFF,
    0xFFFF, 0xFFFF, 0xFFFF, 0xFFFF, 0x0000, 0x0000, 0x0000, 0x0000, 0x0000, 0x0000, 0x0000, 0x0000, 0x0000, 0x0000, 0x0000, 0x0000,
    0x0000, 0x0000, 0x0000, 0x0000, 0x0000, 0x0000, 0x0000, 0x0000, 0x0000, 0x0000, 0x0000, 0x0000, 0x0000, 0x0000, 0x0000, 0x0000,
    0x0000, 0x0000, 0x0000, 0x0000, 0x0000, 0x0000, 0x0000, 0x0000, 0x0000, 0x0000, 0x0000, 0x0000, 0x0000, 0x0000, 0xFFFF, 0xFFFF,
    0xFFFF, 0xFFFF, 0xFFFF, 0xFFFF, 0x0000, 0x0000, 0x0000, 0x0000, 0x0000, 0x0000, 0xFFFF, 0xFFFF, 0xFFFF, 0xFFFF, 0xFFFF, 0xFFFF,
    0x0000, 0x0000, 0x0000, 0x0000, 0x0000, 0x0000, 0xFFFF, 0xFFFF, 0xFFFF, 0xFFFF, 0xFFFF, 0xFFFF, 0x0000, 0x0000, 0x0000, 0x0000,
    0x0000, 0x0000, 0xFFFF, 0xFFFF, 0xFFFF, 0xFFFF, 0xFFFF, 0xFFFF, 0x0000, 0x0000, 0x0000, 0x0000, 0x0000, 0x0000, 0xFFFF, 0xFFFF,
    0xFFFF, 0xFFFF, 0xFFFF, 0xFFFF, 0x0000, 0x0000, 0x0000, 0x0000, 0x0000, 0x0000, 0xFFFF, 0xFFFF, 0xFFFF, 0xFFFF, 0xFFFF, 0xFFFF,
    0x0000, 0x0000, 0x0000, 0x0000, 0x0000, 0x0000, 0x0000, 0x0000, 0x0000, 0x0000, 0x0000, 0x0000, 0x0000, 0x0000, 0x0000, 0x0000,
    0x0000, 0x0000, 0x0000, 0x0000, 0x0000, 0x0000, 0x0000, 0x0000, 0x0000, 0x0000, 0x0000, 0x0000, 0x0000, 0x0000, 0x0000, 0x0000,
    0x0000, 0x0000, 0x0000, 0x0000, 0x0000, 0x0000, 0x0000, 0x0000, 0x0000, 0x0000, 0xFFFF, 0xFFFF, 0xFFFF, 0xFFFF, 0xFFFF, 0xFFFF,
    0xFFFF, 0xFFFF, 0xFFFF, 0xFFFF, 0xFFFF, 0xFFFF, 0xFFFF, 0xFFFF, 0xFFFF, 0xFFFF, 0xFFFF, 0xFFFF, 0xFFFF, 0xFFFF, 0xFFFF, 0xFFFF,
    0xFFFF, 0xFFFF, 0xFFFF, 0xFFFF, 0xFFFF, 0xFFFF, 0xFFFF, 0xFFFF, 0xFFFF, 0xFFFF, 0xFFFF, 0xFFFF, 0xFFFF, 0xFFFF, 0xFFFF, 0xFFFF,
    0xFFFF, 0xFE9A, 0xFB8F, 0xFB0D, 0xFB0D, 0xFB0D, 0xFB0D, 0xFB0D, 0xFCD4, 0xFD15, 0xFD15, 0xFD15, 0xFD15, 0xFD15, 0xFD15, 0xFD15,
    0xFC31, 0xFB0D, 0xFB0D, 0xFB0D, 0xFB0D, 0xFB0D, 0xE3B2, 0x9CFE, 0x953F, 0x953F, 0x953F, 0x953F, 0x8CFE, 0x5315, 0x4AB4, 0x4AB4,
    0x4AB4, 0x4AB4, 0x4AB4, 0x4AB4, 0x4AB4, 0xADBA, 0xFFFF, 0xFFFF, 0xFFFF, 0xBE1B, 0x4AF4, 0x4AB4, 0x4AB4, 0x4AB4, 0x4AB4, 0x52F4,
    0x73F6, 0x7C57, 0xEF7E, 0xFFFF, 0xFFFF, 0xFFFF, 0xFFFF, 0xFFFF, 0xFFFF, 0xFFFF, 0xFFFF, 0xFFFF, 0xFFFF, 0xFFFF, 0xFFFF, 0xFFFF,
    0xFFFF, 0xFFFF, 0xFFFF, 0xFFFF, 0xFFFF, 0xFFFF, 0xFFFF, 0xFFFF, 0xFFFF, 0xFFFF, 0xFFFF, 0xFFFF, 0xFFFF, 0xFFFF, 0xFFFF, 0xFFFF,
    0xFFFF, 0xFFFF, 0xFFFF, 0xFFFF, 0xFFFF, 0xFFFF, 0xFFFF, 0xFFFF, 0xFFFF, 0xFFFF, 0xFFFF, 0xFFFF, 0xFFFF, 0xFFFF, 0xFFFF, 0xFFFF,
    0xFFFF, 0xFFFF, 0xFFFF, 0xFFFF, 0xFFFF, 0xFFFF, 0xFFFF, 0xFFFF, 0xFFFF, 0xFFFF, 0xFFFF, 0xFFFF, 0xFFFF, 0xFFFF, 0xFFFF, 0xFFFF,
    0xFFFF, 0xFFFF, 0xFFFF, 0xFFFF, 0xFFFF, 0xFFFF, 0xFFFF, 0xFFFF, 0xFFFF, 0xFFFF, 0xFFFF, 0xFFFF, 0xFFFF, 0xFFFF, 0xFFFF, 0xFFFF,
    0xFFFF, 0xFFFF, 0xFFFF, 0xFFFF, 0x0000, 0x0000, 0x0000, 0x0000, 0x0000, 0x0000, 0x0000, 0x0000, 0x0000, 0x0000, 0x0000, 0x0000,
    0x0000, 0x0000, 0x0000, 0x0000, 0x0000, 0x0000, 0x0000, 0x0000, 0x0000, 0x0000, 0x0000, 0x0000, 0x0000, 0x0000, 0x0000, 0x0000,
    0x0000, 0x0000, 0x0000, 0x0000, 0x0000, 0x0000, 0x0000, 0x0000, 0x0000, 0x0000, 0x0000, 0x0000, 0x0000, 0x0000, 0xFFFF, 0xFFFF,
    0xFFFF, 0xFFFF, 0xFFFF, 0xFFFF, 0x0000, 0x0000, 0x0000, 0x0000, 0x0000, 0x0000, 0xFFFF, 0xFFFF, 0xFFFF, 0xFFFF, 0xFFFF, 0xFFFF,
    0x0000, 0x0000, 0x0000, 0x0000, 0x0000, 0x0000, 0xFFFF, 0xFFFF, 0xFFFF, 0xFFFF, 0xFFFF, 0xFFFF, 0x0000, 0x0000, 0x0000, 0x0000,
    0x0000, 0x0000, 0xFFFF, 0xFFFF, 0xFFFF, 0xFFFF, 0xFFFF, 0xFFFF, 0x0000, 0x0000, 0x0000, 0x0000, 0x0000, 0x0000, 0xFFFF, 0xFFFF,
    0xFFFF, 0xFFFF, 0xFFFF, 0xFFFF, 0x0000, 0x0000, 0x0000, 0x0000, 0x0000, 0x0000, 0xFFFF, 0xFFFF, 0xFFFF, 0xFFFF, 0xFFFF, 0xFFFF,
    0x0000, 0x0000, 0x0000, 0x0000, 0x0000, 0x0000, 0x0000, 0x0000, 0x0000, 0x0000, 0x0000, 0x0000, 0x0000, 0x0000, 0x0000, 0x0000,
    0x0000, 0x0000, 0x0000, 0x0000, 0x0000, 0x0000, 0x0000, 0x0000, 0x0000, 0x0000, 0x0000, 0x0000, 0x0000, 0x0000, 0x0000, 0x0000,
    0x0000, 0x0000, 0x0000, 0x0000, 0x0000, 0x0000, 0x0000, 0x0000, 0x0000, 0x0000, 0xFFFF, 0xFFFF, 0xFFFF, 0xFFFF, 0xFFFF, 0xFFFF,
    0xFFFF, 0xFFFF, 0xFFFF, 0xFFFF, 0xFFFF, 0xFFFF, 0xFFFF, 0xFFFF, 0xFFFF, 0xFFFF, 0xFFFF, 0xFFFF, 0xFFFF, 0xFFFF, 0xFFFF, 0xFFFF,
    0xFFFF, 0xFFFF, 0xFFFF, 0xFFFF, 0xFFFF, 0xFFFF, 0xFFFF, 0xFFFF, 0xFFFF, 0xFFFF, 0xFFFF, 0xFFFF, 0xFFFF, 0xFFFF, 0xFFFF, 0xFFFF,
    0xFFFF, 0xFE9A, 0xFB8F, 0xFB0D, 0xFB0D, 0xFB0D, 0xFB0D, 0xFB0D, 0xFCD4, 0xFD15, 0xFD15, 0xFD15, 0xFD15, 0xFD15, 0xFD15, 0xFD15,
    0xFC31, 0xFB0D, 0xFB0D, 0xFB0D, 0xFB0D, 0xFB0D, 0xE3B2, 0x9CFE, 0x953F, 0x953F, 0x953F, 0x953F, 0x8CFE, 0x5315, 0x4AB4, 0x4AB4,
    0x4AB4, 0x4AB4, 0x4AB4, 0x4AB4, 0x4AB4, 0xADBA, 0xFFFF, 0xFFFF, 0xFFFF, 0xBE1B, 0x4AF4, 0x4AB4, 0x4AB4, 0x4AB4, 0x4AB4, 0x4AB4,
    0x4AB4, 0x5B35, 0xEF5E, 0xFFFF, 0xFFFF, 0xFFFF, 0xFFFF, 0xFFFF, 0xFFFF, 0xFFFF, 0xFFFF, 0xFFFF, 0xFFFF, 0xFFFF, 0xFFFF, 0xFFFF,
    0xFFFF, 0xFFFF, 0xFFFF, 0xFFFF, 0xFFFF, 0xFFFF, 0xFFFF, 0xFFFF, 0xFFFF, 0xFFFF, 0xFFFF, 0xFFFF, 0xFFFF, 0xFFFF, 0xFFFF, 0xFFFF,
    0xFFFF, 0xFFFF, 0xFFFF, 0xFFFF, 0xFFFF, 0xFFFF, 0xFFFF, 0xFFFF, 0xFFFF, 0xFFFF, 0xFFFF, 0xFFFF, 0xFFFF, 0xFFFF, 0xFFFF, 0xFFFF,
    0xFFFF, 0xFFFF, 0xFFFF, 0xFFFF, 0xFFFF, 0xFFFF, 0xFFFF, 0xFFFF, 0xFFFF, 0xFFFF, 0xFFFF, 0xFFFF, 0xFFFF, 0xFFFF, 0xFFFF, 0xFFFF,
    0xFFFF, 0xFFFF, 0xFFFF, 0xFFFF, 0xFFFF, 0xFFFF, 0xFFFF, 0xFFFF, 0xFFFF, 0xFFFF, 0xFFFF, 0xFFFF, 0xFFFF, 0xFFFF, 0xFFFF, 0xFFFF,
    0xFFFF, 0xFFFF, 0xFFFF, 0xFFFF, 0x0000, 0x0000, 0x0000, 0x0000, 0x0000, 0x0000, 0x0000, 0x0000, 0x0000, 0x0000, 0x0000, 0x0000,
    0x0000, 0x0000, 0x0000, 0x0000, 0x0000, 0x0000, 0x0000, 0x0000, 0x0000, 0x0000, 0x0000, 0x0000, 0x0000, 0x0000, 0x0000, 0x0000,
    0x0000, 0x0000, 0x0000, 0x0000, 0x0000, 0x0000, 0x0000, 0x0000, 0x0000, 0x0000, 0x0000, 0x0000, 0x0000, 0x0000, 0xFFFF, 0xFFFF,
    0xFFFF, 0xFFFF, 0xFFFF, 0xFFFF, 0x0000, 0x0000, 0x0000, 0x0000, 0x0000, 0x0000, 0xFFFF, 0xFFFF, 0xFFFF, 0xFFFF, 0xFFFF, 0xFFFF,
    0x0000, 0x0000, 0x0000, 0x0000, 0x0000, 0x0000, 0xFFFF, 0xFFFF, 0xFFFF, 0xFFFF, 0xFFFF, 0xFFFF, 0x0000, 0x0000, 0x0000, 0x0000,
    0x0000, 0x0000, 0xFFFF, 0xFFFF, 0xFFFF, 0xFFFF, 0xFFFF, 0xFFFF, 0x0000, 0x0000, 0x0000, 0x0000, 0x0000, 0x0000, 0xFFFF, 0xFFFF,
    0xFFFF, 0xFFFF, 0xFFFF, 0xFFFF, 0x0000, 0x0000, 0x0000, 0x0000, 0x0000, 0x0000, 0xFFFF, 0xFFFF, 0xFFFF, 0xFFFF, 0xFFFF, 0xFFFF,
    0x0000, 0x0000, 0x0000, 0x0000, 0x0000, 0x0000, 0x0000, 0x0000, 0x0000, 0x0000, 0x0000, 0x0000, 0x0000, 0x0000, 0x0000, 0x0000,
    0x0000, 0x0000, 0x0000, 0x0000, 0x0000, 0x0000, 0x0000, 0x0000, 0x0000, 0x0000, 0x0000, 0x0000, 0x0000, 0x0000, 0x0000, 0x0000,
    0x0000, 0x0000, 0x0000, 0x0000, 0x0000, 0x0000, 0x0000, 0x0000, 0x0000, 0x0000, 0xFFFF, 0xFFFF, 0xFFFF, 0xFFFF, 0xFFFF, 0xFFFF,
    0xFFFF, 0xFFFF, 0xFFFF, 0xFFFF, 0xFFFF, 0xFFFF, 0xFFFF, 0xFFFF, 0xFFFF, 0xFFFF, 0xFFFF, 0xFFFF, 0xFFFF, 0xFFFF, 0xFFFF, 0xFFFF,
    0xFFFF, 0xFFFF, 0xFFFF, 0xFFFF, 0xFFFF, 0xFFFF, 0xFFFF, 0xFFFF, 0xFFFF, 0xFFFF, 0xFFFF, 0xFFFF, 0xFFFF, 0xFFFF, 0xFFFF, 0xFF1C,
    0xFD15, 0xFC72, 0xFB2E, 0xFB0D, 0xFB0D, 0xFB0D, 0xFB0D, 0xFB0D, 0xFCD4, 0xFD15, 0xFD15, 0xFD15, 0xFD15, 0xFD15, 0xFD15, 0xFD15,
    0xFC31, 0xFB0D, 0xFB0D, 0xFB0D, 0xFB0D, 0xFB0D, 0xE3B2, 0x9CFE, 0x953F, 0x953F, 0x953F, 0x953F, 0x951F, 0x7C7C, 0x7C5B, 0x5315,
    0x4AB4, 0x4AB4, 0x4AB4, 0x4AB4, 0x4AB4, 0xADBA, 0xFFFF, 0xCE9C, 0x94D8, 0x73F6, 0x4AD4, 0x4AB4, 0x4AB4, 0x4AB4, 0x4AB4, 0x4AB4,
    0x4AB4, 0x5B35, 0xEF5E, 0xFFFF, 0xFFFF, 0xFFFF, 0xFFFF, 0xFFFF, 0xADBA, 0x8CB8, 0xD6DD, 0xFFFF, 0xFFFF, 0xFFFF, 0xFFFF, 0xFFFF,
    0xFFFF, 0xFFFF, 0xFFFF, 0xFFFF, 0xFFFF, 0xFFFF, 0xFFFF, 0xFFFF, 0xFFFF, 0xFFFF, 0xFFFF, 0xFFFF, 0xFFFF, 0xFFFF, 0xFFFF, 0xFFFF,
    0xFFFF, 0xFFFF, 0xFFFF, 0xFFFF, 0xFFFF, 0xFFFF, 0xFFFF, 0xFFFF, 0xFFFF, 0xDF1D, 0x9D19, 0x8CB8, 0x8CB8, 0x8CB8, 0x8CB8, 0x8CB8,
    0x8CB8, 0x8CB8, 0x8CB8, 0x8CB8, 0x8CB8, 0x8CB8, 0x8CB8, 0x8CB8, 0x8CB8, 0x8CB8, 0x8CB8, 0x8CB8, 0xBDFB, 0xFFFF, 0xFFFF, 0xFFFF,
    0xFFFF, 0xFFFF, 0xFFFF, 0xFFFF, 0xFFFF, 0xFFFF, 0xFFFF, 0xFFFF, 0xFFFF, 0xFFFF, 0xFFFF, 0xFFFF, 0xFFFF, 0xFFFF, 0xFFFF, 0xFFFF,
    0xFFFF, 0xFFFF, 0xFFFF, 0xFFFF, 0x0000, 0x0000, 0x0000, 0x0000, 0x0000, 0x0000, 0x0000, 0x0000, 0x0000, 0x0000, 0x0000, 0x0000,
    0x0000, 0x0000, 0x0000, 0x0000, 0x0000, 0x0000, 0x0000, 0x0000, 0x0000, 0x0000, 0x0000, 0x0000, 0x0000, 0x0000, 0x0000, 0x0000,
    0x0000, 0x0000, 0x0000, 0x0000, 0x0000, 0x0000, 0x0000, 0x0000, 0x0000, 0x0000, 0x0000, 0x0000, 0x0000, 0x0000, 0xFFFF, 0xFFFF,
    0xFFFF, 0xFFFF, 0xFFFF, 0xFFFF, 0x0000, 0x0000, 0x0000, 0x0000, 0x0000, 0x0000, 0xFFFF, 0xFFFF, 0xFFFF, 0xFFFF, 0xFFFF, 0xFFFF,
    0x0000, 0x0000, 0x0000, 0x0000, 0x0000, 0x0000, 0xFFFF, 0xFFFF, 0xFFFF, 0xFFFF, 0xFFFF, 0xFFFF, 0x0000, 0x0000, 0x0000, 0x0000,
    0x0000, 0x0000, 0xFFFF, 0xFFFF, 0xFFFF, 0xFFFF, 0xFFFF, 0xFFFF, 0x0000, 0x0000, 0x0000, 0x0000, 0x0000, 0x0000, 0xFFFF, 0xFFFF,
    0xFFFF, 0xFFFF, 0xFFFF, 0xFFFF, 0x0000, 0x0000, 0x0000, 0x0000, 0x0000, 0x0000, 0xFFFF, 0xFFFF, 0xFFFF, 0xFFFF, 0xFFFF, 0xFFFF,
    0x0000, 0x0000, 0x0000, 0x0000, 0x0000, 0x0000, 0x0000, 0x0000, 0x0000, 0x0000, 0x0000, 0x0000, 0x0000, 0x0000, 0x0000, 0x0000,
    0x0000, 0x0000, 0x0000, 0x0000, 0x0000, 0x0000, 0x0000, 0x0000, 0x0000, 0x0000, 0x0000, 0x0000, 0x0000, 0x0000, 0x0000, 0x0000,
    0x0000, 0x0000, 0x0000, 0x0000, 0x0000, 0x0000, 0x0000, 0x0000, 0x0000, 0x0000, 0xFFFF, 0xFFFF, 0xFFFF, 0xFFFF, 0xFFFF, 0xFFFF,
    0xFFFF, 0xFFFF, 0xFFFF, 0xFFFF, 0xFFFF, 0xFFFF, 0xFFFF, 0xFFFF, 0xFFFF, 0xFFFF, 0xFFFF, 0xFFFF, 0xFFFF, 0xFFFF, 0xFFFF, 0xFFFF,
    0xFFFF, 0xFFFF, 0xFFFF, 0xFFFF, 0xFFFF, 0xFFFF, 0xFFFF, 0xFFFF, 0xFFFF, 0xFFFF, 0xFFFF, 0xFFFF, 0xFFFF, 0xFFFF, 0xFFFF, 0xFE9A,
    0xFB4E, 0xFB0D, 0xFB0D, 0xFB0D, 0xFB0D, 0xFB0D, 0xFB0D, 0xFB0D, 0xFCD4, 0xFD15, 0xFD15, 0xFD15, 0xFD15, 0xFD15, 0xFD15, 0xFD15,
    0xFC31, 0xFB0D, 0xFB0D, 0xFB0D, 0xFB0D, 0xFB0D, 0xE3B2, 0x9CFE, 0x953F, 0x953F, 0x953F, 0x953F, 0x953F, 0x953F, 0x953F, 0x5336,
    0x4AB4, 0x4AB4, 0x4AB4, 0x4AB4, 0x4AB4, 0xADBA, 0xFFFF, 0xAD9A, 0x4AF4, 0x4AB4, 0x4AB4, 0x4AB4, 0x4AB4, 0x4AB4, 0x4AB4, 0x4AB4,
    0x4AB4, 0x5B35, 0xEF5E, 0xFFFF, 0xFFFF, 0xFFFF, 0xFFFF, 0xFFFF, 0x8457, 0x4AB4, 0xB5DB, 0xFFFF, 0xFFFF, 0xFFFF, 0xFFFF, 0xFFFF,
    0xFFFF, 0xFFFF, 0xFFFF, 0xFFFF, 0xFFFF, 0xFFFF, 0xFFFF, 0xFFFF, 0xFFFF, 0xFFFF, 0xFFFF, 0xFFFF, 0xFFFF, 0xFFFF, 0xFFFF, 0xFFFF,
    0xFFFF, 0xFFFF, 0xFFFF, 0xFFFF, 0xFFFF, 0xFFFF, 0xFFFF, 0xFFFF, 0xFFFF, 0xCE9C, 0x5B35, 0x4AB4, 0x4AB4, 0x4AB4, 0x4AB4, 0x4AB4,
    0x4AB4, 0x4AB4, 0x4AB4, 0x4AB4, 0x4AB4, 0x4AB4, 0x4AB4, 0x4AB4, 0x4AB4, 0x4AB4, 0x4AB4, 0x4AB4, 0x8CB8, 0xFFDF, 0xFFFF, 0xFFFF,
    0xFFFF, 0xFFFF, 0xFFFF, 0xFFFF, 0xFFFF, 0xFFFF, 0xFFFF, 0xFFFF, 0xFFFF, 0xFFFF, 0xFFFF, 0xFFFF, 0xFFFF, 0xFFFF, 0xFFFF, 0xFFFF,
    0xFFFF, 0xFFFF, 0xFFFF, 0xFFFF, 0x0000, 0x0000, 0x0000, 0x0000, 0x0000, 0x0000, 0x0000, 0x0000, 0x0000, 0x0000, 0x0000, 0x0000,
    0x0000, 0x0000, 0x0000, 0x0000, 0x0000, 0x0000, 0x0000, 0x0000, 0x0000, 0x0000, 0x0000, 0x0000, 0x0000, 0x0000, 0x0000, 0x0000,
    0x0000, 0x0000, 0x0000, 0x0000, 0x0000, 0x0000, 0x0000, 0x0000, 0x0000, 0x0000, 0x0000, 0x0000, 0x0000, 0x0000, 0xFFFF, 0xFFFF,
    0xFFFF, 0xFFFF, 0xFFFF, 0xFFFF, 0x0000, 0x0000, 0x0000, 0x0000, 0x0000, 0x0000, 0xFFFF, 0xFFFF, 0xFFFF, 0xFFFF, 0xFFFF, 0xFFFF,
    0x0000, 0x0000, 0x0000, 0x0000, 0x0000, 0x0000, 0xFFFF, 0xFFFF, 0xFFFF, 0xFFFF, 0xFFFF, 0xFFFF, 0x0000, 0x0000, 0x0000, 0x0000,
    0x0000, 0x0000, 0xFFFF, 0xFFFF, 0xFFFF, 0xFFFF, 0xFFFF, 0xFFFF, 0x0000, 0x0000, 0x0000, 0x0000, 0x0000, 0x0000, 0xFFFF, 0xFFFF,
    0xFFFF, 0xFFFF, 0xFFFF, 0xFFFF, 0x0000, 0x0000, 0x0000, 0x0000, 0x0000, 0x0000, 0xFFFF, 0xFFFF, 0xFFFF, 0xFFFF, 0xFFFF, 0xFFFF,
    0x0000, 0x0000, 0x0000, 0x0000, 0x0000, 0x0000, 0x0000, 0x0000, 0x0000, 0x0000, 0x0000, 0x0000, 0x0000, 0x0000, 0x0000, 0x0000,
    0x0000, 0x0000, 0x0000, 0x0000, 0x0000, 0x0000, 0x0000, 0x0000, 0x0000, 0x0000, 0x0000, 0x0000, 0x0000, 0x0000, 0x0000, 0x0000,
    0x0000, 0x0000, 0x0000, 0x0000, 0x0000, 0x0000, 0x0000, 0x0000, 0x0000, 0x0000, 0xFFFF, 0xFFFF, 0xFFFF, 0xFFFF, 0xFFFF, 0xFFFF,
    0xFFFF, 0xFFFF, 0xFFFF, 0xFFFF, 0xFFFF, 0xFFFF, 0xFFFF, 0xFFFF, 0xFFFF, 0xFFFF, 0xFFFF, 0xFFFF, 0xFFFF, 0xFFFF, 0xFFFF, 0xFFFF,
    0xFFFF, 0xFFFF, 0xFFFF, 0xFFFF, 0xFFFF, 0xFFFF, 0xFFFF, 0xFFFF, 0xFFFF, 0xFFFF, 0xFFFF, 0xFFFF, 0xFFFF, 0xFFFF, 0xFFFF, 0xFE9A,
    0xFB4E, 0xFB0D, 0xFB0D, 0xFB0D, 0xFB0D, 0xFB2E, 0xFC31, 0xFC52, 0xFCF4, 0xFD15, 0xFD15, 0xFD15, 0xFD15, 0xFD15, 0xFD15, 0xFD15,
    0xFCB3, 0xFC52, 0xFBD0, 0xFB0D, 0xFB0D, 0xFB0D, 0xE3B2, 0x9CFE, 0x953F, 0x953F, 0x953F, 0x953F, 0x953F, 0x953F, 0x953F, 0x5336,
    0x4AB4, 0x4AB4, 0x4AB4, 0x4AB4, 0x4AB4, 0x6BB6, 0x8CB8, 0x6BB6, 0x4AD4, 0x4AB4, 0x4AB4, 0x4AB4, 0x4AB4, 0x4AB4, 0x4AB4, 0x6375,
    0xAD9A, 0xBE1B, 0x94D8, 0x8CB8, 0x8CB8, 0x8CB8, 0x8CB8, 0x8CB8, 0x5B75, 0x4AB4, 0x6BD6, 0x8CB8, 0xD6BC, 0xFFFF, 0xFFFF, 0xFFFF,
    0xFFFF, 0xFFFF, 0xFFFF, 0xFFFF, 0xFFFF, 0xFFFF, 0xFFFF, 0xFFFF, 0xFFFF, 0xFFFF, 0xFFFF, 0xFFFF, 0xFFFF, 0xFFFF, 0xFFFF, 0xFFFF,
    0xFFFF, 0xBE1B, 0x8CB8, 0x8CB8, 0x8CB8, 0x8CB8, 0x8CB8, 0x8CB8, 0x8CB8, 0x7C37, 0x4AF4, 0x4AB4, 0x4AB4, 0x4AB4, 0x4AB4, 0x4AB4,
    0x4AB4, 0x4AB4, 0x4AB4, 0x4AB4, 0x4AB4, 0x4AB4, 0x4AB4, 0x4AB4, 0x4AB4, 0x4AB4, 0x4AB4, 0x4AB4, 0x6375, 0x8C98, 0xADBA, 0xFFDF,
    0xFFFF, 0xFFFF, 0xFFFF, 0xFFFF, 0xFFFF, 0xFFFF, 0xFFFF, 0xFFFF, 0xFFFF, 0xFFFF, 0xFFFF, 0xFFFF, 0xFFFF, 0xFFFF, 0xFFFF, 0xFFFF,
    0xFFFF, 0xFFFF, 0xFFFF, 0xFFFF, 0xFFFF, 0xFFFF, 0xFFFF, 0xFFFF, 0xFFFF, 0xFFFF, 0xFFFF, 0xFFFF, 0xFFFF, 0xFFFF, 0xFFFF, 0xFFFF,
    0xFFFF, 0xFFFF, 0xFFFF, 0xFFFF, 0xFFFF, 0xFFFF, 0xFFFF, 0xFFFF, 0xFFFF, 0xFFFF, 0xFFFF, 0xFFFF, 0xFFFF, 0xFFFF, 0xFFFF, 0xFFFF,
    0xFFFF, 0xFFFF, 0xFFFF, 0xFFFF, 0xFFFF, 0xFFFF, 0xFFFF, 0xFFFF, 0xFFFF, 0xFFFF, 0xFFFF, 0xFFFF, 0xFFFF, 0xFFFF, 0xFFFF, 0xFFFF,
    0xFFFF, 0xFFFF, 0xFFFF, 0xFFFF, 0xFFFF, 0xFFFF, 0xFFFF, 0xFFFF, 0xFFFF, 0xFFFF, 0x0000, 0x0000, 0x0000, 0x0000, 0x0000, 0x0000,
    0xFFFF, 0xFFFF, 0xFFFF, 0xFFFF, 0xFFFF, 0xFFFF, 0xFFFF, 0xFFFF, 0xFFFF, 0xFFFF, 0xFFFF, 0xFFFF, 0xFFFF, 0xFFFF, 0xFFFF, 0xFFFF,
    0xFFFF, 0xFFFF, 0x0000, 0x0000, 0x0000, 0x0000, 0x0000, 0x0000, 0xFFFF, 0xFFFF, 0xFFFF, 0xFFFF, 0xFFFF, 0xFFFF, 0x0000, 0x0000,
    0x0000, 0x0000, 0x0000, 0x0000, 0x0000, 0x0000, 0x0000, 0x0000, 0x0000, 0x0000, 0xFFFF, 0xFFFF, 0xFFFF, 0xFFFF, 0xFFFF, 0xFFFF,
    0xFFFF, 0xFFFF, 0xFFFF, 0xFFFF, 0xFFFF, 0xFFFF, 0xFFFF, 0xFFFF, 0xFFFF, 0xFFFF, 0xFFFF, 0xFFFF, 0xFFFF, 0xFFFF, 0xFFFF, 0xFFFF,
    0xFFFF, 0xFFFF, 0xFFFF, 0xFFFF, 0xFFFF, 0xFFFF, 0xFFFF, 0xFFFF, 0xFFFF, 0xFFFF, 0xFFFF, 0xFFFF, 0xFFFF, 0xFFFF, 0xFFFF, 0xFFFF,
    0xFFFF, 0xFFFF, 0xFFFF, 0xFFFF, 0xFFFF, 0xFFFF, 0xFFFF, 0xFFFF, 0xFFFF, 0xFFFF, 0xFFFF, 0xFFFF, 0xFFFF, 0xFFFF, 0xFFFF, 0xFFFF,
    0xFFFF, 0xFFFF, 0xFFFF, 0xFFFF, 0xFFFF, 0xFFFF, 0xFFFF, 0xFFFF, 0xFFFF, 0xFFFF, 0xFFFF, 0xFFFF, 0xFFFF, 0xFFFF, 0xFFFF, 0xFFFF,
    0xFFFF, 0xFFFF, 0xFFFF, 0xFFFF, 0xFFFF, 0xFFFF, 0xFFFF, 0xFFFF, 0xFFFF, 0xFFFF, 0xFFFF, 0xFFFF, 0xFFFF, 0xFFFF, 0xFFFF, 0xFE9A,
    0xFB4E, 0xFB0D, 0xFB0D, 0xFB0D, 0xFB0D, 0xFB2E, 0xFCD4, 0xFD15, 0xFD15, 0xFD15, 0xFD15, 0xFD15, 0xFD15, 0xFD15, 0xFD15, 0xFD15,
    0xFD15, 0xFD15, 0xFC31, 0xFB0D, 0xFB0D, 0xFB0D, 0xE3B2, 0x9CFE, 0x953F, 0x953F, 0x953F, 0x953F, 0x953F, 0x953F, 0x953F, 0x5336,
    0x4AB4, 0x4AB4, 0x4AB4, 0x4AB4, 0x4AB4, 0x4AB4, 0x4AB4, 0x4AB4, 0x4AB4, 0x4AB4, 0x4AB4, 0x4AB4, 0x4AB4, 0x4AB4, 0x4AB4, 0x6BB6,
    0xEF5E, 0xEF7E, 0x5B75, 0x4AB4, 0x4AB4, 0x4AB4, 0x4AB4, 0x4AB4, 0x4AB4, 0x4AB4, 0x4AB4, 0x4AB4, 0xADBA, 0xFFFF, 0xFFFF, 0xFFFF,
    0xFFFF, 0xFFFF, 0xFFFF, 0xFFFF, 0xFFFF, 0xFFFF, 0xFFFF, 0xFFFF, 0xFFFF, 0xFFFF, 0xFFFF, 0xFFFF, 0xFFFF, 0xFFFF, 0xFFFF, 0xFFFF,
    0xFFFF, 0x9D19, 0x4AB4, 0x4AB4, 0x4AB4, 0x4AB4, 0x4AB4, 0x4AB4, 0x4AB4, 0x4AB4, 0x4AB4, 0x4AB4, 0x4AB4, 0x4AB4, 0x4AB4, 0x4AB4,
    0x4AB4, 0x4AB4, 0x4AB4, 0x4AB4, 0x4AB4, 0x4AB4, 0x4AB4, 0x4AB4, 0x4AB4, 0x4AB4, 0x4AB4, 0x4AB4, 0x4AB4, 0x4AB4, 0x7C37, 0xF7BF,
    0xFFFF, 0xFFFF, 0xFFFF, 0xFFFF, 0xFFFF, 0xFFFF, 0xFFFF, 0xFFFF, 0xFFFF, 0xFFFF, 0xFFFF, 0xFFFF, 0xFFFF, 0xFFFF, 0xFFFF, 0xFFFF,
    0xFFFF, 0xFFFF, 0xFFFF, 0xFFFF, 0xFFFF, 0xFFFF, 0xFFFF, 0xFFFF, 0xFFFF, 0xFFFF, 0xFFFF, 0xFFFF, 0xFFFF, 0xFFFF, 0xFFFF, 0xFFFF,
    0xFFFF, 0xFFFF, 0xFFFF, 0xFFFF, 0xFFFF, 0xFFFF, 0xFFFF, 0xFFFF, 0xFFFF, 0xFFFF, 0xFFFF, 0xFFFF, 0xFFFF, 0xFFFF, 0xFFFF, 0xFFFF,
    0xFFFF, 0xFFFF, 0xFFFF, 0xFFFF, 0xFFFF, 0xFFFF, 0xFFFF, 0xFFFF, 0xFFFF, 0xFFFF, 0xFFFF, 0xFFFF, 0xFFFF, 0xFFFF, 0xFFFF, 0xFFFF,
    0xFFFF, 0xFFFF, 0xFFFF, 0xFFFF, 0xFFFF, 0xFFFF, 0xFFFF, 0xFFFF, 0xFFFF, 0xFFFF, 0x0000, 0x0000, 0x0000, 0x0000, 0x0000, 0x0000,
    0xFFFF, 0xFFFF, 0xFFFF, 0xFFFF, 0xFFFF, 0xFFFF, 0xFFFF, 0xFFFF, 0xFFFF, 0xFFFF, 0xFFFF, 0xFFFF, 0xFFFF, 0xFFFF, 0xFFFF, 0xFFFF,
    0xFFFF, 0xFFFF, 0x0000, 0x0000, 0x0000, 0x0000, 0x0000, 0x0000, 0xFFFF, 0xFFFF, 0xFFFF, 0xFFFF, 0xFFFF, 0xFFFF, 0x0000, 0x0000,
    0x0000, 0x0000, 0x0000, 0x0000, 0x0000, 0x0000, 0x0000, 0x0000, 0x0000, 0x0000, 0xFFFF, 0xFFFF, 0xFFFF, 0xFFFF, 0xFFFF, 0xFFFF,
    0xFFFF, 0xFFFF, 0xFFFF, 0xFFFF, 0xFFFF, 0xFFFF, 0xFFFF, 0xFFFF, 0xFFFF, 0xFFFF, 0xFFFF, 0xFFFF, 0xFFFF, 0xFFFF, 0xFFFF, 0xFFFF,
    0xFFFF, 0xFFFF, 0xFFFF, 0xFFFF, 0xFFFF, 0xFFFF, 0xFFFF, 0xFFFF, 0xFFFF, 0xFFFF, 0xFFFF, 0xFFFF, 0xFFFF, 0xFFFF, 0xFFFF, 0xFFFF,
    0xFFFF, 0xFFFF, 0xFFFF, 0xFFFF, 0xFFFF, 0xFFFF, 0xFFFF, 0xFFFF, 0xFFFF, 0xFFFF, 0xFFFF, 0xFFFF, 0xFFFF, 0xFFFF, 0xFFFF, 0xFFFF,
    0xFFFF, 0xFFFF, 0xFFFF, 0xFFFF, 0xFFFF, 0xFFFF, 0xFFFF, 0xFFFF, 0xFFFF, 0xFFFF, 0xFFFF, 0xFFFF, 0xFFFF, 0xFFFF, 0xFFFF, 0xFFFF,
    0xFFFF, 0xFFFF, 0xFFFF, 0xFFFF, 0xFFFF, 0xFFFF, 0xFFFF, 0xFFFF, 0xFFFF, 0xFFFF, 0xFFFF, 0xFFFF, 0xFFFF, 0xFFFF, 0xFFFF, 0xFE9A,
    0xFB4E, 0xFB0D, 0xFB0D, 0xFB0D, 0xFB0D, 0xFB2E, 0xFCD4, 0xFD15, 0xFD15, 0xFD15, 0xFD15, 0xFD15, 0xFD15, 0xFD15, 0xFD15, 0xFD15,
    0xFD15, 0xFD15, 0xFC31, 0xFB0D, 0xFB0D, 0xFB0D, 0xE3B2, 0x9CFE, 0x953F, 0x953F, 0x953F, 0x953F, 0x953F, 0x953F, 0x953F, 0x5336,
    0x4AB4, 0x4AB4, 0x4AB4, 0x4AB4, 0x4AB4, 0x4AB4, 0x4AB4, 0x4AB4, 0x4AB4, 0x4AB4, 0x4AB4, 0x4AB4, 0x4AB4, 0x4AB4, 0x4AB4, 0x5B35,
    0x9D19, 0x9D19, 0x5314, 0x4AB4, 0x4AB4, 0x4AB4, 0x4AB4, 0x4AB4, 0x4AB4, 0x4AB4, 0x4AB4, 0x4AB4, 0x7C37, 0xA559, 0xA559, 0xA559,
    0xA559, 0xA559, 0xA559, 0xA559, 0xA559, 0xA559, 0xA559, 0xA559, 0xA559, 0xA559, 0xA559, 0xA559, 0xA559, 0xA559, 0xA559, 0xA559,
    0xA559, 0x73F6, 0x4AB4, 0x4AB4, 0x4AB4, 0x4AB4, 0x4AB4, 0x4AB4, 0x4AB4, 0x4AB4, 0x4AB4, 0x4AB4, 0x4AB4, 0x4AB4, 0x4AB4, 0x4AB4,
    0x4AB4, 0x4AB4, 0x4AB4, 0x4AB4, 0x8AD1, 0xA2F0, 0xA2F0, 0xA2F0, 0xA2F0, 0xA2F0, 0xA2F0, 0xA2F0, 0xA2F0, 0xA2F0, 0xBBB2, 0xFD56,
    0xFFFF, 0xFFFF, 0xFFFF, 0xFFFF, 0xFFFF, 0xFFFF, 0xFFFF, 0xFFFF, 0xFFFF, 0xFFFF, 0xFFFF, 0xFFFF, 0xFFFF, 0xFFFF, 0xFFFF, 0xFFFF,
    0xFFFF, 0xFFFF, 0xFFFF, 0xFFFF, 0xFFFF, 0xFFFF, 0xFFFF, 0xFFFF, 0xFFFF, 0xFFFF, 0xFFFF, 0xFFFF, 0xFFFF, 0xFFFF, 0xFFFF, 0xFFFF,
    0xFFFF, 0xFFFF, 0xFFFF, 0xFFFF, 0xFFFF, 0xFFFF, 0xFFFF, 0xFFFF, 0xFFFF, 0xFFFF, 0xFFFF, 0xFFFF, 0xFFFF, 0xFFFF, 0xFFFF, 0xFFFF,
    0xFFFF, 0xFFFF, 0xFFFF, 0xFFFF, 0xFFFF, 0xFFFF, 0xFFFF, 0xFFFF, 0xFFFF, 0xFFFF, 0xFFFF, 0xFFFF, 0xFFFF, 0xFFFF, 0xFFFF, 0xFFFF,
    0xFFFF, 0xFFFF, 0xFFFF, 0xFFFF, 0xFFFF, 0xFFFF, 0xFFFF, 0xFFFF, 0xFFFF, 0xFFFF, 0x0000, 0x0000, 0x0000, 0x0000, 0x0000, 0x0000,
    0xFFFF, 0xFFFF, 0xFFFF, 0xFFFF, 0xFFFF, 0xFFFF, 0xFFFF, 0xFFFF, 0xFFFF, 0xFFFF, 0xFFFF, 0xFFFF, 0xFFFF, 0xFFFF, 0xFFFF, 0xFFFF,
    0xFFFF, 0xFFFF, 0x0000, 0x0000, 0x0000, 0x0000, 0x0000, 0x0000, 0xFFFF, 0xFFFF, 0xFFFF, 0xFFFF, 0xFFFF, 0xFFFF, 0x0000, 0x0000,
    0x0000, 0x0000, 0x0000, 0x0000, 0x0000, 0x0000, 0x0000, 0x0000, 0x0000, 0x0000, 0xFFFF, 0xFFFF, 0xFFFF, 0xFFFF, 0xFFFF, 0xFFFF,
    0xFFFF, 0xFFFF, 0xFFFF, 0xFFFF, 0xFFFF, 0xFFFF, 0xFFFF, 0xFFFF, 0xFFFF, 0xFFFF, 0xFFFF, 0xFFFF, 0xFFFF, 0xFFFF, 0xFFFF, 0xFFFF,
    0xFFFF, 0xFFFF, 0xFFFF, 0xFFFF, 0xFFFF, 0xFFFF, 0xFFFF, 0xFFFF, 0xFFFF, 0xFFFF, 0xFFFF, 0xFFFF, 0xFFFF, 0xFFFF, 0xFFFF, 0xFFFF,
    0xFFFF, 0xFFFF, 0xFFFF, 0xFFFF, 0xFFFF, 0xFFFF, 0xFFFF, 0xFFFF, 0xFFFF, 0xFFFF, 0xFFFF, 0xFFFF, 0xFFFF, 0xFFFF, 0xFFFF, 0xFFFF,
    0xFFFF, 0xFFFF, 0xFFFF, 0xFFFF, 0xFFFF, 0xFFFF, 0xFFFF, 0xFFFF, 0xFFFF, 0xFFFF, 0xFFFF, 0xFFFF, 0xFFFF, 0xFFFF, 0xFFFF, 0xFFFF,
    0xFFFF, 0xFFFF, 0xFFFF, 0xFFFF, 0xFFFF, 0xFFFF, 0xFFFF, 0xFFFF, 0xFFFF, 0xFFFF, 0xFFFF, 0xFFFF, 0xFFFF, 0xFFFF, 0xFFFF, 0xFE9A,
    0xFB4E, 0xFB0D, 0xFB0D, 0xFB0D, 0xFB0D, 0xFB2E, 0xFCD4, 0xFD15, 0xFD15, 0xFD15, 0xFD15, 0xFD15, 0xFD15, 0xFD15, 0xFD15, 0xFD15,
    0xFD15, 0xFD15, 0xFC31, 0xFB0D, 0xFB0D, 0xFB0D, 0xE3B2, 0x9CFE, 0x953F, 0x953F, 0x953F, 0x953F, 0x953F, 0x953F, 0x953F, 0x5336,
    0x4AB4, 0x4AB4, 0x4AB4, 0x4AB4, 0x4AB4, 0x4AB4, 0x4AB4, 0x4AB4, 0x4AB4, 0x4AB4, 0x4AB4, 0x4AB4, 0x4AB4, 0x4AB4, 0x4AB4, 0x4AB4,
    0x4AB4, 0x4AB4, 0x4AB4, 0x4AB4, 0x4AB4, 0x4AB4, 0x4AB4, 0x4AB4, 0x4AB4, 0x4AB4, 0x4AB4, 0x4AB4, 0x4AB4, 0x4AB4, 0x4AB4, 0x4AB4,
    0x4AB4, 0x4AB4, 0x4AB4, 0x4AB4, 0x4AB4, 0x4AB4, 0x4AB4, 0x4AB4, 0x4AB4, 0x4AB4, 0x4AB4, 0x4AB4, 0x4AB4, 0x4AB4, 0x4AB4, 0x4AB4,
    0x4AB4, 0x4AB4, 0x4AB4, 0x4AB4, 0x4AB4, 0x4AB4, 0x4AB4, 0x4AB4, 0x4AB4, 0x4AB4, 0x4AB4, 0x4AB4, 0x4AB4, 0x4AB4, 0x4AB4, 0x4AB4,
    0x4AB4, 0x4AB4, 0x4AB4, 0x4AB4, 0xCAEF, 0xFB0D, 0xFB0D, 0xFB0D, 0xFB0D, 0xFB0D, 0xFB0D, 0xFB0D, 0xFB0D, 0xFB0D, 0xFB0D, 0xFB0D,
    0xFFFF, 0xFFFF, 0xFFFF, 0xFFFF, 0xFFFF, 0xFFFF, 0xFFFF, 0xFFFF, 0xFFFF, 0xFFFF, 0xFFFF, 0xFFFF, 0xFFFF, 0xFFFF, 0xFFFF, 0xFFFF,
    0xFFFF, 0xFFFF, 0xFFFF, 0xFFFF, 0xFFFF, 0xFFFF, 0xFFFF, 0xFFFF, 0xFFFF, 0xFFFF, 0xFFFF, 0xFFFF, 0xFFFF, 0xFFFF, 0xFFFF, 0xFFFF,
    0xFFFF, 0xFFFF, 0xFFFF, 0xFFFF, 0xFFFF, 0xFFFF, 0xFFFF, 0xFFFF, 0xFFFF, 0xFFFF, 0xFFFF, 0xFFFF, 0xFFFF, 0xFFFF, 0xFFFF, 0xFFFF,
    0xFFFF, 0xFFFF, 0xFFFF, 0xFFFF, 0xFFFF, 0xFFFF, 0xFFFF, 0xFFFF, 0xFFFF, 0xFFFF, 0xFFFF, 0xFFFF, 0xFFFF, 0xFFFF, 0xFFFF, 0xFFFF,
    0xFFFF, 0xFFFF, 0xFFFF, 0xFFFF, 0xFFFF, 0xFFFF, 0xFFFF, 0xFFFF, 0xFFFF, 0xFFFF, 0x0000, 0x0000, 0x0000, 0x0000, 0x0000, 0x0000,
    0xFFFF, 0xFFFF, 0xFFFF, 0xFFFF, 0xFFFF, 0xFFFF, 0xFFFF, 0xFFFF, 0xFFFF, 0xFFFF, 0xFFFF, 0xFFFF, 0xFFFF, 0xFFFF, 0xFFFF, 0xFFFF,
    0xFFFF, 0xFFFF, 0x0000, 0x0000, 0x0000, 0x0000, 0x0000, 0x0000, 0xFFFF, 0xFFFF, 0xFFFF, 0xFFFF, 0xFFFF, 0xFFFF, 0x0000, 0x0000,
    0x0000, 0x0000, 0x0000, 0x0000, 0x0000, 0x0000, 0x0000, 0x0000, 0x0000, 0x0000, 0xFFFF, 0xFFFF, 0xFFFF, 0xFFFF, 0xFFFF, 0xFFFF,
    0xFFFF, 0xFFFF, 0xFFFF, 0xFFFF, 0xFFFF, 0xFFFF, 0xFFFF, 0xFFFF, 0xFFFF, 0xFFFF, 0xFFFF, 0xFFFF, 0xFFFF, 0xFFFF, 0xFFFF, 0xFFFF,
    0xFFFF, 0xFFFF, 0xFFFF, 0xFFFF, 0xFFFF, 0xFFFF, 0xFFFF, 0xFFFF, 0xFFFF, 0xFFFF, 0xFFFF, 0xFFFF, 0xFFFF, 0xFFFF, 0xFFFF, 0xFFFF,
    0xFFFF, 0xFFFF, 0xFFFF, 0xFFFF, 0xFFFF, 0xFFFF, 0xFFFF, 0xFFFF, 0xFFFF, 0xFFFF, 0xFFFF, 0xFFFF, 0xFFFF, 0xFFFF, 0xFFFF, 0xFFFF,
    0xFFFF, 0xFFFF, 0xFFFF, 0xFFFF, 0xFFFF, 0xFFFF, 0xFFFF, 0xFFFF, 0xFFFF, 0xFFFF, 0xFFFF, 0xFFFF, 0xFFFF, 0xFFFF, 0xFFFF, 0xFFFF,
    0xFFFF, 0xFFFF, 0xFFFF, 0xFFFF, 0xFFFF, 0xFFFF, 0xFFFF, 0xFFFF, 0xFFFF, 0xFFFF, 0xFFFF, 0xFFFF, 0xFFFF, 0xFFFF, 0xFFFF, 0xFE9A,
    0xFB4E, 0xFB0D, 0xFB0D, 0xFB0D, 0xFB0D, 0xFB2E, 0xFCD4, 0xFD15, 0xFD15, 0xFD15, 0xFD15, 0xFD15, 0xFD15, 0xFD15, 0xFD15, 0xFD15,
    0xFD15, 0xFD15, 0xFC31, 0xFB0D, 0xFB0D, 0xFB0D, 0xE3B2, 0x9CFE, 0x953F, 0x953F, 0x953F, 0x953F, 0x953F, 0x953F, 0x953F, 0x6BF9,
    0x63B8, 0x5315, 0x4AB4, 0x4AB4, 0x4AB4, 0x4AB4, 0x4AB4, 0x4AB4, 0x4AB4, 0x4AB4, 0x4AB4, 0x4AB4, 0x4AB4, 0x4AB4, 0x4AB4, 0x4AB4,
    0x4AB4, 0x4AB4, 0x4AB4, 0x4AB4, 0x4AB4, 0x4AB4, 0x4AB4, 0x4AB4, 0x4AB4, 0x4AB4, 0x4AB4, 0x4AB4, 0x4AB4, 0x4AB4, 0x4AB4, 0x4AB4,
    0x4AB4, 0x4AB4, 0x4AB4, 0x4AB4, 0x4AB4, 0x4AB4, 0x4AB4, 0x4AB4, 0x4AB4, 0x4AB4, 0x4AB4, 0x4AB4, 0x4AB4, 0x4AB4, 0x4AB4, 0x4AB4,
    0x4AB4, 0x4AB4, 0x4AB4, 0x4AB4, 0x4AB4, 0x4AB4, 0x4AB4, 0x4AB4, 0x4AB4, 0x4AB4, 0x4AB4, 0x4AB4, 0x4AB4, 0x52D3, 0x82D1, 0x8AD1,
    0x8AD1, 0x8AD1, 0x8AD1, 0x8AD1, 0xE2EE, 0xFB0D, 0xFB0D, 0xFB0D, 0xFB0D, 0xFB0D, 0xFB0D, 0xFB0D, 0xFB0D, 0xFB0D, 0xFB0D, 0xFB0D,
    0xFFFF, 0xFFFF, 0xFFFF, 0xFFFF, 0xFFFF, 0xFFFF, 0xFFFF, 0xFFFF, 0xFFFF, 0xFFFF, 0xFFFF, 0xFFFF, 0xFFFF, 0xFFFF, 0xFFFF, 0xFFFF,
    0xFFFF, 0xFFFF, 0xFFFF, 0xFFFF, 0xFFFF, 0xFFFF, 0xFFFF, 0xFFFF, 0xFFFF, 0xFFFF, 0xFFFF, 0xFFFF, 0xFFFF, 0xFFFF, 0xFFFF, 0xFFFF,
    0xFFFF, 0xFFFF, 0xFFFF, 0xFFFF, 0xFFFF, 0xFFFF, 0xFFFF, 0xFFFF, 0xFFFF, 0xFFFF, 0xFFFF, 0xFFFF, 0xFFFF, 0xFFFF, 0xFFFF, 0xFFFF,
    0xFFFF, 0xFFFF, 0xFFFF, 0xFFFF, 0xFFFF, 0xFFFF, 0xFFFF, 0xFFFF, 0xFFFF, 0xFFFF, 0xFFFF, 0xFFFF, 0xFFFF, 0xFFFF, 0xFFFF, 0xFFFF,
    0xFFFF, 0xFFFF, 0xFFFF, 0xFFFF, 0xFFFF, 0xFFFF, 0xFFFF, 0xFFFF, 0xFFFF, 0xFFFF, 0x0000, 0x0000, 0x0000, 0x0000, 0x0000, 0x0000,
    0xFFFF, 0xFFFF, 0xFFFF, 0xFFFF, 0xFFFF, 0xFFFF, 0xFFFF, 0xFFFF, 0xFFFF, 0xFFFF, 0xFFFF, 0xFFFF, 0xFFFF, 0xFFFF, 0xFFFF, 0xFFFF,
    0xFFFF, 0xFFFF, 0x0000, 0x0000, 0x0000, 0x0000, 0x0000, 0x0000, 0xFFFF, 0xFFFF, 0xFFFF, 0xFFFF, 0xFFFF, 0xFFFF, 0x0000, 0x0000,
    0x0000, 0x0000, 0x0000, 0x0000, 0x0000, 0x0000, 0x0000, 0x0000, 0x0000, 0x0000, 0xFFFF, 0xFFFF, 0xFFFF, 0xFFFF, 0xFFFF, 0xFFFF,
    0xFFFF, 0xFFFF, 0xFFFF, 0xFFFF, 0xFFFF, 0xFFFF, 0xFFFF, 0xFFFF, 0xFFFF, 0xFFFF, 0xFFFF, 0xFFFF, 0xFFFF, 0xFFFF, 0xFFFF, 0xFFFF,
    0xFFFF, 0xFFFF, 0xFFFF, 0xFFFF, 0xFFFF, 0xFFFF, 0xFFFF, 0xFFFF, 0xFFFF, 0xFFFF, 0xFFFF, 0xFFFF, 0xFFFF, 0xFFFF, 0xFFFF, 0xFFFF,
    0xFFFF, 0xFFFF, 0xFFFF, 0xFFFF, 0xFFFF, 0xFFFF, 0xFFFF, 0xFFFF, 0xFFFF, 0xFFFF, 0xFFFF, 0xFFFF, 0xFFFF, 0xFFFF, 0xFFFF, 0xFFFF,
    0xFFFF, 0xFFFF, 0xFFFF, 0xFFFF, 0xFFFF, 0xFFFF, 0xFFFF, 0xFFFF, 0xFFFF, 0xFFFF, 0xFFFF, 0xFFFF, 0xFFFF, 0xFFFF, 0xFFFF, 0xFFFF,
    0xFFFF, 0xFFFF, 0xFFFF, 0xFFFF, 0xFFFF, 0xFFFF, 0xFFFF, 0xFFFF, 0xFFFF, 0xFFFF, 0xFFFF, 0xFFFF, 0xFFFF, 0xFFFF, 0xFFFF, 0xFE9A,
    0xFB4E, 0xFB0D, 0xFB0D, 0xFB0D, 0xFB0D, 0xFB2E, 0xFCD4, 0xFD15, 0xFD15, 0xFD15, 0xFD15, 0xFD15, 0xFD15, 0xFD15, 0xFD15, 0xFD15,
    0xFD15, 0xFD15, 0xFC31, 0xFB0D, 0xFB0D, 0xFB0D, 0xE3B2, 0x9CFE, 0x953F, 0x953F, 0x953F, 0x953F, 0x953F, 0x953F, 0x953F, 0x953F,
    0x953F, 0x5B77, 0x4AB4, 0x4AB4, 0x4AB4, 0x4AB4, 0x4AB4, 0x4AB4, 0x4AB4, 0x4AB4, 0x4AB4, 0x4AB4, 0x4AB4, 0x4AB4, 0x4AB4, 0x4AB4,
    0x4AB4, 0x4AB4, 0x4AB4, 0x4AB4, 0x4AB4, 0x4AB4, 0x4AB4, 0x4AB4, 0x4AB4, 0x4AB4, 0x4AB4, 0x4AB4, 0x4AB4, 0x4AB4, 0x4AB4, 0x4AB4,
    0x4AB4, 0x4AB4, 0x4AB4, 0x4AB4, 0x4AB4, 0x4AB4, 0x4AB4, 0x4AB4, 0x4AB4, 0x4AB4, 0x4AB4, 0x4AB4, 0x4AB4, 0x4AB4, 0x4AB4, 0x4AB4,
    0x4AB4, 0x4AB4, 0x4AB4, 0x4AB4, 0x4AB4, 0x4AB4, 0x4AB4, 0x4AB4, 0x4AB4, 0x4AB4, 0x4AB4, 0x4AB4, 0x4AB4, 0x5AD3, 0xEB0E, 0xFB0D,
    0xFB0D, 0xFB0D, 0xFB0D, 0xFB0D, 0xFB0D, 0xFB0D, 0xFB0D, 0xFB0D, 0xFB0D, 0xFB0D, 0xFB0D, 0xFB0D, 0xFB0D, 0xFB0D, 0xFB0D, 0xFB0D,
    0xFFFF, 0xFFFF, 0xFFFF, 0xFFFF, 0xFFFF, 0xFFFF, 0xFFFF, 0xFFFF, 0xFFFF, 0xFFFF, 0xFFFF, 0xFFFF, 0xFFFF, 0xFFFF, 0xFFFF, 0xFFFF,
    0xFFFF, 0xFFFF, 0xFFFF, 0xFFFF, 0xFFFF, 0xFFFF, 0xFFFF, 0xFFFF, 0xFFFF, 0xFFFF, 0xFFFF, 0xFFFF, 0xFFFF, 0xFFFF, 0xFFFF, 0xFFFF,
    0xFFFF, 0xFFFF, 0xFFFF, 0xFFFF, 0xFFFF, 0xFFFF, 0xFFFF, 0xFFFF, 0xFFFF, 0xFFFF, 0xFFFF, 0xFFFF, 0xFFFF, 0xFFFF, 0xFFFF, 0xFFFF,
    0xFFFF, 0xFFFF, 0xFFFF, 0xFFFF, 0xFFFF, 0xFFFF, 0xFFFF, 0xFFFF, 0xFFFF, 0xFFFF, 0xFFFF, 0xFFFF, 0xFFFF, 0xFFFF, 0xFFFF, 0xFFFF,
    0xFFFF, 0xFFFF, 0xFFFF, 0xFFFF, 0xFFFF, 0xFFFF, 0xFFFF, 0xFFFF, 0xFFFF, 0xFFFF, 0x0000, 0x0000, 0x0000, 0x0000, 0x0000, 0x0000,
    0xFFFF, 0xFFFF, 0xFFFF, 0xFFFF, 0xFFFF, 0xFFFF, 0xFFFF, 0xFFFF, 0xFFFF, 0xFFFF, 0xFFFF, 0xFFFF, 0xFFFF, 0xFFFF, 0xFFFF, 0xFFFF,
    0xFFFF, 0xFFFF, 0x0000, 0x0000, 0x0000, 0x0000, 0x0000, 0x0000, 0xFFFF, 0xFFFF, 0xFFFF, 0xFFFF, 0xFFFF, 0xFFFF, 0x0000, 0x0000,
    0x0000, 0x0000, 0x0000, 0x0000, 0x0000, 0x0000, 0x0000, 0x0000, 0x0000, 0x0000, 0xFFFF, 0xFFFF, 0xFFFF, 0xFFFF, 0xFFFF, 0xFFFF,
    0xFFFF, 0xFFFF, 0xFFFF, 0xFFFF, 0xFFFF, 0xFFFF, 0xFFFF, 0xFFFF, 0xFFFF, 0xFFFF, 0xFFFF, 0xFFFF, 0xFFFF, 0xFFFF, 0xFFFF, 0xFFFF,
    0xFFFF, 0xFFFF, 0xFFFF, 0xFFFF, 0xFFFF, 0xFFFF, 0xFFFF, 0xFFFF, 0xFFFF, 0xFFFF, 0xFFFF, 0xFFFF, 0xFFFF, 0xFFFF, 0xFFFF, 0xFFFF,
    0xFFFF, 0xFFFF, 0xFFFF, 0xFFFF, 0xFFFF, 0xFFFF, 0xFFFF, 0xFFFF, 0xFFFF, 0xFFFF, 0xFFFF, 0xFFFF, 0xFFFF, 0xFFFF, 0xFFFF, 0xFFFF,
    0xFFFF, 0xFFFF, 0xFFFF, 0xFFFF, 0xFFFF, 0xFFFF, 0xFFFF, 0xFFFF, 0xFFFF, 0xFFFF, 0xFFFF, 0xFFFF, 0xFFFF, 0xFFFF, 0xFFFF, 0xFFFF,
    0xFFFF, 0xFFFF, 0xFFFF, 0xFFFF, 0xFFFF, 0xFFFF, 0xFFFF, 0xFFFF, 0xFFFF, 0xFFFF, 0xFFFF, 0xFFFF, 0xFFFF, 0xFFFF, 0xFFFF, 0xFE9A,
    0xFB4E, 0xFB0D, 0xFB0D, 0xFB0D, 0xFB0D, 0xFB2E, 0xFCD4, 0xFD15, 0xFD15, 0xFD15, 0xFD15, 0xFD15, 0xFD15, 0xFD15, 0xFD15, 0xFD15,
    0xFD15, 0xFD15, 0xFC31, 0xFB0D, 0xFB0D, 0xFB0D, 0xE391, 0xB49A, 0xACDC, 0x9D3F, 0x953F, 0x953F, 0x953F, 0x953F, 0x953F, 0x84BD,
    0x849C, 0x5336, 0x4AB4, 0x4AB4, 0x4AB4, 0x4AB4, 0x4AB4, 0x4AB4, 0x4AB4, 0x4AB4, 0x4AB4, 0x4AB4, 0x4AB4, 0x4AB4, 0x4AB4, 0x4AB4,
    0x4AB4, 0x4AB4, 0x4AB4, 0x4AB4, 0x4AB4, 0x4AB4, 0x4AB4, 0x4AB4, 0x4AB4, 0x4AB4, 0x4AB4, 0x4AB4, 0x4AB4, 0x4AB4, 0x4AB4, 0x4AB4,
    0x4AB4, 0x4AB4, 0x4AB4, 0x4AB4, 0x4AB4, 0x4AB4, 0x4AB4, 0x4AB4, 0x4AB4, 0x4AB4, 0x4AB4, 0x4AB4, 0x4AB4, 0x4AB4, 0x4AB4, 0x4AB4,
    0x4AB4, 0x4AB4, 0x4AB4, 0x52F5, 0x5B56, 0x5B56, 0x5B56, 0x5B56, 0x5B56, 0x6356, 0x72F2, 0x72D2, 0x72D2, 0x82D1, 0xEB0E, 0xFB0D,
    0xFB0D, 0xFB0D, 0xFB0D, 0xFB0D, 0xFB0D, 0xFB0D, 0xFB0D, 0xFB0D, 0xFB0D, 0xFB0D, 0xFB0D, 0xFB0D, 0xFB0D, 0xFB0D, 0xFB0D, 0xFB0D,
    0xFFFF, 0xFFFF, 0xFFFF, 0xFFFF, 0xFFFF, 0xFFFF, 0xFFFF, 0xFFFF, 0xFFFF, 0xFFFF, 0xFFFF, 0xFFFF, 0xFFFF, 0xFFFF, 0xFFFF, 0xFFFF,
    0xFFFF, 0xFFFF, 0xFFFF, 0xFFFF, 0xFFFF, 0xFFFF, 0xFFFF, 0xFFFF, 0xFFFF, 0xFFFF, 0x0000, 0x0000, 0x0000, 0x0000, 0x0000, 0x0000,
    0x0000, 0x0000, 0x0000, 0x0000, 0x0000, 0x0000, 0x0000, 0x0000, 0x0000, 0x0000, 0x0000, 0x0000, 0x0000, 0x0000, 0x0000, 0x0000,
    0x0000, 0x0000, 0x0000, 0x0000, 0x0000, 0x0000, 0x0000, 0x0000, 0x0000, 0x0000, 0x0000, 0x0000, 0x0000, 0x0000, 0x0000, 0x0000,
    0x0000, 0x0000, 0x0000, 0x0000, 0xFFFF, 0xFFFF, 0xFFFF, 0xFFFF, 0xFFFF, 0xFFFF, 0xFFFF, 0xFFFF, 0xFFFF, 0xFFFF, 0xFFFF, 0xFFFF,
    0x0000, 0x0000, 0x0000, 0x0000, 0x0000, 0x0000, 0xFFFF, 0xFFFF, 0xFFFF, 0xFFFF, 0xFFFF, 0xFFFF, 0xFFFF, 0xFFFF, 0xFFFF, 0xFFFF,
    0xFFFF, 0xFFFF, 0xFFFF, 0xFFFF, 0xFFFF, 0xFFFF, 0xFFFF, 0xFFFF, 0x0000, 0x0000, 0x0000, 0x0000, 0x0000, 0x0000, 0xFFFF, 0xFFFF,
    0xFFFF, 0xFFFF, 0xFFFF, 0xFFFF, 0xFFFF, 0xFFFF, 0xFFFF, 0xFFFF, 0xFFFF, 0xFFFF, 0xFFFF, 0xFFFF, 0xFFFF, 0xFFFF, 0xFFFF, 0xFFFF,
    0xFFFF, 0xFFFF, 0xFFFF, 0xFFFF, 0xFFFF, 0xFFFF, 0x0000, 0x0000, 0x0000, 0x0000, 0x0000, 0x0000, 0x0000, 0x0000, 0x0000, 0x0000,
    0x0000, 0x0000, 0xFFFF, 0xFFFF, 0xFFFF, 0xFFFF, 0xFFFF, 0xFFFF, 0xFFFF, 0xFFFF, 0xFFFF, 0xFFFF, 0xFFFF, 0xFFFF, 0xFFFF, 0xFFFF,
    0xFFFF, 0xFFFF, 0xFFFF, 0xFFFF, 0x0000, 0x0000, 0x0000, 0x0000, 0x0000, 0x0000, 0xFFFF, 0xFFFF, 0xFFFF, 0xFFFF, 0xFFFF, 0xFFFF,
    0xFFFF, 0xFFFF, 0xFFFF, 0xFFFF, 0xFFFF, 0xFFFF, 0xFFFF, 0xFFFF, 0xFFFF, 0xFFFF, 0xFFFF, 0xFFFF, 0xFFFF, 0xFFFF, 0xFFFF, 0xFFFF,
    0xFFFF, 0xFFFF, 0xFFFF, 0xFFFF, 0xFFFF, 0xFFFF, 0xFFFF, 0xFFFF, 0xFFFF, 0xFFFF, 0xFFFF, 0xFFFF, 0xFFFF, 0xFFFF, 0xFFFF, 0xFE9A,
    0xFB4E, 0xFB0D, 0xFB0D, 0xFB0D, 0xFB0D, 0xFB2E, 0xFCD4, 0xFD15, 0xFD15, 0xFD15, 0xFD15, 0xFD15, 0xFD15, 0xFD15, 0xFD15, 0xFD15,
    0xFD15, 0xFD15, 0xFC31, 0xFB0D, 0xFB0D, 0xFB0D, 0xFB0D, 0xFB0D, 0xEB71, 0x9CFE, 0x953F, 0x953F, 0x953F, 0x953F, 0x953F, 0x5336,
    0x4AB4, 0x4AB4, 0x4AB4, 0x4AB4, 0x4AB4, 0x4AB4, 0x4AB4, 0x4AB4, 0x4AB4, 0x4AB4, 0x4AB4, 0x4AB4, 0x4AB4, 0x4AB4, 0x4AB4, 0x4AB4,
    0x4AB4, 0x4AB4, 0x4AB4, 0x4AB4, 0x4AB4, 0x4AB4, 0x4AB4, 0x4AB4, 0x4AB4, 0x4AB4, 0x4AB4, 0x4AB4, 0x4AB4, 0x4AB4, 0x4AB4, 0x4AB4,
    0x4AB4, 0x4AB4, 0x4AB4, 0x4AB4, 0x4AB4, 0x4AB4, 0x4AB4, 0x4AB4, 0x4AB4, 0x4AB4, 0x4AB4, 0x4AB4, 0x4AB4, 0x4AB4, 0x4AB4, 0x4AB4,
    0x4AB4, 0x4AB4, 0x4AB4, 0x6BF9, 0x953F, 0x953F, 0x953F, 0x953F, 0x953F, 0xB49A, 0xF34F, 0xFB0D, 0xFB0D, 0xFB0D, 0xFB0D, 0xFB0D,
    0xFB0D, 0xFB0D, 0xFB0D, 0xFB0D, 0xFB0D, 0xFB0D, 0xFB0D, 0xFB0D, 0xFB0D, 0xFB0D, 0xFB0D, 0xFB0D, 0xFB0D, 0xFB0D, 0xFB0D, 0xFB0D,
    0xFFFF, 0xFFFF, 0xFFFF, 0xFFFF, 0xFFFF, 0xFFFF, 0xFFFF, 0xFFFF, 0xFFFF, 0xFFFF, 0xFFFF, 0xFFFF, 0xFFFF, 0xFFFF, 0xFFFF, 0xFFFF,
    0xFFFF, 0xFFFF, 0xFFFF, 0xFFFF, 0xFFFF, 0xFFFF, 0xFFFF, 0xFFFF, 0xFFFF, 0xFFFF, 0x0000, 0x0000, 0x0000, 0x0000, 0x0000, 0x0000,
    0x0000, 0x0000, 0x0000, 0x0000, 0x0000, 0x0000, 0x0000, 0x0000, 0x0000, 0x0000, 0x0000, 0x0000, 0x0000, 0x0000, 0x0000, 0x0000,
    0x0000, 0x0000, 0x0000, 0x0000, 0x0000, 0x0000, 0x0000, 0x0000, 0x0000, 0x0000, 0x0000, 0x0000, 0x0000, 0x0000, 0x0000, 0x0000,
    0x0000, 0x0000, 0x0000, 0x0000, 0xFFFF, 0xFFFF, 0xFFFF, 0xFFFF, 0xFFFF, 0xFFFF, 0xFFFF, 0xFFFF, 0xFFFF, 0xFFFF, 0xFFFF, 0xFFFF,
    0x0000, 0x0000, 0x0000, 0x0000, 0x0000, 0x0000, 0xFFFF, 0xFFFF, 0xFFFF, 0xFFFF, 0xFFFF, 0xFFFF, 0xFFFF, 0xFFFF, 0xFFFF, 0xFFFF,
    0xFFFF, 0xFFFF, 0xFFFF, 0xFFFF, 0xFFFF, 0xFFFF, 0xFFFF, 0xFFFF, 0x0000, 0x0000, 0x0000, 0x0000, 0x0000, 0x0000, 0xFFFF, 0xFFFF,
    0xFFFF, 0xFFFF, 0xFFFF, 0xFFFF, 0xFFFF, 0xFFFF, 0xFFFF, 0xFFFF, 0xFFFF, 0xFFFF, 0xFFFF, 0xFFFF, 0xFFFF, 0xFFFF, 0xFFFF, 0xFFFF,
    0xFFFF, 0xFFFF, 0xFFFF, 0xFFFF, 0xFFFF, 0xFFFF, 0x0000, 0x0000, 0x0000, 0x0000, 0x0000, 0x0000, 0x0000, 0x0000, 0x0000, 0x0000,
    0x0000, 0x0000, 0xFFFF, 0xFFFF, 0xFFFF, 0xFFFF, 0xFFFF, 0xFFFF, 0xFFFF, 0xFFFF, 0xFFFF, 0xFFFF, 0xFFFF, 0xFFFF, 0xFFFF, 0xFFFF,
    0xFFFF, 0xFFFF, 0xFFFF, 0xFFFF, 0x0000, 0x0000, 0x0000, 0x0000, 0x0000, 0x0000, 0xFFFF, 0xFFFF, 0xFFFF, 0xFFFF, 0xFFFF, 0xFFFF,
    0xFFFF, 0xFFFF, 0xFFFF, 0xFFFF, 0xFFFF, 0xFFFF, 0xFFFF, 0xFFFF, 0xFFFF, 0xFFFF, 0xFFFF, 0xFFFF, 0xFFFF, 0xFFFF, 0xFFFF, 0xFFFF,
    0xFFFF, 0xFFFF, 0xFFFF, 0xFFFF, 0xFFFF, 0xFFFF, 0xFFFF, 0xFFFF, 0xFFFF, 0xFFFF, 0xFFFF, 0xFFFF, 0xFFFF, 0xFF9E, 0xFEDB, 0xFD97,
    0xFB4E, 0xFB0D, 0xFB0D, 0xFB0D, 0xFB0D, 0xFB2E, 0xFCD4, 0xFD15, 0xFD15, 0xFD15, 0xFD15, 0xFD15, 0xFD15, 0xFD15, 0xFD15, 0xFD15,
    0xFD15, 0xFD15, 0xFC31, 0xFB0D, 0xFB0D, 0xFB0D, 0xFB0D, 0xFB0D, 0xEB71, 0x9CFE, 0x951F, 0x84BD, 0x849C, 0x849C, 0x849C, 0x5315,
    0x4AB4, 0x4AB4, 0x4AB4, 0x4AB4, 0x4AB4, 0x4AB4, 0x4AB4, 0x4AB4, 0x4AB4, 0x4AB4, 0x4AB4, 0x4AB4, 0x4AB4, 0x4AB4, 0x4AB4, 0x4AB4,
    0x4AB4, 0x4AB4, 0x4AB4, 0x4AB4, 0x4AB4, 0x4AB4, 0x4AB4, 0x4AB4, 0x4AB4, 0x4AB4, 0x4AB4, 0x4AB4, 0x4AB4, 0x4AB4, 0x4AB4, 0x4AB4,
    0x52F5, 0x5B56, 0x5B56, 0x5B56, 0x5B56, 0x5B56, 0x5B56, 0x5B56, 0x5B56, 0x5B56, 0x5B56, 0x5B56, 0x5B56, 0x5B56, 0x5B56, 0x5B56,
    0x5B56, 0x5B56, 0x5B56, 0x7C5B, 0x953F, 0x9CFE, 0xACBB, 0xACBB, 0xACBB, 0xCC36, 0xFB2E, 0xFB0D, 0xFB0D, 0xFB0D, 0xFB0D, 0xFB0D,
    0xFB0D, 0xFB0D, 0xFB0D, 0xFB0D, 0xFB0D, 0xFB0D, 0xFB4E, 0xFB8F, 0xFB8F, 0xFB8F, 0xFB6E, 0xFB0D, 0xFB0D, 0xFB0D, 0xFB0D, 0xFB0D,
    0xFFFF, 0xFFFF, 0xFFFF, 0xFFFF, 0xFFFF, 0xFFFF, 0xFFFF, 0xFFFF, 0xFFFF, 0xFFFF, 0xFFFF, 0xFFFF, 0xFFFF, 0xFFFF, 0xFFFF, 0xFFFF,
    0xFFFF, 0xFFFF, 0xFFFF, 0xFFFF, 0xFFFF, 0xFFFF, 0xFFFF, 0xFFFF, 0xFFFF, 0xFFFF, 0x0000, 0x0000, 0x0000, 0x0000, 0x0000, 0x0000,
    0x0000, 0x0000, 0x0000, 0x0000, 0x0000, 0x0000, 0x0000, 0x0000, 0x0000, 0x0000, 0x0000, 0x0000, 0x0000, 0x0000, 0x0000, 0x0000,
    0x0000, 0x0000, 0x0000, 0x0000, 0x0000, 0x0000, 0x0000, 0x0000, 0x0000, 0x0000, 0x0000, 0x0000, 0x0000, 0x0000, 0x0000, 0x0000,
    0x0000, 0x0000, 0x0000, 0x0000, 0xFFFF, 0xFFFF, 0xFFFF, 0xFFFF, 0xFFFF, 0xFFFF, 0xFFFF, 0xFFFF, 0xFFFF, 0xFFFF, 0xFFFF, 0xFFFF,
    0x0000, 0x0000, 0x0000, 0x0000, 0x0000, 0x0000, 0xFFFF, 0xFFFF, 0xFFFF, 0xFFFF, 0xFFFF, 0xFFFF, 0xFFFF, 0xFFFF, 0xFFFF, 0xFFFF,
    0xFFFF, 0xFFFF, 0xFFFF, 0xFFFF, 0xFFFF, 0xFFFF, 0xFFFF, 0xFFFF, 0x0000, 0x0000, 0x0000, 0x0000, 0x0000, 0x0000, 0xFFFF, 0xFFFF,
    0xFFFF, 0xFFFF, 0xFFFF, 0xFFFF, 0xFFFF, 0xFFFF, 0xFFFF, 0xFFFF, 0xFFFF, 0xFFFF, 0xFFFF, 0xFFFF, 0xFFFF, 0xFFFF, 0xFFFF, 0xFFFF,
    0xFFFF, 0xFFFF, 0xFFFF, 0xFFFF, 0xFFFF, 0xFFFF, 0x0000, 0x0000, 0x0000, 0x0000, 0x0000, 0x0000, 0x0000, 0x0000, 0x0000, 0x0000,
    0x0000, 0x0000, 0xFFFF, 0xFFFF, 0xFFFF, 0xFFFF, 0xFFFF, 0xFFFF, 0xFFFF, 0xFFFF, 0xFFFF, 0xFFFF, 0xFFFF, 0xFFFF, 0xFFFF, 0xFFFF,
    0xFFFF, 0xFFFF, 0xFFFF, 0xFFFF, 0x0000, 0x0000, 0x0000, 0x0000, 0x0000, 0x0000, 0xFFFF, 0xFFFF, 0xFFFF, 0xFFFF, 0xFFFF, 0xFFFF,
    0xFFFF, 0xFFFF, 0xFFFF, 0xFFFF, 0xFFFF, 0xFFFF, 0xFFFF, 0xFFFF, 0xFFFF, 0xFFFF, 0xFFFF, 0xFFFF, 0xFFFF, 0xFFFF, 0xFFFF, 0xFFFF,
    0xFFFF, 0xFFFF, 0xFFFF, 0xFFFF, 0xFFFF, 0xFFFF, 0xFFFF, 0xFFFF, 0xFFFF, 0xFFFF, 0xFFFF, 0xFFFF, 0xFFFF, 0xFE19, 0xFB2E, 0xFB0D,
    0xFB0D, 0xFB0D, 0xFB0D, 0xFB0D, 0xFB0D, 0xFB2E, 0xFCD4, 0xFD15, 0xFD15, 0xFD15, 0xFD15, 0xFD15, 0xFD15, 0xFD15, 0xFD15, 0xFD15,
    0xFD15, 0xFD15, 0xFC31, 0xFB0D, 0xFB0D, 0xFB0D, 0xFB0D, 0xFB0D, 0xEB71, 0x9CFE, 0x84BD, 0x5315, 0x4AB4, 0x4AB4, 0x4AB4, 0x4AB4,
    0x4AB4, 0x4AB4, 0x4AB4, 0x4AB4, 0x4AB4, 0x4AB4, 0x4AB4, 0x4AB4, 0x4AB4, 0x4AB4, 0x4AB4, 0x4AB4, 0x4AB4, 0x4AB4, 0x4AB4, 0x4AB4,
    0x4AB4, 0x4AB4, 0x4AB4, 0x4AB4, 0x4AB4, 0x4AB4, 0x4AB4, 0x4AB4, 0x4AB4, 0x4AB4, 0x4AB4, 0x4AB4, 0x4AB4, 0x4AB4, 0x4AB4, 0x4AB4,
    0x63B8, 0x951F, 0x953F, 0x953F, 0x953F, 0x953F, 0x953F, 0x953F, 0x953F, 0x953F, 0x953F, 0x953F, 0x953F, 0x953F, 0x953F, 0x953F,
    0x953F, 0x953F, 0x953F, 0x953F, 0x953F, 0xBC78, 0xFB0E, 0xFB0D, 0xFB0D, 0xFB0D, 0xFB0D, 0xFB0D, 0xFB0D, 0xFB0D, 0xFB0D, 0xFB0D,
    0xFB0D, 0xFB0D, 0xFB0D, 0xFB0D, 0xFB0D, 0xFB0D, 0xFC52, 0xFD15, 0xFD15, 0xFD15, 0xFC31, 0xFB0D, 0xFB0D, 0xFB0D, 0xFB0D, 0xFB0D,
    0xFFFF, 0xFFFF, 0xFFFF, 0xFFFF, 0xFFFF, 0xFFFF, 0xFFFF, 0xFFFF, 0xFFFF, 0xFFFF, 0xFFFF, 0xFFFF, 0xFFFF, 0xFFFF, 0xFFFF, 0xFFFF,
    0xFFFF, 0xFFFF, 0xFFFF, 0xFFFF, 0xFFFF, 0xFFFF, 0xFFFF, 0xFFFF, 0xFFFF, 0xFFFF, 0x0000, 0x0000, 0x0000, 0x0000, 0x0000, 0x0000,
    0x0000, 0x0000, 0x0000, 0x0000, 0x0000, 0x0000, 0x0000, 0x0000, 0x0000, 0x0000, 0x0000, 0x0000, 0x0000, 0x0000, 0x0000, 0x0000,
    0x0000, 0x0000, 0x0000, 0x0000, 0x0000, 0x0000, 0x0000, 0x0000, 0x0000, 0x0000, 0x0000, 0x0000, 0x0000, 0x0000, 0x0000, 0x0000,
    0x0000, 0x0000, 0x0000, 0x0000, 0xFFFF, 0xFFFF, 0xFFFF, 0xFFFF, 0xFFFF, 0xFFFF, 0xFFFF, 0xFFFF, 0xFFFF, 0xFFFF, 0xFFFF, 0xFFFF,
    0x0000, 0x0000, 0x0000, 0x0000, 0x0000, 0x0000, 0xFFFF, 0xFFFF, 0xFFFF, 0xFFFF, 0xFFFF, 0xFFFF, 0xFFFF, 0xFFFF, 0xFFFF, 0xFFFF,
    0xFFFF, 0xFFFF, 0xFFFF, 0xFFFF, 0xFFFF, 0xFFFF, 0xFFFF, 0xFFFF, 0x0000, 0x0000, 0x0000, 0x0000, 0x0000, 0x0000, 0xFFFF, 0xFFFF,
    0xFFFF, 0xFFFF, 0xFFFF, 0xFFFF, 0xFFFF, 0xFFFF, 0xFFFF, 0xFFFF, 0xFFFF, 0xFFFF, 0xFFFF, 0xFFFF, 0xFFFF, 0xFFFF, 0xFFFF, 0xFFFF,
    0xFFFF, 0xFFFF, 0xFFFF, 0xFFFF, 0xFFFF, 0xFFFF, 0x0000, 0x0000, 0x0000, 0x0000, 0x0000, 0x0000, 0x0000, 0x0000, 0x0000, 0x0000,
    0x0000, 0x0000, 0xFFFF, 0xFFFF, 0xFFFF, 0xFFFF, 0xFFFF, 0xFFFF, 0xFFFF, 0xFFFF, 0xFFFF, 0xFFFF, 0xFFFF, 0xFFFF, 0xFFFF, 0xFFFF,
    0xFFFF, 0xFFFF, 0xFFFF, 0xFFFF, 0x0000, 0x0000, 0x0000, 0x0000, 0x0000, 0x0000, 0xFFFF, 0xFFFF, 0xFFFF, 0xFFFF, 0xFFFF, 0xFFFF,
    0xFFFF, 0xFFFF, 0xFFFF, 0xFFFF, 0xFFFF, 0xFFFF, 0xFFFF, 0xFFFF, 0xFFFF, 0xFFFF, 0xFFFF, 0xFFFF, 0xFFFF, 0xFFFF, 0xFFFF, 0xFFFF,
    0xFFFF, 0xFFFF, 0xFFFF, 0xFFFF, 0xFFFF, 0xFFFF, 0xFFFF, 0xFFFF, 0xFFFF, 0xFFFF, 0xFFFF, 0xFFFF, 0xFFFF, 0xFE19, 0xFB2E, 0xFB0D,
    0xFB0D, 0xFB0D, 0xFB0D, 0xFB2E, 0xFB4E, 0xFB8F, 0xFCF4, 0xFD15, 0xFD15, 0xFD15, 0xFD15, 0xFD15, 0xFD15, 0xFD15, 0xFD15, 0xFD15,
    0xFD15, 0xFD15, 0xFC31, 0xFB0D, 0xFB0D, 0xFB0D, 0xF30D, 0xEB0E, 0xDB50, 0x94BC, 0x849C, 0x5315, 0x4AB4, 0x4AB4, 0x4AB4, 0x4AB4,
    0x4AB4, 0x4AB4, 0x4AB4, 0x4AB4, 0x4AB4, 0x4AB4, 0x4AB4, 0x4AB4, 0x4AB4, 0x4AB4, 0x4AB4, 0x4AB4, 0x4AB4, 0x4AB4, 0x4AB4, 0x4AB4,
    0x4AB4, 0x4AB4, 0x4AB4, 0x4AB4, 0x4AB4, 0x4AB4, 0x4AB4, 0x4AB4, 0x4AB4, 0x4AB4, 0x52F5, 0x5315, 0x5315, 0x5315, 0x5315, 0x5315,
    0x6BD9, 0x951F, 0x953F, 0x953F, 0x953F, 0x953F, 0x953F, 0x953F, 0x953F, 0x953F, 0x953F, 0x953F, 0x953F, 0x953F, 0x953F, 0x953F,
    0x953F, 0x953F, 0x953F, 0x9D1E, 0xA4FD, 0xC437, 0xFB0E, 0xFB0D, 0xFB0D, 0xFB0D, 0xFB0D, 0xFB0D, 0xFB0D, 0xFB0D, 0xFB0D, 0xFB0D,
    0xFB4E, 0xFB4E, 0xFB4E, 0xFB4E, 0xFB4E, 0xFB4E, 0xFC52, 0xFD15, 0xFD15, 0xFD15, 0xFC31, 0xFB0D, 0xFB0D, 0xFB0D, 0xFB0D, 0xFB0D,
    0xFFFF, 0xFFFF, 0xFFFF, 0xFFFF, 0xFFFF, 0xFFFF, 0xFFFF, 0xFFFF, 0xFFFF, 0xFFFF, 0xFFFF, 0xFFFF, 0xFFFF, 0xFFFF, 0xFFFF, 0xFFFF,
    0xFFFF, 0xFFFF, 0xFFFF, 0xFFFF, 0xFFFF, 0xFFFF, 0xFFFF, 0xFFFF, 0xFFFF, 0xFFFF, 0x0000, 0x0000, 0x0000, 0x0000, 0x0000, 0x0000,
    0x0000, 0x0000, 0x0000, 0x0000, 0x0000, 0x0000, 0x0000, 0x0000, 0x0000, 0x0000, 0x0000, 0x0000, 0x0000, 0x0000, 0x0000, 0x0000,
    0x0000, 0x0000, 0x0000, 0x0000, 0x0000, 0x0000, 0x0000, 0x0000, 0x0000, 0x0000, 0x0000, 0x0000, 0x0000, 0x0000, 0x0000, 0x0000,
    0x0000, 0x0000, 0x0000, 0x0000, 0xFFFF, 0xFFFF, 0xFFFF, 0xFFFF, 0xFFFF, 0xFFFF, 0xFFFF, 0xFFFF, 0xFFFF, 0xFFFF, 0xFFFF, 0xFFFF,
    0x0000, 0x0000, 0x0000, 0x0000, 0x0000, 0x0000, 0xFFFF, 0xFFFF, 0xFFFF, 0xFFFF, 0xFFFF, 0xFFFF, 0xFFFF, 0xFFFF, 0xFFFF, 0xFFFF,
    0xFFFF, 0xFFFF, 0xFFFF, 0xFFFF, 0xFFFF, 0xFFFF, 0xFFFF, 0xFFFF, 0x0000, 0x0000, 0x0000, 0x0000, 0x0000, 0x0000, 0xFFFF, 0xFFFF,
    0xFFFF, 0xFFFF, 0xFFFF, 0xFFFF, 0xFFFF, 0xFFFF, 0xFFFF, 0xFFFF, 0xFFFF, 0xFFFF, 0xFFFF, 0xFFFF, 0xFFFF, 0xFFFF, 0xFFFF, 0xFFFF,
    0xFFFF, 0xFFFF, 0xFFFF, 0xFFFF, 0xFFFF, 0xFFFF, 0x0000, 0x0000, 0x0000, 0x0000, 0x0000, 0x0000, 0x0000, 0x0000, 0x0000, 0x0000,
    0x0000, 0x0000, 0xFFFF, 0xFFFF, 0xFFFF, 0xFFFF, 0xFFFF, 0xFFFF, 0xFFFF, 0xFFFF, 0xFFFF, 0xFFFF, 0xFFFF, 0xFFFF, 0xFFFF, 0xFFFF,
    0xFFFF, 0xFFFF, 0xFFFF, 0xFFFF, 0x0000, 0x0000, 0x0000, 0x0000, 0x0000, 0x0000, 0xFFFF, 0xFFFF, 0xFFFF, 0xFFFF, 0xFFFF, 0xFFFF,
    0xFFFF, 0xFFFF, 0xFFFF, 0xFFFF, 0xFFFF, 0xFFFF, 0xFFFF, 0xFFFF, 0xFFFF, 0xFFFF, 0xFFFF, 0xFFFF, 0xFFFF, 0xFFFF, 0xFFFF, 0xFFFF,
    0xFFFF, 0xFFFF, 0xFFFF, 0xFFFF, 0xFFFF, 0xFFFF, 0xFFFF, 0xFFFF, 0xFFFF, 0xFFFF, 0xFFFF, 0xFFFF, 0xFFFF, 0xFE19, 0xFB2E, 0xFB0D,
    0xFB0D, 0xFB0D, 0xFB0D, 0xFB6F, 0xFCD4, 0xFD15, 0xFD15, 0xFD15, 0xFD15, 0xFD15, 0xFD15, 0xFD15, 0xFD15, 0xFD15, 0xFD15, 0xFD15,
    0xFD15, 0xFD15, 0xFC31, 0xFB0D, 0xFB0D, 0xFB0D, 0xCAEF, 0x5AD3, 0x4AB4, 0x4AB4, 0x4AB4, 0x4AB4, 0x4AB4, 0x4AB4, 0x4AB4, 0x4AB4,
    0x4AB4, 0x4AB4, 0x4AB4, 0x4AB4, 0x4AB4, 0x4AB4, 0x4AB4, 0x4AB4, 0x4AB4, 0x4AB4, 0x4AB4, 0x4AB4, 0x4AB4, 0x4AB4, 0x4AB4, 0x4AB4,
    0x4AB4, 0x4AB4, 0x4AB4, 0x4AB4, 0x4AB4, 0x4AB4, 0x4AB4, 0x4AB4, 0x4AB4, 0x4AB4, 0x743B, 0x953F, 0x953F, 0x953F, 0x953F, 0x953F,
    0x953F, 0x953F, 0x953F, 0x953F, 0x953F, 0x953F, 0x953F, 0x953F, 0x953F, 0x953F, 0x953F, 0x953F, 0x953F, 0x953F, 0x953F, 0x953F,
    0x953F, 0x953F, 0x953F, 0xC437, 0xFB0D, 0xFB0D, 0xFB0D, 0xFB0D, 0xFB0D, 0xFB0D, 0xFB0D, 0xFB0D, 0xFB0D, 0xFB0D, 0xFB0D, 0xFB2E,
    0xFCD4, 0xFD15, 0xFD15, 0xFD15, 0xFD15, 0xFD15, 0xFD15, 0xFD15, 0xFD15, 0xFD15, 0xFC31, 0xFB0D, 0xFB0D, 0xFB0D, 0xFB0D, 0xFB0D,
    0xFFFF, 0xFFFF, 0xFFFF, 0xFFFF, 0xFFFF, 0xFFFF, 0xFFFF, 0xFFFF, 0xFFFF, 0xFFFF, 0xFFFF, 0xFFFF, 0xFFFF, 0xFFFF, 0xFFFF, 0xFFFF,
    0xFFFF, 0xFFFF, 0xFFFF, 0xFFFF, 0xFFFF, 0xFFFF, 0xFFFF, 0xFFFF, 0xFFFF, 0xFFFF, 0x0000, 0x0000, 0x0000, 0x0000, 0x0000, 0x0000,
    0x0000, 0x0000, 0x0000, 0x0000, 0x0000, 0x0000, 0x0000, 0x0000, 0x0000, 0x0000, 0x0000, 0x0000, 0x0000, 0x0000, 0x0000, 0x0000,
    0x0000, 0x0000, 0x0000, 0x0000, 0x0000, 0x0000, 0x0000, 0x0000, 0x0000, 0x0000, 0x0000, 0x0000, 0x0000, 0x0000, 0x0000, 0x0000,
    0x0000, 0x0000, 0x0000, 0x0000, 0xFFFF, 0xFFFF, 0xFFFF, 0xFFFF, 0xFFFF, 0xFFFF, 0xFFFF, 0xFFFF, 0xFFFF, 0xFFFF, 0xFFFF, 0xFFFF,
    0x0000, 0x0000, 0x0000, 0x0000, 0x0000, 0x0000, 0xFFFF, 0xFFFF, 0xFFFF, 0xFFFF, 0xFFFF, 0xFFFF, 0xFFFF, 0xFFFF, 0xFFFF, 0xFFFF,
    0xFFFF, 0xFFFF, 0xFFFF, 0xFFFF, 0xFFFF, 0xFFFF, 0xFFFF, 0xFFFF, 0x0000, 0x0000, 0x0000, 0x0000, 0x0000, 0x0000, 0xFFFF, 0xFFFF,
    0xFFFF, 0xFFFF, 0xFFFF, 0xFFFF, 0xFFFF, 0xFFFF, 0xFFFF, 0xFFFF, 0xFFFF, 0xFFFF, 0xFFFF, 0xFFFF, 0xFFFF, 0xFFFF, 0xFFFF, 0xFFFF,
    0xFFFF, 0xFFFF, 0xFFFF, 0xFFFF, 0xFFFF, 0xFFFF, 0x0000, 0x0000, 0x0000, 0x0000, 0x0000, 0x0000, 0x0000, 0x0000, 0x0000, 0x0000,
    0x0000, 0x0000, 0xFFFF, 0xFFFF, 0xFFFF, 0xFFFF, 0xFFFF, 0xFFFF, 0xFFFF, 0xFFFF, 0xFFFF, 0xFFFF, 0xFFFF, 0xFFFF, 0xFFFF, 0xFFFF,
    0xFFFF, 0xFFFF, 0xFFFF, 0xFFFF, 0x0000, 0x0000, 0x0000, 0x0000, 0x0000, 0x0000, 0xFFFF, 0xFFFF, 0xFFFF, 0xFFFF, 0xFFFF, 0xFFFF,
    0xFFFF, 0xFFFF, 0xFFFF, 0xFFFF, 0xFFFF, 0xFFFF, 0xFFFF, 0xFFFF, 0xFFFF, 0xFFFF, 0xFFFF, 0xFFFF, 0xFFFF, 0xFFFF, 0xFFFF, 0xFFFF,
    0xFFFF, 0xFFFF, 0xFFFF, 0xFFFF, 0xFFFF, 0xFFFF, 0xFFFF, 0xFFFF, 0xFFFF, 0xFFFF, 0xFFFF, 0xFFFF, 0xFFFF, 0xFE19, 0xFB2E, 0xFB0D,
    0xFB0D, 0xFB0D, 0xFB0D, 0xFB6F, 0xFCD4, 0xFD15, 0xFD15, 0xFD15, 0xFD15, 0xFD15, 0xFD15, 0xFD15, 0xFD15, 0xFD15, 0xFD15, 0xFD15,
    0xFD15, 0xFD15, 0xFC31, 0xFB0D, 0xFB0D, 0xFB0D, 0xCAEF, 0x5AD3, 0x4AB4, 0x4AB4, 0x4AB4, 0x4AB4, 0x4AB4, 0x4AB4, 0x4AB4, 0x4AB4,
    0x4AB4, 0x4AB4, 0x4AB4, 0x4AB4, 0x4AB4, 0x4AB4, 0x4AB4, 0x4AB4, 0x4AB4, 0x4AB4, 0x4AB4, 0x4AB4, 0x4AB4, 0x4AB4, 0x4AB4, 0x4AB4,
    0x4AB4, 0x4AB4, 0x4AB4, 0x4AB4, 0x4AB4, 0x4AB4, 0x4AB4, 0x4AB4, 0x4AB4, 0x4AB4, 0x743B, 0x953F, 0x953F, 0x953F, 0x953F, 0x953F,
    0x953F, 0x953F, 0x953F, 0x953F, 0x953F, 0x953F, 0x953F, 0x953F, 0x953F, 0x953F, 0x953F, 0x953F, 0x953F, 0x953F, 0x953F, 0x953F,
    0x953F, 0x953F, 0x953F, 0xC437, 0xFB0D, 0xFB0D, 0xFB0D, 0xFB0D, 0xFB0D, 0xFB0D, 0xFB0D, 0xFB0D, 0xFB0D, 0xFB0D, 0xFB0D, 0xFB2E,
    0xFCD4, 0xFD15, 0xFD15, 0xFD15, 0xFD15, 0xFD15, 0xFD15, 0xFD15, 0xFD15, 0xFD15, 0xFC31, 0xFB0D, 0xFB0D, 0xFB0D, 0xFB0D, 0xFB0D,
    0xFFFF, 0xFFFF, 0xFFFF, 0xFFFF, 0xFFFF, 0xFFFF, 0xFFFF, 0xFFFF, 0xFFFF, 0xFFFF, 0xFFFF, 0xFFFF, 0xFFFF, 0xFFFF, 0xFFFF, 0xFFFF,
    0xFFFF, 0xFFFF, 0xFFFF, 0xFFFF, 0x0000, 0x0000, 0x0000, 0x0000, 0x0000, 0x0000, 0xFFFF, 0xFFFF, 0xFFFF, 0xFFFF, 0xFFFF, 0xFFFF,
    0x0000, 0x0000, 0x0000, 0x0000, 0x0000, 0x0000, 0xFFFF, 0xFFFF, 0xFFFF, 0xFFFF, 0xFFFF, 0xFFFF, 0x0000, 0x0000, 0x0000, 0x0000,
    0x0000, 0x0000, 0x0000, 0x0000, 0x0000, 0x0000, 0x0000, 0x0000, 0xFFFF, 0xFFFF, 0xFFFF, 0xFFFF, 0xFFFF, 0xFFFF, 0x0000, 0x0000,
    0x0000, 0x0000, 0x0000, 0x0000, 0x0000, 0x0000, 0x0000, 0x0000, 0x0000, 0x0000, 0xFFFF, 0xFFFF, 0xFFFF, 0xFFFF, 0xFFFF, 0xFFFF,
    0xFFFF, 0xFFFF, 0xFFFF, 0xFFFF, 0xFFFF, 0xFFFF, 0xFFFF, 0xFFFF, 0xFFFF, 0xFFFF, 0xFFFF, 0xFFFF, 0x0000, 0x0000, 0x0000, 0x0000,
    0x0000, 0x0000, 0xFFFF, 0xFFFF, 0xFFFF, 0xFFFF, 0xFFFF, 0xFFFF, 0xFFFF, 0xFFFF, 0xFFFF, 0xFFFF, 0xFFFF, 0xFFFF, 0xFFFF, 0xFFFF,
    0xFFFF, 0xFFFF, 0xFFFF, 0xFFFF, 0x0000, 0x0000, 0x0000, 0x0000, 0x0000, 0x0000, 0xFFFF, 0xFFFF, 0xFFFF, 0xFFFF, 0xFFFF, 0xFFFF,
    0xFFFF, 0xFFFF, 0xFFFF, 0xFFFF, 0xFFFF, 0xFFFF, 0x0000, 0x0000, 0x0000, 0x0000, 0x0000, 0x0000, 0xFFFF, 0xFFFF, 0xFFFF, 0xFFFF,
    0xFFFF, 0xFFFF, 0x0000, 0x0000, 0x0000, 0x0000, 0x0000, 0x0000, 0x0000, 0x0000, 0x0000, 0x0000, 0x0000, 0x0000, 0x0000, 0x0000,
    0x0000, 0x0000, 0x0000, 0x0000, 0xFFFF, 0xFFFF, 0xFFFF, 0xFFFF, 0xFFFF, 0xFFFF, 0xFFFF, 0xFFFF, 0xFFFF, 0xFFFF, 0xFFFF, 0xFFFF,
    0xFFFF, 0xFFFF, 0xFFFF, 0xFFFF, 0xFFFF, 0xFFFF, 0xFFFF, 0xFFFF, 0xFFFF, 0xFFFF, 0xFFFF, 0xFFFF, 0xFFFF, 0xFFFF, 0xFFFF, 0xFFFF,
    0xFFFF, 0xFFFF, 0xFFFF, 0xFFFF, 0xFFFF, 0xFFFF, 0xFFFF, 0xFFFF, 0xFFFF, 0xFFFF, 0xFFFF, 0xFFFF, 0xFFFF, 0xFE19, 0xFB2E, 0xFB0D,
    0xFB0D, 0xFB0D, 0xFB0D, 0xFB6F, 0xFCD4, 0xFD15, 0xFD15, 0xFD15, 0xFD15, 0xFD15, 0xFD15, 0xFD15, 0xFD15, 0xFD15, 0xFD15, 0xFD15,
    0xFD15, 0xFD15, 0xABF4, 0x4AD4, 0x4AB4, 0x4AB4, 0x4AB4, 0x4AB4, 0x4AB4, 0x4AB4, 0x4AB4, 0x4AB4, 0x4AB4, 0x4AB4, 0x4AB4, 0x4AB4,
    0x4AB4, 0x4AB4, 0x4AB4, 0x4AB4, 0x4AB4, 0x4AB4, 0x4AB4, 0x4AB4, 0x4AB4, 0x4AB4, 0x4AB4, 0x4AB4, 0x4AB4, 0x4AB4, 0x4AB4, 0x4AB4,
    0x4AB4, 0x4AB4, 0x4AB4, 0x4AB4, 0x4AB4, 0x4AB4, 0x4AB4, 0x4AB4, 0x4AB4, 0x4AB4, 0x4AB4, 0x4AB4, 0x4AB4, 0x4AB4, 0x6BF9, 0x953F,
    0x953F, 0x953F, 0x953F, 0x953F, 0x953F, 0x953F, 0x953F, 0x953F, 0x953F, 0x953F, 0x953F, 0x953F, 0x953F, 0x953F, 0x953F, 0x953F,
    0x953F, 0xD3F5, 0xFB0D, 0xFB0D, 0xFB0D, 0xFB0D, 0xFB0D, 0xFB0D, 0xFB0D, 0xFB0D, 0xFB0D, 0xFB6F, 0xFCF4, 0xFD15, 0xFD15, 0xFD15,
    0xFD15, 0xFD15, 0xFD15, 0xFD15, 0xFD15, 0xFD15, 0xFD15, 0xFD15, 0xFBF0, 0xFB0D, 0xFB0D, 0xFB0D, 0xFB0D, 0xFB0D, 0xFB0D, 0xFB0D,
    0xFFFF, 0xFFFF, 0xFFFF, 0xFFFF, 0xFFFF, 0xFFFF, 0xFFFF, 0xFFFF, 0xFFFF, 0xFFFF, 0xFFFF, 0xFFFF, 0xFFFF, 0xFFFF, 0xFFFF, 0xFFFF,
    0xFFFF, 0xFFFF, 0xFFFF, 0xFFFF, 0x0000, 0x0000, 0x0000, 0x0000, 0x0000, 0x0000, 0xFFFF, 0xFFFF, 0xFFFF, 0xFFFF, 0xFFFF, 0xFFFF,
    0x0000, 0x0000, 0x0000, 0x0000, 0x0000, 0x0000, 0xFFFF, 0xFFFF, 0xFFFF, 0xFFFF, 0xFFFF, 0xFFFF, 0x0000, 0x0000, 0x0000, 0x0000,
    0x0000, 0x0000, 0x0000, 0x0000, 0x0000, 0x0000, 0x0000, 0x0000, 0xFFFF, 0xFFFF, 0xFFFF, 0xFFFF, 0xFFFF, 0xFFFF, 0x0000, 0x0000,
    0x0000, 0x0000, 0x0000, 0x0000, 0x0000, 0x0000, 0x0000, 0x0000, 0x0000, 0x0000, 0xFFFF, 0xFFFF, 0xFFFF, 0xFFFF, 0xFFFF, 0xFFFF,
    0xFFFF, 0xFFFF, 0xFFFF, 0xFFFF, 0xFFFF, 0xFFFF, 0xFFFF, 0xFFFF, 0xFFFF, 0xFFFF, 0xFFFF, 0xFFFF, 0x0000, 0x0000, 0x0000, 0x0000,
    0x0000, 0x0000, 0xFFFF, 0xFFFF, 0xFFFF, 0xFFFF, 0xFFFF, 0xFFFF, 0xFFFF, 0xFFFF, 0xFFFF, 0xFFFF, 0xFFFF, 0xFFFF, 0xFFFF, 0xFFFF,
    0xFFFF, 0xFFFF, 0xFFFF, 0xFFFF, 0x0000, 0x0000, 0x0000, 0x0000, 0x0000, 0x0000, 0xFFFF, 0xFFFF, 0xFFFF, 0xFFFF, 0xFFFF, 0xFFFF,
    0xFFFF, 0xFFFF, 0xFFFF, 0xFFFF, 0xFFFF, 0xFFFF, 0x0000, 0x0000, 0x0000, 0x0000, 0x0000, 0x0000, 0xFFFF, 0xFFFF, 0xFFFF, 0xFFFF,
    0xFFFF, 0xFFFF, 0x0000, 0x0000, 0x0000, 0x0000, 0x0000, 0x0000, 0x0000, 0x0000, 0x0000, 0x0000, 0x0000, 0x0000, 0x0000, 0x0000,
    0x0000, 0x0000, 0x0000, 0x0000, 0xFFFF, 0xFFFF, 0xFFFF, 0xFFFF, 0xFFFF, 0xFFFF, 0xFFFF, 0xFFFF, 0xFFFF, 0xFFFF, 0xFFFF, 0xFFFF,
    0xFFFF, 0xFFFF, 0xFFFF, 0xFFFF, 0xFFFF, 0xFFFF, 0xFFFF, 0xFFFF, 0xFFFF, 0xFFFF, 0xFFFF, 0xFFFF, 0xFFFF, 0xFFFF, 0xFFFF, 0xFFFF,
    0xFFFF, 0xFFFF, 0xFFFF, 0xFFFF, 0xFFFF, 0xFFFF, 0xFFFF, 0xFFFF, 0xFFFF, 0xFFFF, 0xFFFF, 0xFFFF, 0xFFFF, 0xFE19, 0xFB2E, 0xFB0D,
    0xFB0D, 0xFB0D, 0xFB0D, 0xFB6F, 0xFCD4, 0xFD15, 0xFD15, 0xFD15, 0xFD15, 0xFD15, 0xFD15, 0xFD15, 0xFD15, 0xFD15, 0xFD15, 0xFD15,
    0xFD15, 0xFD15, 0xABF4, 0x4AD4, 0x4AB4, 0x4AB4, 0x4AB4, 0x4AB4, 0x4AB4, 0x4AB4, 0x4AB4, 0x4AB4, 0x4AB4, 0x4AB4, 0x4AB4, 0x4AB4,
    0x4AB4, 0x4AB4, 0x4AB4, 0x4AB4, 0x4AB4, 0x4AB4, 0x4AB4, 0x4AB4, 0x4AB4, 0x4AB4, 0x4AB4, 0x4AB4, 0x4AB4, 0x4AB4, 0x4AB4, 0x4AB4,
    0x4AB4, 0x4AB4, 0x4AB4, 0x4AB4, 0x4AB4, 0x4AB4, 0x4AB4, 0x4AB4, 0x4AB4, 0x4AB4, 0x4AB4, 0x4AB4, 0x4AB4, 0x4AB4, 0x6BF9, 0x953F,
    0x953F, 0x953F, 0x953F, 0x953F, 0x953F, 0x953F, 0x953F, 0x953F, 0x953F, 0x953F, 0x953F, 0x953F, 0x953F, 0x953F, 0x953F, 0x953F,
    0x953F, 0xD3F5, 0xFB0D, 0xFB0D, 0xFB0D, 0xFB0D, 0xFB0D, 0xFB0D, 0xFB0D, 0xFB0D, 0xFB0D, 0xFB6F, 0xFCF4, 0xFD15, 0xFD15, 0xFD15,
    0xFD15, 0xFD15, 0xFD15, 0xFD15, 0xFD15, 0xFD15, 0xFD15, 0xFD15, 0xFBF0, 0xFB0D, 0xFB0D, 0xFB0D, 0xFB0D, 0xFB0D, 0xFB0D, 0xFB0D,
    0xFFFF, 0xFFFF, 0xFFFF, 0xFFFF, 0xFFFF, 0xFFFF, 0xFFFF, 0xFFFF, 0xFFFF, 0xFFFF, 0xFFFF, 0xFFFF, 0xFFFF, 0xFFFF, 0xFFFF, 0xFFFF,
    0xFFFF, 0xFFFF, 0xFFFF, 0xFFFF, 0x0000, 0x0000, 0x0000, 0x0000, 0x0000, 0x0000, 0xFFFF, 0xFFFF, 0xFFFF, 0xFFFF, 0xFFFF, 0xFFFF,
    0x0000, 0x0000, 0x0000, 0x0000, 0x0000, 0x0000, 0xFFFF, 0xFFFF, 0xFFFF, 0xFFFF, 0xFFFF, 0xFFFF, 0x0000, 0x0000, 0x0000, 0x0000,
    0x0000, 0x0000, 0x0000, 0x0000, 0x0000, 0x0000, 0x0000, 0x0000, 0xFFFF, 0xFFFF, 0xFFFF, 0xFFFF, 0xFFFF, 0xFFFF, 0x0000, 0x0000,
    0x0000, 0x0000, 0x0000, 0x0000, 0x0000, 0x0000, 0x0000, 0x0000, 0x0000, 0x0000, 0xFFFF, 0xFFFF, 0xFFFF, 0xFFFF, 0xFFFF, 0xFFFF,
    0xFFFF, 0xFFFF, 0xFFFF, 0xFFFF, 0xFFFF, 0xFFFF, 0xFFFF, 0xFFFF, 0xFFFF, 0xFFFF, 0xFFFF, 0xFFFF, 0x0000, 0x0000, 0x0000, 0x0000,
    0x0000, 0x0000, 0xFFFF, 0xFFFF, 0xFFFF, 0xFFFF, 0xFFFF, 0xFFFF, 0xFFFF, 0xFFFF, 0xFFFF, 0xFFFF, 0xFFFF, 0xFFFF, 0xFFFF, 0xFFFF,
    0xFFFF, 0xFFFF, 0xFFFF, 0xFFFF, 0x0000, 0x0000, 0x0000, 0x0000, 0x0000, 0x0000, 0xFFFF, 0xFFFF, 0xFFFF, 0xFFFF, 0xFFFF, 0xFFFF,
    0xFFFF, 0xFFFF, 0xFFFF, 0xFFFF, 0xFFFF, 0xFFFF, 0x0000, 0x0000, 0x0000, 0x0000, 0x0000, 0x0000, 0xFFFF, 0xFFFF, 0xFFFF, 0xFFFF,
    0xFFFF, 0xFFFF, 0x0000, 0x0000, 0x0000, 0x0000, 0x0000, 0x0000, 0x0000, 0x0000, 0x0000, 0x0000, 0x0000, 0x0000, 0x0000, 0x0000,
    0x0000, 0x0000, 0x0000, 0x0000, 0xFFFF, 0xFFFF, 0xFFFF, 0xFFFF, 0xFFFF, 0xFFFF, 0xFFFF, 0xFFFF, 0xFFFF, 0xFFFF, 0xFFFF, 0xFFFF,
    0xFFFF, 0xFFFF, 0xFFFF, 0xFFFF, 0xFFFF, 0xFFFF, 0xFFFF, 0xFFFF, 0xFFFF, 0xFFFF, 0xFFFF, 0xFFFF, 0xFFFF, 0xFFFF, 0xFFFF, 0xFFFF,
    0xFFFF, 0xFFFF, 0xFFFF, 0xFFFF, 0xFFFF, 0xFFFF, 0xFFFF, 0xFFFF, 0xFFFF, 0xFFFF, 0xFFFF, 0xFFFF, 0xFFFF, 0xFE19, 0xFB2E, 0xFB0D,
    0xFB0D, 0xFB0D, 0xFB0D, 0xFB6F, 0xFCD4, 0xFD15, 0xFD15, 0xFD15, 0xFD15, 0xFD15, 0xFD15, 0xFD15, 0xFD15, 0xFD15, 0xFD15, 0xFD15,
    0xB414, 0x5B14, 0x52F4, 0x4AB4, 0x4AB4, 0x4AB4, 0x4AB4, 0x4AB4, 0x4AB4, 0x4AB4, 0x4AB4, 0x4AB4, 0x4AB4, 0x4AB4, 0x4AB4, 0x94FC,
    0xA57E, 0xA57E, 0xA57E, 0xA57E, 0xA57E, 0xA57E, 0xA57E, 0xA57E, 0xA57E, 0xA57E, 0xA57E, 0xA57E, 0xA57E, 0xA57E, 0xA57E, 0xA57E,
    0xA57E, 0xA57E, 0xA57E, 0x9D3D, 0x5335, 0x4AB4, 0x4AB4, 0x4AB4, 0x4AB4, 0x4AB4, 0x4AB4, 0x4AB4, 0x4AB4, 0x4AB4, 0x4AD4, 0x5315,
    0x5315, 0x5315, 0x5315, 0x5315, 0x6398, 0x8D1E, 0x953F, 0x953F, 0x953F, 0x953F, 0x953F, 0x953F, 0x953F, 0xE3B2, 0xF34F, 0xF34F,
    0xF34F, 0xF32F, 0xFB0D, 0xFB0D, 0xFB0D, 0xFB0D, 0xFB0D, 0xFBB0, 0xFCD3, 0xFCD4, 0xFCD4, 0xFCD4, 0xFD15, 0xFD15, 0xFD15, 0xFD15,
    0xFD15, 0xFD15, 0xFD15, 0xFD15, 0xFD15, 0xFD15, 0xFD15, 0xFD15, 0xFBF0, 0xFB0D, 0xFB0D, 0xFB0D, 0xFB0D, 0xFB0D, 0xFC31, 0xFF3C,
    0xFFFF, 0xFFFF, 0xFFFF, 0xFFFF, 0xFFFF, 0xFFFF, 0xFFFF, 0xFFFF, 0xFFFF, 0xFFFF, 0xFFFF, 0xFFFF, 0xFFFF, 0xFFFF, 0xFFFF, 0xFFFF,
    0xFFFF, 0xFFFF, 0xFFFF, 0xFFFF, 0x0000, 0x0000, 0x0000, 0x0000, 0x0000, 0x0000, 0xFFFF, 0xFFFF, 0xFFFF, 0xFFFF, 0xFFFF, 0xFFFF,
    0x0000, 0x0000, 0x0000, 0x0000, 0x0000, 0x0000, 0xFFFF, 0xFFFF, 0xFFFF, 0xFFFF, 0xFFFF, 0xFFFF, 0x0000, 0x0000, 0x0000, 0x0000,
    0x0000, 0x0000, 0x0000, 0x0000, 0x0000, 0x0000, 0x0000, 0x0000, 0xFFFF, 0xFFFF, 0xFFFF, 0xFFFF, 0xFFFF, 0xFFFF, 0x0000, 0x0000,
    0x0000, 0x0000, 0x0000, 0x0000, 0x0000, 0x0000, 0x0000, 0x0000, 0x0000, 0x0000, 0xFFFF, 0xFFFF, 0xFFFF, 0xFFFF, 0xFFFF, 0xFFFF,
    0xFFFF, 0xFFFF, 0xFFFF, 0xFFFF, 0xFFFF, 0xFFFF, 0xFFFF, 0xFFFF, 0xFFFF, 0xFFFF, 0xFFFF, 0xFFFF, 0x0000, 0x0000, 0x0000, 0x0000,
    0x0000, 0x0000, 0xFFFF, 0xFFFF, 0xFFFF, 0xFFFF, 0xFFFF, 0xFFFF, 0xFFFF, 0xFFFF, 0xFFFF, 0xFFFF, 0xFFFF, 0xFFFF, 0xFFFF, 0xFFFF,
    0xFFFF, 0xFFFF, 0xFFFF, 0xFFFF, 0x0000, 0x0000, 0x0000, 0x0000, 0x0000, 0x0000, 0xFFFF, 0xFFFF, 0xFFFF, 0xFFFF, 0xFFFF, 0xFFFF,
    0xFFFF, 0xFFFF, 0xFFFF, 0xFFFF, 0xFFFF, 0xFFFF, 0x0000, 0x0000, 0x0000, 0x0000, 0x0000, 0x0000, 0xFFFF, 0xFFFF, 0xFFFF, 0xFFFF,
    0xFFFF, 0xFFFF, 0x0000, 0x0000, 0x0000, 0x0000, 0x0000, 0x0000, 0x0000, 0x0000, 0x0000, 0x0000, 0x0000, 0x0000, 0x0000, 0x0000,
    0x0000, 0x0000, 0x0000, 0x0000, 0xFFFF, 0xFFFF, 0xFFFF, 0xFFFF, 0xFFFF, 0xFFFF, 0xFFFF, 0xFFFF, 0xFFFF, 0xFFFF, 0xFFFF, 0xFFFF,
    0xFFFF, 0xFFFF, 0xFFFF, 0xFFFF, 0xFFFF, 0xFFFF, 0xFFFF, 0xFFFF, 0xFFFF, 0xFFFF, 0xFFFF, 0xFFFF, 0xFFFF, 0xFFFF, 0xFFFF, 0xFFFF,
    0xFFFF, 0xFFFF, 0xFFFF, 0xFFFF, 0xFFFF, 0xFFFF, 0xFFFF, 0xFFFF, 0xFFFF, 0xFFFF, 0xFFFF, 0xFFFF, 0xFFFF, 0xFE19, 0xFB2E, 0xFB0D,
    0xFB0D, 0xFB0D, 0xFB0D, 0xFB6F, 0xFCD4, 0xFD15, 0xFD15, 0xFD15, 0xFD15, 0xFD15, 0xFD15, 0xFD15, 0xFD15, 0xFD15, 0xFD15, 0xFD15,
    0xABF4, 0x4AB4, 0x4AB4, 0x4AB4, 0x4AB4, 0x4AB4, 0x4AB4, 0x4AB4, 0x4AB4, 0x4AB4, 0x4AB4, 0x4AB4, 0x4AB4, 0x4AB4, 0x4AB4, 0x9D5D,
    0xADFF, 0xADFF, 0xADFF, 0xADFF, 0xADFF, 0xADFF, 0xADFF, 0xADFF, 0xADFF, 0xADFF, 0xADFF, 0xADFF, 0xADFF, 0xADFF, 0xADFF, 0xADFF,
    0xADFF, 0xADFF, 0xADFF, 0xA59E, 0x5B35, 0x4AB4, 0x4AB4, 0x4AB4, 0x4AB4, 0x4AB4, 0x4AB4, 0x4AB4, 0x4AB4, 0x4AB4, 0x4AB4, 0x4AB4,
    0x4AB4, 0x4AB4, 0x4AB4, 0x4AB4, 0x5B77, 0x8CFE, 0x953F, 0x953F, 0x953F, 0x953F, 0x953F, 0x953F, 0x953F, 0xEB71, 0xFB0D, 0xFB0D,
    0xFB0D, 0xFB0D, 0xFB0D, 0xFB0D, 0xFB0D, 0xFB0D, 0xFB0D, 0xFBD0, 0xFCF4, 0xFD15, 0xFD15, 0xFD15, 0xFD15, 0xFD15, 0xFD15, 0xFD15,
    0xFD15, 0xFD15, 0xFD15, 0xFD15, 0xFD15, 0xFD15, 0xFD15, 0xFD15, 0xFBF0, 0xFB0D, 0xFB0D, 0xFB0D, 0xFB0D, 0xFB0D, 0xFC72, 0xFFBE,
    0xFFFF, 0xFFFF, 0xFFFF, 0xFFFF, 0xFFFF, 0xFFFF, 0xFFFF, 0xFFFF, 0xFFFF, 0xFFFF, 0xFFFF, 0xFFFF, 0xFFFF, 0xFFFF, 0xFFFF, 0xFFFF,
    0xFFFF, 0xFFFF, 0xFFFF, 0xFFFF, 0x0000, 0x0000, 0x0000, 0x0000, 0x0000, 0x0000, 0xFFFF, 0xFFFF, 0xFFFF, 0xFFFF, 0xFFFF, 0xFFFF,
    0x0000, 0x0000, 0x0000, 0x0000, 0x0000, 0x0000, 0xFFFF, 0xFFFF, 0xFFFF, 0xFFFF, 0xFFFF, 0xFFFF, 0x0000, 0x0000, 0x0000, 0x0000,
    0x0000, 0x0000, 0x0000, 0x0000, 0x0000, 0x0000, 0x0000, 0x0000, 0xFFFF, 0xFFFF, 0xFFFF, 0xFFFF, 0xFFFF, 0xFFFF, 0x0000, 0x0000,
    0x0000, 0x0000, 0x0000, 0x0000, 0x0000, 0x0000, 0x0000, 0x0000, 0x0000, 0x0000, 0xFFFF, 0xFFFF, 0xFFFF, 0xFFFF, 0xFFFF, 0xFFFF,
    0xFFFF, 0xFFFF, 0xFFFF, 0xFFFF, 0xFFFF, 0xFFFF, 0xFFFF, 0xFFFF, 0xFFFF, 0xFFFF, 0xFFFF, 0xFFFF, 0x0000, 0x0000, 0x0000, 0x0000,
    0x0000, 0x0000, 0xFFFF, 0xFFFF, 0xFFFF, 0xFFFF, 0xFFFF, 0xFFFF, 0xFFFF, 0xFFFF, 0xFFFF, 0xFFFF, 0xFFFF, 0xFFFF, 0xFFFF, 0xFFFF,
    0xFFFF, 0xFFFF, 0xFFFF, 0xFFFF, 0x0000, 0x0000, 0x0000, 0x0000, 0x0000, 0x0000, 0xFFFF, 0xFFFF, 0xFFFF, 0xFFFF, 0xFFFF, 0xFFFF,
    0xFFFF, 0xFFFF, 0xFFFF, 0xFFFF, 0xFFFF, 0xFFFF, 0x0000, 0x0000, 0x0000, 0x0000, 0x0000, 0x0000, 0xFFFF, 0xFFFF, 0xFFFF, 0xFFFF,
    0xFFFF, 0xFFFF, 0x0000, 0x0000, 0x0000, 0x0000, 0x0000, 0x0000, 0x0000, 0x0000, 0x0000, 0x0000, 0x0000, 0x0000, 0x0000, 0x0000,
    0x0000, 0x0000, 0x0000, 0x0000, 0xFFFF, 0xFFFF, 0xFFFF, 0xFFFF, 0xFFFF, 0xFFFF, 0xFFFF, 0xFFFF, 0xFFFF, 0xFFFF, 0xFFFF, 0xFFFF,
    0xFFFF, 0xFFFF, 0xFFFF, 0xFFFF, 0xFFFF, 0xFFFF, 0xFFFF, 0xFFFF, 0xFFFF, 0xFFFF, 0xFFFF, 0xFFFF, 0xFFFF, 0xFFFF, 0xFFFF, 0xFFFF,
    0xFFFF, 0xFFFF, 0xFFFF, 0xFFFF, 0xFFFF, 0xFFFF, 0xFFFF, 0xFFFF, 0xFFFF, 0xFFFF, 0xFFFF, 0xFFFF, 0xFFFF, 0xFE19, 0xFB2E, 0xFB0D,
    0xFB0D, 0xFB0D, 0xFB0D, 0xFB6F, 0xFCD4, 0xFD15, 0xFD15, 0xFD15, 0xFD15, 0xFD15, 0xFD15, 0xFD15, 0xFD15, 0xFD15, 0xA3D4, 0x5B14,
    0x52F4, 0x4AB4, 0x4AB4, 0x4AB4, 0x4AB4, 0x4AB4, 0x4AB4, 0x4AB4, 0x4AB4, 0x4AB4, 0x4AB4, 0x4AB4, 0x5315, 0x951C, 0xA57E, 0xADDF,
    0xADFF, 0xADFF, 0xADFF, 0xADFF, 0xADFF, 0xADFF, 0xADFF, 0xADFF, 0xADFF, 0xADFF, 0xADFF, 0xADFF, 0xADFF, 0xADFF, 0xADFF, 0xADFF,
    0xADFF, 0xADFF, 0xADFF, 0xADFF, 0xA59E, 0xA57E, 0xA57E, 0xA57E, 0xA57E, 0xA57E, 0x6BD7, 0x4AB4, 0x4AB4, 0x4AB4, 0x4AB4, 0x4AB4,
    0x4AB4, 0x4AB4, 0x4AB4, 0x4AB4, 0x4AD4, 0x52F5, 0x5315, 0x5315, 0x6314, 0xD350, 0xF34F, 0xF34F, 0xF34F, 0xFB0E, 0xFB0D, 0xFB0D,
    0xFB0D, 0xFB0D, 0xFB0D, 0xFB0D, 0xFB0D, 0xFBB0, 0xFCD4, 0xFCF4, 0xFD15, 0xFD15, 0xFD15, 0xFD15, 0xFD15, 0xFD15, 0xFD15, 0xFD15,
    0xFD15, 0xFD15, 0xFD15, 0xFD15, 0xFD15, 0xFD15, 0xFD15, 0xFD15, 0xFBF0, 0xFB0D, 0xFB0D, 0xFB0D, 0xFB0D, 0xFB0D, 0xFC72, 0xFFBE,
    0xFFFF, 0xFFFF, 0xFFFF, 0xFFFF, 0xFFFF, 0xFFFF, 0xFFFF, 0xFFFF, 0xFFFF, 0xFFFF, 0xFFFF, 0xFFFF, 0xFFFF, 0xFFFF, 0xFFFF, 0xFFFF,
    0xFFFF, 0xFFFF, 0xFFFF, 0xFFFF, 0x0000, 0x0000, 0x0000, 0x0000, 0x0000, 0x0000, 0xFFFF, 0xFFFF, 0xFFFF, 0xFFFF, 0xFFFF, 0xFFFF,
    0x0000, 0x0000, 0x0000, 0x0000, 0x0000, 0x0000, 0xFFFF, 0xFFFF, 0xFFFF, 0xFFFF, 0xFFFF, 0xFFFF, 0x0000, 0x0000, 0x0000, 0x0000,
    0x0000, 0x0000, 0x0000, 0x0000, 0x0000, 0x0000, 0x0000, 0x0000, 0xFFFF, 0xFFFF, 0xFFFF, 0xFFFF, 0xFFFF, 0xFFFF, 0x0000, 0x0000,
    0x0000, 0x0000, 0x0000, 0x0000, 0x0000, 0x0000, 0x0000, 0x0000, 0x0000, 0x0000, 0xFFFF, 0xFFFF, 0xFFFF, 0xFFFF, 0xFFFF, 0xFFFF,
    0xFFFF, 0xFFFF, 0xFFFF, 0xFFFF, 0xFFFF, 0xFFFF, 0xFFFF, 0xFFFF, 0xFFFF, 0xFFFF, 0xFFFF, 0xFFFF, 0x0000, 0x0000, 0x0000, 0x0000,
    0x0000, 0x0000, 0xFFFF, 0xFFFF, 0xFFFF, 0xFFFF, 0xFFFF, 0xFFFF, 0xFFFF, 0xFFFF, 0xFFFF, 0xFFFF, 0xFFFF, 0xFFFF, 0xFFFF, 0xFFFF,
    0xFFFF, 0xFFFF, 0xFFFF, 0xFFFF, 0x0000, 0x0000, 0x0000, 0x0000, 0x0000, 0x0000, 0xFFFF, 0xFFFF, 0xFFFF, 0xFFFF, 0xFFFF, 0xFFFF,
    0xFFFF, 0xFFFF, 0xFFFF, 0xFFFF, 0xFFFF, 0xFFFF, 0x0000, 0x0000, 0x0000, 0x0000, 0x0000, 0x0000, 0xFFFF, 0xFFFF, 0xFFFF, 0xFFFF,
    0xFFFF, 0xFFFF, 0x0000, 0x0000, 0x0000, 0x0000, 0x0000, 0x0000, 0x0000, 0x0000, 0x0000, 0x0000, 0x0000, 0x0000, 0x0000, 0x0000,
    0x0000, 0x0000, 0x0000, 0x0000, 0xFFFF, 0xFFFF, 0xFFFF, 0xFFFF, 0xFFFF, 0xFFFF, 0xFFFF, 0xFFFF, 0xFFFF, 0xFFFF, 0xFFFF, 0xFFFF,
    0xFFFF, 0xFFFF, 0xFFFF, 0xFFFF, 0xFFFF, 0xFFFF, 0xFFFF, 0xFFFF, 0xFFFF, 0xFFFF, 0xFFFF, 0xFFFF, 0xFFFF, 0xFFFF, 0xFFFF, 0xFFFF,
    0xFFFF, 0xFFFF, 0xFFFF, 0xFFFF, 0xFFFF, 0xFFFF, 0xFFFF, 0xFFFF, 0xFFFF, 0xFFFF, 0xFFFF, 0xFFFF, 0xFFFF, 0xFE19, 0xFB2E, 0xFB0D,
    0xFB0D, 0xFB0D, 0xFB0D, 0xFB6F, 0xFCD4, 0xFD15, 0xFD15, 0xFD15, 0xFD15, 0xFD15, 0xFD15, 0xFD15, 0xFD15, 0xFD15, 0x9BD4, 0x4AB4,
    0x4AB4, 0x4AB4, 0x4AB4, 0x4AB4, 0x4AB4, 0x4AB4, 0x4AB4, 0x4AB4, 0x4AB4, 0x4AB4, 0x4AB4, 0x4AB4, 0x5315, 0x9D7E, 0xADFF, 0xADFF,
    0xADFF, 0xADFF, 0xADFF, 0xADFF, 0xADFF, 0xADFF, 0xADFF, 0xADFF, 0xADFF, 0xADFF, 0xADFF, 0xADFF, 0xADFF, 0xADFF, 0xADFF, 0xADFF,
    0xADFF, 0xADFF, 0xADFF, 0xADFF, 0xADFF, 0xADFF, 0xADFF, 0xADFF, 0xADFF, 0xADFF, 0x7418, 0x4AB4, 0x4AB4, 0x4AB4, 0x4AB4, 0x4AB4,
    0x4AB4, 0x4AB4, 0x4AB4, 0x4AB4, 0x4AB4, 0x4AB4, 0x4AB4, 0x4AB4, 0x5AD3, 0xE30E, 0xFB0D, 0xFB0D, 0xFB0D, 0xFB0D, 0xFB0D, 0xFB0D,
    0xFB0D, 0xFB0D, 0xFB0D, 0xFB0D, 0xFB0D, 0xFBD0, 0xFD15, 0xFD15, 0xFD15, 0xFD15, 0xFD15, 0xFD15, 0xFD15, 0xFD15, 0xFD15, 0xFD15,
    0xFD15, 0xFD15, 0xFD15, 0xFD15, 0xFD15, 0xFD15, 0xFD15, 0xFD15, 0xFBF0, 0xFB0D, 0xFB0D, 0xFB0D, 0xFB0D, 0xFB0D, 0xFC72, 0xFFBE,
    0xFFFF, 0xFFFF, 0xFFFF, 0xFFFF, 0xFFFF, 0xFFFF, 0xFFFF, 0xFFFF, 0xFFFF, 0xFFFF, 0xFFFF, 0xFFFF, 0xFFFF, 0xFFFF, 0xFFFF, 0xFFFF,
    0xFFFF, 0xFFFF, 0xFFFF, 0xFFFF, 0xFFFF, 0xFFFF, 0xFFFF, 0xFFFF, 0xFFFF, 0xFFFF, 0xFFFF, 0xFFFF, 0xFFFF, 0xFFFF, 0xFFFF, 0xFFFF,
    0x0000, 0x0000, 0x0000, 0x0000, 0x0000, 0x0000, 0xFFFF, 0xFFFF, 0xFFFF, 0xFFFF, 0xFFFF, 0xFFFF, 0xFFFF, 0xFFFF, 0xFFFF, 0xFFFF,
    0xFFFF, 0xFFFF, 0xFFFF, 0xFFFF, 0xFFFF, 0xFFFF, 0xFFFF, 0xFFFF, 0x0000, 0x0000, 0x0000, 0x0000, 0x0000, 0x0000, 0xFFFF, 0xFFFF,
    0xFFFF, 0xFFFF, 0xFFFF, 0xFFFF, 0x0000, 0x0000, 0x0000, 0x0000, 0x0000, 0x0000, 0x0000, 0x0000, 0x0000, 0x0000, 0x0000, 0x0000,
    0x0000, 0x0000, 0x0000, 0x0000, 0x0000, 0x0000, 0x0000, 0x0000, 0x0000, 0x0000, 0x0000, 0x0000, 0x0000, 0x0000, 0x0000, 0x0000,
    0x0000, 0x0000, 0xFFFF, 0xFFFF, 0xFFFF, 0xFFFF, 0xFFFF, 0xFFFF, 0xFFFF, 0xFFFF, 0xFFFF, 0xFFFF, 0xFFFF, 0xFFFF, 0x0000, 0x0000,
    0x0000, 0x0000, 0x0000, 0x0000, 0x0000, 0x0000, 0x0000, 0x0000, 0x0000, 0x0000, 0xFFFF, 0xFFFF, 0xFFFF, 0xFFFF, 0xFFFF, 0xFFFF,
    0x0000, 0x0000, 0x0000, 0x0000, 0x0000, 0x0000, 0x0000, 0x0000, 0x0000, 0x0000, 0x0000, 0x0000, 0xFFFF, 0xFFFF, 0xFFFF, 0xFFFF,
    0xFFFF, 0xFFFF, 0xFFFF, 0xFFFF, 0xFFFF, 0xFFFF, 0xFFFF, 0xFFFF, 0xFFFF, 0xFFFF, 0xFFFF, 0xFFFF, 0xFFFF, 0xFFFF, 0x0000, 0x0000,
    0x0000, 0x0000, 0x0000, 0x0000, 0x0000, 0x0000, 0x0000, 0x0000, 0x0000, 0x0000, 0xFFFF, 0xFFFF, 0xFFFF, 0xFFFF, 0xFFFF, 0xFFFF,
    0xFFFF, 0xFFFF, 0xFFFF, 0xFFFF, 0xFFFF, 0xFFFF, 0xFFFF, 0xFFFF, 0xFFFF, 0xFFFF, 0xFFFF, 0xFFFF, 0xFFFF, 0xFFFF, 0xFFFF, 0xFFFF,
    0xFFFF, 0xFFFF, 0xFFFF, 0xFFFF, 0xFFFF, 0xFFFF, 0xFFFF, 0xFFFF, 0xFFFF, 0xFFFF, 0xFFFF, 0xFFFF, 0xFFFF, 0xFE19, 0xFB2E, 0xFB0D,
    0xFB0D, 0xFB0D, 0xFB0D, 0xFB6F, 0xFCD4, 0xFD15, 0xFD15, 0xFD15, 0xFD15, 0xFD15, 0xFD15, 0xFD15, 0xFD15, 0xFD15, 0x9BD4, 0x4AB4,
    0x4AB4, 0x4AB4, 0x4AB4, 0x4AB4, 0x4AB4, 0x4AB4, 0x4AB4, 0x4AB4, 0x4AB4, 0x4AB4, 0x5335, 0x8CDB, 0x9D3D, 0xADDF, 0xADFF, 0xADFF,
    0xADFF, 0xADFF, 0xADFF, 0xADFF, 0xADFF, 0xADFF, 0xADFF, 0xADFF, 0xADFF, 0xADFF, 0xADFF, 0xADFF, 0xADFF, 0xADFF, 0xADFF, 0xADFF,
    0xADFF, 0xADFF, 0xADFF, 0xADFF, 0xADFF, 0xADFF, 0xADFF, 0xADFF, 0xADFF, 0xADFF, 0x9D7E, 0x951C, 0x951C, 0x951C, 0x7419, 0x4AD4,
    0x4AB4, 0x4AB4, 0x4AB4, 0x4AB4, 0x4AB4, 0x4AB4, 0x4AB4, 0x4AB4, 0x52D3, 0x72D2, 0x72D2, 0x72D2, 0x72D2, 0x72D2, 0x72D2, 0xCAEF,
    0xFB0D, 0xFB0D, 0xFB0D, 0xFBB0, 0xFC93, 0xFCD4, 0xFD15, 0xFD15, 0xFD15, 0xFD15, 0xFD15, 0xFD15, 0xFD15, 0xFD15, 0xFD15, 0xFD15,
    0xFD15, 0xFD15, 0xFD15, 0xFD15, 0xFD15, 0xFD15, 0xFD15, 0xFD15, 0xFBF0, 0xFB0D, 0xFB0D, 0xFB0D, 0xFB0D, 0xFB0D, 0xFC72, 0xFFBE,
    0xFFFF, 0xFFFF, 0xFFFF, 0xFFFF, 0xFFFF, 0xFFFF, 0xFFFF, 0xFFFF, 0xFFFF, 0xFFFF, 0xFFFF, 0xFFFF, 0xFFFF, 0xFFFF, 0xFFFF, 0xFFFF,
    0xFFFF, 0xFFFF, 0xFFFF, 0xFFFF, 0xFFFF, 0xFFFF, 0xFFFF, 0xFFFF, 0xFFFF, 0xFFFF, 0xFFFF, 0xFFFF, 0xFFFF, 0xFFFF, 0xFFFF, 0xFFFF,
    0x0000, 0x0000, 0x0000, 0x0000, 0x0000, 0x0000, 0xFFFF, 0xFFFF, 0xFFFF, 0xFFFF, 0xFFFF, 0xFFFF, 0xFFFF, 0xFFFF, 0xFFFF, 0xFFFF,
    0xFFFF, 0xFFFF, 0xFFFF, 0xFFFF, 0xFFFF, 0xFFFF, 0xFFFF, 0xFFFF, 0x0000, 0x0000, 0x0000, 0x0000, 0x0000, 0x0000, 0xFFFF, 0xFFFF,
    0xFFFF, 0xFFFF, 0xFFFF, 0xFFFF, 0x0000, 0x0000, 0x0000, 0x0000, 0x0000, 0x0000, 0x0000, 0x0000, 0x0000, 0x0000, 0x0000, 0x0000,
    0x0000, 0x0000, 0x0000, 0x0000, 0x0000, 0x0000, 0x0000, 0x0000, 0x0000, 0x0000, 0x0000, 0x0000, 0x0000, 0x0000, 0x0000, 0x0000,
    0x0000, 0x0000, 0xFFFF, 0xFFFF, 0xFFFF, 0xFFFF, 0xFFFF, 0xFFFF, 0xFFFF, 0xFFFF, 0xFFFF, 0xFFFF, 0xFFFF, 0xFFFF, 0x0000, 0x0000,
    0x0000, 0x0000, 0x0000, 0x0000, 0x0000, 0x0000, 0x0000, 0x0000, 0x0000, 0x0000, 0xFFFF, 0xFFFF, 0xFFFF, 0xFFFF, 0xFFFF, 0xFFFF,
    0x0000, 0x0000, 0x0000, 0x0000, 0x0000, 0x0000, 0x0000, 0x0000, 0x0000, 0x0000, 0x0000, 0x0000, 0xFFFF, 0xFFFF, 0xFFFF, 0xFFFF,
    0xFFFF, 0xFFFF, 0xFFFF, 0xFFFF, 0xFFFF, 0xFFFF, 0xFFFF, 0xFFFF, 0xFFFF, 0xFFFF, 0xFFFF, 0xFFFF, 0xFFFF, 0xFFFF, 0x0000, 0x0000,
    0x0000, 0x0000, 0x0000, 0x0000, 0x0000, 0x0000, 0x0000, 0x0000, 0x0000, 0x0000, 0xFFFF, 0xFFFF, 0xFFFF, 0xFFFF, 0xFFFF, 0xFFFF,
    0xFFFF, 0xFFFF, 0xFFFF, 0xFFFF, 0xFFFF, 0xFFFF, 0xFFFF, 0xFFFF, 0xFFFF, 0xFFFF, 0xFFFF, 0xFFFF, 0xFFFF, 0xFFFF, 0xFFFF, 0xFFFF,
    0xFFFF, 0xFFFF, 0xFFFF, 0xFFFF, 0xFFFF, 0xFFFF, 0xFFFF, 0xFFFF, 0xFFFF, 0xFFFF, 0xFFFF, 0xFFFF, 0xFFFF, 0xFE19, 0xFB2E, 0xFB0D,
    0xFB0D, 0xFB0D, 0xFB0D, 0xFB6F, 0xFCD4, 0xFD15, 0xFD15, 0xFD15, 0xFD15, 0xFD15, 0xFD15, 0xFD15, 0xFD15, 0xFD15, 0x9BD4, 0x4AB4,
    0x4AB4, 0x4AB4, 0x4AB4, 0x4AB4, 0x4AB4, 0x4AB4, 0x4AB4, 0x4AB4, 0x4AB4, 0x4AB4, 0x5B56, 0xA57E, 0xADFF, 0xADFF, 0xADFF, 0xADFF,
    0xADFF, 0xADFF, 0xADFF, 0xADFF, 0xADFF, 0xADFF, 0xADFF, 0xADFF, 0xADFF, 0xADFF, 0xADFF, 0xADFF, 0xADFF, 0xADFF, 0xADFF, 0xADFF,
    0xADFF, 0xADFF, 0xADFF, 0xADFF, 0xADFF, 0xADFF, 0xADFF, 0xADFF, 0xADFF, 0xADFF, 0xADFF, 0xADFF, 0xADFF, 0xADFF, 0x7C7A, 0x4AD4,
    0x4AB4, 0x4AB4, 0x4AB4, 0x4AB4, 0x4AB4, 0x4AB4, 0x4AB4, 0x4AB4, 0x4AB4, 0x4AB4, 0x4AB4, 0x4AB4, 0x4AB4, 0x4AB4, 0x4AB4, 0xC2EF,
    0xFB0D, 0xFB0D, 0xFB0D, 0xFC11, 0xFD15, 0xFD15, 0xFD15, 0xFD15, 0xFD15, 0xFD15, 0xFD15, 0xFD15, 0xFD15, 0xFD15, 0xFD15, 0xFD15,
    0xFD15, 0xFD15, 0xFD15, 0xFD15, 0xFD15, 0xFD15, 0xFD15, 0xFD15, 0xFBF0, 0xFB0D, 0xFB0D, 0xFB0D, 0xFB0D, 0xFB0D, 0xFC72, 0xFFBE,
    0xFFFF, 0xFFFF, 0xFFFF, 0xFFFF, 0xFFFF, 0xFFFF, 0xFFFF, 0xFFFF, 0xFFFF, 0xFFFF, 0xFFFF, 0xFFFF, 0xFFFF, 0xFFFF, 0xFFFF, 0xFFFF,
    0xFFFF, 0xFFFF, 0xFFFF, 0xFFFF, 0xFFFF, 0xFFFF, 0xFFFF, 0xFFFF, 0xFFFF, 0xFFFF, 0xFFFF, 0xFFFF, 0xFFFF, 0xFFFF, 0xFFFF, 0xFFFF,
    0x0000, 0x0000, 0x0000, 0x0000, 0x0000, 0x0000, 0xFFFF, 0xFFFF, 0xFFFF, 0xFFFF, 0xFFFF, 0xFFFF, 0xFFFF, 0xFFFF, 0xFFFF, 0xFFFF,
    0xFFFF, 0xFFFF, 0xFFFF, 0xFFFF, 0xFFFF, 0xFFFF, 0xFFFF, 0xFFFF, 0x0000, 0x0000, 0x0000, 0x0000, 0x0000, 0x0000, 0xFFFF, 0xFFFF,
    0xFFFF, 0xFFFF, 0xFFFF, 0xFFFF, 0x0000, 0x0000, 0x0000, 0x0000, 0x0000, 0x0000, 0x0000, 0x0000, 0x0000, 0x0000, 0x0000, 0x0000,
    0x0000, 0x0000, 0x0000, 0x0000, 0x0000, 0x0000, 0x0000, 0x0000, 0x0000, 0x0000, 0x0000, 0x0000, 0x0000, 0x0000, 0x0000, 0x0000,
    0x0000, 0x0000, 0xFFFF, 0xFFFF, 0xFFFF, 0xFFFF, 0xFFFF, 0xFFFF, 0xFFFF, 0xFFFF, 0xFFFF, 0xFFFF, 0xFFFF, 0xFFFF, 0x0000, 0x0000,
    0x0000, 0x0000, 0x0000, 0x0000, 0x0000, 0x0000, 0x0000, 0x0000, 0x0000, 0x0000, 0xFFFF, 0xFFFF, 0xFFFF, 0xFFFF, 0xFFFF, 0xFFFF,
    0x0000, 0x0000, 0x0000, 0x0000, 0x0000, 0x0000, 0x0000, 0x0000, 0x0000, 0x0000, 0x0000, 0x0000, 0xFFFF, 0xFFFF, 0xFFFF, 0xFFFF,
    0xFFFF, 0xFFFF, 0xFFFF, 0xFFFF, 0xFFFF, 0xFFFF, 0xFFFF, 0xFFFF, 0xFFFF, 0xFFFF, 0xFFFF, 0xFFFF, 0xFFFF, 0xFFFF, 0x0000, 0x0000,
    0x0000, 0x0000, 0x0000, 0x0000, 0x0000, 0x0000, 0x0000, 0x0000, 0x0000, 0x0000, 0xFFFF, 0xFFFF, 0xFFFF, 0xFFFF, 0xFFFF, 0xFFFF,
    0xFFFF, 0xFFFF, 0xFFFF, 0xFFFF, 0xFFFF, 0xFFFF, 0xFFFF, 0xFFFF, 0xFFFF, 0xFFFF, 0xFFFF, 0xFFFF, 0xFFFF, 0xFFFF, 0xFFFF, 0xFFFF,
    0xFFFF, 0xFFFF, 0xFFFF, 0xFFFF, 0xFFFF, 0xFFFF, 0xFFFF, 0xFFFF, 0xFFFF, 0xFFFF, 0xFFFF, 0xFFFF, 0xFFFF, 0xFE19, 0xFB2E, 0xFB0D,
    0xFB0D, 0xFB0D, 0xFB0D, 0xFB6F, 0xFCD4, 0xFD15, 0xFD15, 0xFD15, 0xFD15, 0xFD15, 0xFD15, 0xFD15, 0xAC14, 0x8B94, 0x6B34, 0x4AB4,
    0x4AB4, 0x4AB4, 0x4AB4, 0x4AB4, 0x4AB4, 0x4AB4, 0x4AB4, 0x4AB4, 0x5335, 0x849A, 0x8CDC, 0xADBF, 0xADFF, 0xADFF, 0xADFF, 0xADFF,
    0xADFF, 0xADFF, 0xADFF, 0xADFF, 0xADFF, 0xADFF, 0xADFF, 0xADFF, 0xADFF, 0xADFF, 0xADFF, 0xADFF, 0xADFF, 0xADFF, 0xADFF, 0xADFF,
    0xADFF, 0xADFF, 0xADFF, 0xADFF, 0xADFF, 0xADFF, 0xADFF, 0xADFF, 0xADFF, 0xADFF, 0xADFF, 0xADFF, 0xADFF, 0xADFF, 0x9D5D, 0x8CDB,
    0x8CBB, 0x8CBB, 0x7419, 0x4AD4, 0x4AB4, 0x4AB4, 0x4AB4, 0x4AB4, 0x4AB4, 0x4AB4, 0x4AB4, 0x4AB4, 0x4AB4, 0x4AB4, 0x4AB4, 0x72D2,
    0x8AD1, 0xD3B2, 0xFC52, 0xFCB3, 0xFD15, 0xFD15, 0xFD15, 0xFD15, 0xFD15, 0xFD15, 0xFD15, 0xFD15, 0xFD15, 0xFD15, 0xFD15, 0xFD15,
    0xFD15, 0xFD15, 0xFD15, 0xFD15, 0xFD15, 0xFD15, 0xFC52, 0xFBD0, 0xFB6F, 0xFB0D, 0xFB0D, 0xFB0D, 0xFC31, 0xFE18, 0xFE9A, 0xFFDF,
    0xFFFF, 0xFFFF, 0xFFFF, 0xFFFF, 0xFFFF, 0xFFFF, 0xFFFF, 0xFFFF, 0xFFFF, 0xFFFF, 0xFFFF, 0xFFFF, 0xFFFF, 0xFFFF, 0xFFFF, 0xFFFF,
    0xFFFF, 0xFFFF, 0xFFFF, 0xFFFF, 0xFFFF, 0xFFFF, 0xFFFF, 0xFFFF, 0xFFFF, 0xFFFF, 0xFFFF, 0xFFFF, 0xFFFF, 0xFFFF, 0xFFFF, 0xFFFF,
    0x0000, 0x0000, 0x0000, 0x0000, 0x0000, 0x0000, 0xFFFF, 0xFFFF, 0xFFFF, 0xFFFF, 0xFFFF, 0xFFFF, 0xFFFF, 0xFFFF, 0xFFFF, 0xFFFF,
    0xFFFF, 0xFFFF, 0xFFFF, 0xFFFF, 0xFFFF, 0xFFFF, 0xFFFF, 0xFFFF, 0x0000, 0x0000, 0x0000, 0x0000, 0x0000, 0x0000, 0xFFFF, 0xFFFF,
    0xFFFF, 0xFFFF, 0xFFFF, 0xFFFF, 0x0000, 0x0000, 0x0000, 0x0000, 0x0000, 0x0000, 0x0000, 0x0000, 0x0000, 0x0000, 0x0000, 0x0000,
    0x0000, 0x0000, 0x0000, 0x0000, 0x0000, 0x0000, 0x0000, 0x0000, 0x0000, 0x0000, 0x0000, 0x0000, 0x0000, 0x0000, 0x0000, 0x0000,
    0x0000, 0x0000, 0xFFFF, 0xFFFF, 0xFFFF, 0xFFFF, 0xFFFF, 0xFFFF, 0xFFFF, 0xFFFF, 0xFFFF, 0xFFFF, 0xFFFF, 0xFFFF, 0x0000, 0x0000,
    0x0000, 0x0000, 0x0000, 0x0000, 0x0000, 0x0000, 0x0000, 0x0000, 0x0000, 0x0000, 0xFFFF, 0xFFFF, 0xFFFF, 0xFFFF, 0xFFFF, 0xFFFF,
    0x0000, 0x0000, 0x0000, 0x0000, 0x0000, 0x0000, 0x0000, 0x0000, 0x0000, 0x0000, 0x0000, 0x0000, 0xFFFF, 0xFFFF, 0xFFFF, 0xFFFF,
    0xFFFF, 0xFFFF, 0xFFFF, 0xFFFF, 0xFFFF, 0xFFFF, 0xFFFF, 0xFFFF, 0xFFFF, 0xFFFF, 0xFFFF, 0xFFFF, 0xFFFF, 0xFFFF, 0x0000, 0x0000,
    0x0000, 0x0000, 0x0000, 0x0000, 0x0000, 0x0000, 0x0000, 0x0000, 0x0000, 0x0000, 0xFFFF, 0xFFFF, 0xFFFF, 0xFFFF, 0xFFFF, 0xFFFF,
    0xFFFF, 0xFFFF, 0xFFFF, 0xFFFF, 0xFFFF, 0xFFFF, 0xFFFF, 0xFFFF, 0xFFFF, 0xFFFF, 0xFFFF, 0xFFFF, 0xFFFF, 0xFFFF, 0xFFFF, 0xFFFF,
    0xFFFF, 0xFFFF, 0xFFFF, 0xFFFF, 0xFFFF, 0xFFFF, 0xFFFF, 0xFFFF, 0xFFFF, 0xFFFF, 0xFFFF, 0xFFFF, 0xFFFF, 0xFE19, 0xFB2E, 0xFB0D,
    0xFB0D, 0xFB0D, 0xFB0D, 0xFB6F, 0xFCD4, 0xFD15, 0xFD15, 0xFD15, 0xFD15, 0xFD15, 0xFD15, 0xFD15, 0x8374, 0x4AB4, 0x4AB4, 0x4AB4,
    0x4AB4, 0x4AB4, 0x4AB4, 0x4AB4, 0x4AB4, 0x4AB4, 0x4AB4, 0x4AB4, 0x5B56, 0xA59E, 0xADFF, 0xADFF, 0xADFF, 0xADFF, 0xADFF, 0xADFF,
    0xADFF, 0xADFF, 0xADFF, 0xADFF, 0xADFF, 0xADFF, 0xADFF, 0xADFF, 0xADFF, 0xADFF, 0xADFF, 0xADFF, 0xADFF, 0xADFF, 0xADFF, 0xADFF,
    0xADFF, 0xADFF, 0xADFF, 0xADFF, 0xADFF, 0xADFF, 0xADFF, 0xADFF, 0xADFF, 0xADFF, 0xADFF, 0xADFF, 0xADFF, 0xADFF, 0xADFF, 0xADFF,
    0xADFF, 0xADFF, 0x951C, 0x4AF4, 0x4AB4, 0x4AB4, 0x4AB4, 0x4AB4, 0x4AB4, 0x4AB4, 0x4AB4, 0x4AB4, 0x4AB4, 0x4AB4, 0x4AB4, 0x4AB4,
    0x4AB4, 0xAC14, 0xFD15, 0xFD15, 0xFD15, 0xFD15, 0xFD15, 0xFD15, 0xFD15, 0xFD15, 0xFD15, 0xFD15, 0xFD15, 0xFD15, 0xFD15, 0xFD15,
    0xFD15, 0xFD15, 0xFD15, 0xFD15, 0xFD15, 0xFD15, 0xFBF0, 0xFB0D, 0xFB0D, 0xFB0D, 0xFB0D, 0xFB0D, 0xFCF4, 0xFFDF, 0xFFFF, 0xFFFF,
    0xFFFF, 0xFFFF, 0xFFFF, 0xFFFF, 0xFFFF, 0xFFFF, 0xFFFF, 0xFFFF, 0xFFFF, 0xFFFF, 0xFFFF, 0xFFFF, 0xFFFF, 0xFFFF, 0xFFFF, 0xFFFF,
    0xFFFF, 0xFFFF, 0xFFFF, 0xFFFF, 0xFFFF, 0xFFFF, 0xFFFF, 0xFFFF, 0xFFFF, 0xFFFF, 0xFFFF, 0xFFFF, 0xFFFF, 0xFFFF, 0xFFFF, 0xFFFF,
    0x0000, 0x0000, 0x0000, 0x0000, 0x0000, 0x0000, 0xFFFF, 0xFFFF, 0xFFFF, 0xFFFF, 0xFFFF, 0xFFFF, 0xFFFF, 0xFFFF, 0xFFFF, 0xFFFF,
    0xFFFF, 0xFFFF, 0xFFFF, 0xFFFF, 0xFFFF, 0xFFFF, 0xFFFF, 0xFFFF, 0x0000, 0x0000, 0x0000, 0x0000, 0x0000, 0x0000, 0xFFFF, 0xFFFF,
    0xFFFF, 0xFFFF, 0xFFFF, 0xFFFF, 0x0000, 0x0000, 0x0000, 0x0000, 0x0000, 0x0000, 0x0000, 0x0000, 0x0000, 0x0000, 0x0000, 0x0000,
    0x0000, 0x0000, 0x0000, 0x0000, 0x0000, 0x0000, 0x0000, 0x0000, 0x0000, 0x0000, 0x0000, 0x0000, 0x0000, 0x0000, 0x0000, 0x0000,
    0x0000, 0x0000, 0xFFFF, 0xFFFF, 0xFFFF, 0xFFFF, 0xFFFF, 0xFFFF, 0xFFFF, 0xFFFF, 0xFFFF, 0xFFFF, 0xFFFF, 0xFFFF, 0x0000, 0x0000,
    0x0000, 0x0000, 0x0000, 0x0000, 0x0000, 0x0000, 0x0000, 0x0000, 0x0000, 0x0000, 0xFFFF, 0xFFFF, 0xFFFF, 0xFFFF, 0xFFFF, 0xFFFF,
    0x0000, 0x0000, 0x0000, 0x0000, 0x0000, 0x0000, 0x0000, 0x0000, 0x0000, 0x0000, 0x0000, 0x0000, 0xFFFF, 0xFFFF, 0xFFFF, 0xFFFF,
    0xFFFF, 0xFFFF, 0xFFFF, 0xFFFF, 0xFFFF, 0xFFFF, 0xFFFF, 0xFFFF, 0xFFFF, 0xFFFF, 0xFFFF, 0xFFFF, 0xFFFF, 0xFFFF, 0x0000, 0x0000,
    0x0000, 0x0000, 0x0000, 0x0000, 0x0000, 0x0000, 0x0000, 0x0000, 0x0000, 0x0000, 0xFFFF, 0xFFFF, 0xFFFF, 0xFFFF, 0xFFFF, 0xFFFF,
    0xFFFF, 0xFFFF, 0xFFFF, 0xFFFF, 0xFFFF, 0xFFFF, 0xFFFF, 0xFFFF, 0xFFFF, 0xFFFF, 0xFFFF, 0xFFFF, 0xFFFF, 0xFFFF, 0xFFFF, 0xFFFF,
    0xFFFF, 0xFFFF, 0xFFFF, 0xFFFF, 0xFFFF, 0xFFFF, 0xFFFF, 0xFFFF, 0xFFFF, 0xFFFF, 0xFFFF, 0xFFFF, 0xFFFF, 0xFE19, 0xFB2E, 0xFB0D,
    0xFB0D, 0xFB4E, 0xFBF1, 0xFC52, 0xFCF4, 0xFD15, 0xFD15, 0xFD15, 0xFD15, 0xFD15, 0xB434, 0xA3F4, 0x6314, 0x4AB4, 0x4AB4, 0x4AB4,
    0x4AB4, 0x4AB4, 0x4AB4, 0x4AB4, 0x5B56, 0x7C39, 0x7C59, 0x7C59, 0x849B, 0xADBF, 0xADFF, 0xADFF, 0xADFF, 0xADFF, 0xADFF, 0xADFF,
    0xADFF, 0xADFF, 0xADFF, 0xADFF, 0xADFF, 0xADFF, 0xADFF, 0xADFF, 0xADFF, 0xADFF, 0xADFF, 0xADFF, 0xADFF, 0xADFF, 0xADFF, 0xADFF,
    0xADFF, 0xADFF, 0xADFF, 0xADFF, 0xADFF, 0xADFF, 0xADFF, 0xADFF, 0xADFF, 0xADFF, 0xADFF, 0xADFF, 0xADFF, 0xADFF, 0xADFF, 0xADFF,
    0xADFF, 0xADFF, 0x9D7E, 0x7C7A, 0x7C59, 0x7C59, 0x7418, 0x4AF4, 0x4AB4, 0x4AB4, 0x4AB4, 0x4AB4, 0x4AB4, 0x4AB4, 0x4AB4, 0x4AB4,
    0x4AB4, 0xAC14, 0xFD15, 0xFD15, 0xFD15, 0xFD15, 0xFD15, 0xFD15, 0xFD15, 0xFD15, 0xFD15, 0xFD15, 0xFD15, 0xFD15, 0xFD15, 0xFD15,
    0xFD15, 0xFD15, 0xFD15, 0xFD15, 0xFD15, 0xFD15, 0xFBF0, 0xFB0D, 0xFB0D, 0xFB0D, 0xFB0D, 0xFB0D, 0xFCF4, 0xFFDF, 0xFFFF, 0xFFFF,
    0xFFFF, 0xFFFF, 0xFFFF, 0xFFFF, 0xFFFF, 0xFFFF, 0xFFFF, 0xFFFF, 0xFFFF, 0xFFFF, 0xFFFF, 0xFFFF, 0xFFFF, 0xFFFF, 0xFFFF, 0xFFFF,
    0xFFFF, 0xFFFF, 0xFFFF, 0xFFFF, 0xFFFF, 0xFFFF, 0xFFFF, 0xFFFF, 0xFFFF, 0xFFFF, 0xFFFF, 0xFFFF, 0xFFFF, 0xFFFF, 0xFFFF, 0xFFFF,
    0x0000, 0x0000, 0x0000, 0x0000, 0x0000, 0x0000, 0xFFFF, 0xFFFF, 0xFFFF, 0xFFFF, 0xFFFF, 0xFFFF, 0xFFFF, 0xFFFF, 0xFFFF, 0xFFFF,
    0xFFFF, 0xFFFF, 0xFFFF, 0xFFFF, 0xFFFF, 0xFFFF, 0xFFFF, 0xFFFF, 0x0000, 0x0000, 0x0000, 0x0000, 0x0000, 0x0000, 0xFFFF, 0xFFFF,
    0xFFFF, 0xFFFF, 0xFFFF, 0xFFFF, 0x0000, 0x0000, 0x0000, 0x0000, 0x0000, 0x0000, 0x0000, 0x0000, 0x0000, 0x0000, 0x0000, 0x0000,
    0x0000, 0x0000, 0x0000, 0x0000, 0x0000, 0x0000, 0x0000, 0x0000, 0x0000, 0x0000, 0x0000, 0x0000, 0x0000, 0x0000, 0x0000, 0x0000,
    0x0000, 0x0000, 0xFFFF, 0xFFFF, 0xFFFF, 0xFFFF, 0xFFFF, 0xFFFF, 0xFFFF, 0xFFFF, 0xFFFF, 0xFFFF, 0xFFFF, 0xFFFF, 0x0000, 0x0000,
    0x0000, 0x0000, 0x0000, 0x0000, 0x0000, 0x0000, 0x0000, 0x0000, 0x0000, 0x0000, 0xFFFF, 0xFFFF, 0xFFFF, 0xFFFF, 0xFFFF, 0xFFFF,
    0x0000, 0x0000, 0x0000, 0x0000, 0x0000, 0x0000, 0x0000, 0x0000, 0x0000, 0x0000, 0x0000, 0x0000, 0xFFFF, 0xFFFF, 0xFFFF, 0xFFFF,
    0xFFFF, 0xFFFF, 0xFFFF, 0xFFFF, 0xFFFF, 0xFFFF, 0xFFFF, 0xFFFF, 0xFFFF, 0xFFFF, 0xFFFF, 0xFFFF, 0xFFFF, 0xFFFF, 0x0000, 0x0000,
    0x0000, 0x0000, 0x0000, 0x0000, 0x0000, 0x0000, 0x0000, 0x0000, 0x0000, 0x0000, 0xFFFF, 0xFFFF, 0xFFFF, 0xFFFF, 0xFFFF, 0xFFFF,
    0xFFFF, 0xFFFF, 0xFFFF, 0xFFFF, 0xFFFF, 0xFFFF, 0xFFFF, 0xFFFF, 0xFFFF, 0xFFFF, 0xFFFF, 0xFFFF, 0xFFFF, 0xFFFF, 0xFFFF, 0xFFFF,
    0xFFFF, 0xFFFF, 0xFFFF, 0xFFFF, 0xFFFF, 0xFFFF, 0xFFFF, 0xFFFF, 0xFFFF, 0xFFFF, 0xFFFF, 0xFFFF, 0xFFFF, 0xFE19, 0xFB2E, 0xFB0D,
    0xFB0D, 0xFBAF, 0xFCF4, 0xFD15, 0xFD15, 0xFD15, 0xFD15, 0xFD15, 0xFD15, 0xFD15, 0x6B34, 0x4AB4, 0x4AB4, 0x4AB4, 0x4AB4, 0x4AB4,
    0x4AB4, 0x4AB4, 0x4AB4, 0x4AB4, 0x6BF8, 0xADBF, 0xADFF, 0xADFF, 0xADFF, 0xADFF, 0xADFF, 0xADFF, 0xADFF, 0xADFF, 0xADFF, 0xADFF,
    0xADFF, 0xADFF, 0xADFF, 0xADFF, 0xADFF, 0xADFF, 0xADFF, 0xADFF, 0xADFF, 0xADFF, 0xADFF, 0xADFF, 0xADFF, 0xADFF, 0xADFF, 0xADFF,
    0xADFF, 0xADFF, 0xADFF, 0xADFF, 0xADFF, 0xADFF, 0xADFF, 0xADFF, 0xADFF, 0xADFF, 0xADFF, 0xADFF, 0xADFF, 0xADFF, 0xADFF, 0xADFF,
    0xADFF, 0xADFF, 0xADFF, 0xADFF, 0xADFF, 0xADFF, 0x9D5D, 0x5335, 0x4AB4, 0x4AB4, 0x4AB4, 0x4AB4, 0x4AB4, 0x4AB4, 0x4AB4, 0x4AB4,
    0x4AB4, 0xAC14, 0xFD15, 0xFD15, 0xFD15, 0xFD15, 0xFD15, 0xFD15, 0xFD15, 0xFD15, 0xFD15, 0xFD15, 0xFD15, 0xFD15, 0xFD15, 0xFD15,
    0xFD15, 0xFD15, 0xFD15, 0xFD15, 0xFD15, 0xFD15, 0xFBF0, 0xFB0D, 0xFB0D, 0xFB0D, 0xFB0D, 0xFB0D, 0xFCF4, 0xFFDF, 0xFFFF, 0xFFFF,
    0xFFFF, 0xFFFF, 0xFFFF, 0xFFFF, 0xFFFF, 0xFFFF, 0xFFFF, 0xFFFF, 0xFFFF, 0xFFFF, 0xFFFF, 0xFFFF, 0xFFFF, 0xFFFF, 0xFFFF, 0xFFFF,
    0xFFFF, 0xFFFF, 0xFFFF, 0xFFFF, 0xFFFF, 0xFFFF, 0xFFFF, 0xFFFF, 0xFFFF, 0xFFFF, 0xFFFF, 0xFFFF, 0xFFFF, 0xFFFF, 0xFFFF, 0xFFFF,
    0xFFFF, 0xFFFF, 0xFFFF, 0xFFFF, 0xFFFF, 0xFFFF, 0xFFFF, 0xFFFF, 0xFFFF, 0xFFFF, 0xFFFF, 0xFFFF, 0x0000, 0x0000, 0x0000, 0x0000,
    0x0000, 0x0000, 0xFFFF, 0xFFFF, 0xFFFF, 0xFFFF, 0xFFFF, 0xFFFF, 0xFFFF, 0xFFFF, 0xFFFF, 0xFFFF, 0xFFFF, 0xFFFF, 0x0000, 0x0000,
    0x0000, 0x0000, 0x0000, 0x0000, 0xFFFF, 0xFFFF, 0xFFFF, 0xFFFF, 0xFFFF, 0xFFFF, 0xFFFF, 0xFFFF, 0xFFFF, 0xFFFF, 0xFFFF, 0xFFFF,
    0xFFFF, 0xFFFF, 0xFFFF, 0xFFFF, 0xFFFF, 0xFFFF, 0x0000, 0x0000, 0x0000, 0x0000, 0x0000, 0x0000, 0x0000, 0x0000, 0x0000, 0x0000,
    0x0000, 0x0000, 0xFFFF, 0xFFFF, 0xFFFF, 0xFFFF, 0xFFFF, 0xFFFF, 0x0000, 0x0000, 0x0000, 0x0000, 0x0000, 0x0000, 0xFFFF, 0xFFFF,
    0xFFFF, 0xFFFF, 0xFFFF, 0xFFFF, 0x0000, 0x0000, 0x0000, 0x0000, 0x0000, 0x0000, 0x0000, 0x0000, 0x0000, 0x0000, 0x0000, 0x0000,
    0x0000, 0x0000, 0x0000, 0x0000, 0x0000, 0x0000, 0x0000, 0x0000, 0x0000, 0x0000, 0x0000, 0x0000, 0x0000, 0x0000, 0x0000, 0x0000,
    0x0000, 0x0000, 0xFFFF, 0xFFFF, 0xFFFF, 0xFFFF, 0xFFFF, 0xFFFF, 0xFFFF, 0xFFFF, 0xFFFF, 0xFFFF, 0xFFFF, 0xFFFF, 0x0000, 0x0000,
    0x0000, 0x0000, 0x0000, 0x0000, 0xFFFF, 0xFFFF, 0xFFFF, 0xFFFF, 0xFFFF, 0xFFFF, 0xFFFF, 0xFFFF, 0xFFFF, 0xFFFF, 0xFFFF, 0xFFFF,
    0xFFFF, 0xFFFF, 0xFFFF, 0xFFFF, 0xFFFF, 0xFFFF, 0xFFFF, 0xFFFF, 0xFFFF, 0xFFFF, 0xFFFF, 0xFFFF, 0xFFFF, 0xFFFF, 0xFFFF, 0xFFFF,
    0xFFFF, 0xFFFF, 0xFFFF, 0xFFFF, 0xFFFF, 0xFFFF, 0xFFFF, 0xFFFF, 0xFFFF, 0xFFFF, 0xFFFF, 0xFEDB, 0xFD97, 0xFC93, 0xFB0D, 0xFB0D,
    0xFB0D, 0xFBAF, 0xFCF4, 0xFD15, 0xFD15, 0xFD15, 0xFD15, 0xFD15, 0xB414, 0xA3F4, 0x5AF4, 0x4AB4, 0x4AB4, 0x4AB4, 0x4AB4, 0x4AB4,
    0x6376, 0x7C59, 0x7C59, 0x7C59, 0x8CFC, 0xADDF, 0xADFF, 0xADFF, 0xADFF, 0xADFF, 0xADFF, 0xADFF, 0xADFF, 0xADFF, 0xADFF, 0xADFF,
    0xADFF, 0xADFF, 0xADFF, 0xADFF, 0xADFF, 0xADFF, 0xADFF, 0xADFF, 0xADFF, 0xADFF, 0xADFF, 0xADFF, 0xADFF, 0xADFF, 0xADFF, 0xADFF,
    0xADFF, 0xADFF, 0xADFF, 0xADFF, 0xADFF, 0xADFF, 0xADFF, 0xADFF, 0xADFF, 0xADFF, 0xADFF, 0xADFF, 0xADFF, 0xADFF, 0xADFF, 0xADFF,
    0xADFF, 0xADFF, 0xADFF, 0xADFF, 0xADFF, 0xADFF, 0xA59E, 0x849A, 0x7439, 0x52F4, 0x4AB4, 0x4AB4, 0x4AB4, 0x4AB4, 0x4AB4, 0x4AB4,
    0x4AB4, 0x7B74, 0xA3F4, 0xCC74, 0xFD15, 0xFD15, 0xFD15, 0xFD15, 0xFD15, 0xFD15, 0xFD15, 0xFD15, 0xFD15, 0xFD15, 0xFD15, 0xFD15,
    0xFD15, 0xFD15, 0xFD15, 0xFD15, 0xFD15, 0xFD15, 0xFBF0, 0xFB0D, 0xFB0D, 0xFB0D, 0xFB0D, 0xFB0D, 0xFCF4, 0xFFDF, 0xFFFF, 0xFFFF,
    0xFFFF, 0xFFFF, 0xFFFF, 0xFFFF, 0xFFFF, 0xFFFF, 0xFFFF, 0xFFFF, 0xFFFF, 0xFFFF, 0xFFFF, 0xFFFF, 0xFFFF, 0xFFFF, 0xFFFF, 0xFFFF,
    0xFFFF, 0xFFFF, 0xFFFF, 0xFFFF, 0xFFFF, 0xFFFF, 0xFFFF, 0xFFFF, 0xFFFF, 0xFFFF, 0xFFFF, 0xFFFF, 0xFFFF, 0xFFFF, 0xFFFF, 0xFFFF,
    0xFFFF, 0xFFFF, 0xFFFF, 0xFFFF, 0xFFFF, 0xFFFF, 0xFFFF, 0xFFFF, 0xFFFF, 0xFFFF, 0xFFFF, 0xFFFF, 0x0000, 0x0000, 0x0000, 0x0000,
    0x0000, 0x0000, 0xFFFF, 0xFFFF, 0xFFFF, 0xFFFF, 0xFFFF, 0xFFFF, 0xFFFF, 0xFFFF, 0xFFFF, 0xFFFF, 0xFFFF, 0xFFFF, 0x0000, 0x0000,
    0x0000, 0x0000, 0x0000, 0x0000, 0xFFFF, 0xFFFF, 0xFFFF, 0xFFFF, 0xFFFF, 0xFFFF, 0xFFFF, 0xFFFF, 0xFFFF, 0xFFFF, 0xFFFF, 0xFFFF,
    0xFFFF, 0xFFFF, 0xFFFF, 0xFFFF, 0xFFFF, 0xFFFF, 0x0000, 0x0000, 0x0000, 0x0000, 0x0000, 0x0000, 0x0000, 0x0000, 0x0000, 0x0000,
    0x0000, 0x0000, 0xFFFF, 0xFFFF, 0xFFFF, 0xFFFF, 0xFFFF, 0xFFFF, 0x0000, 0x0000, 0x0000, 0x0000, 0x0000, 0x0000, 0xFFFF, 0xFFFF,
    0xFFFF, 0xFFFF, 0xFFFF, 0xFFFF, 0x0000, 0x0000, 0x0000, 0x0000, 0x0000, 0x0000, 0x0000, 0x0000, 0x0000, 0x0000, 0x0000, 0x0000,
    0x0000, 0x0000, 0x0000, 0x0000, 0x0000, 0x0000, 0x0000, 0x0000, 0x0000, 0x0000, 0x0000, 0x0000, 0x0000, 0x0000, 0x0000, 0x0000,
    0x0000, 0x0000, 0xFFFF, 0xFFFF, 0xFFFF, 0xFFFF, 0xFFFF, 0xFFFF, 0xFFFF, 0xFFFF, 0xFFFF, 0xFFFF, 0xFFFF, 0xFFFF, 0x0000, 0x0000,
    0x0000, 0x0000, 0x0000, 0x0000, 0xFFFF, 0xFFFF, 0xFFFF, 0xFFFF, 0xFFFF, 0xFFFF, 0xFFFF, 0xFFFF, 0xFFFF, 0xFFFF, 0xFFFF, 0xFFFF,
    0xFFFF, 0xFFFF, 0xFFFF, 0xFFFF, 0xFFFF, 0xFFFF, 0xFFFF, 0xFFFF, 0xFFFF, 0xFFFF, 0xFFFF, 0xFFFF, 0xFFFF, 0xFFFF, 0xFFFF, 0xFFFF,
    0xFFFF, 0xFFFF, 0xFFFF, 0xFFFF, 0xFFFF, 0xFFFF, 0xFFFF, 0xFFFF, 0xFFFF, 0xFFFF, 0xFFFF, 0xFDB7, 0xFB2E, 0xFB0D, 0xFB0D, 0xFB0D,
    0xFB0D, 0xFBAF, 0xFCF4, 0xFD15, 0xFD15, 0xFD15, 0xFD15, 0xFD15, 0x6314, 0x4AB4, 0x4AB4, 0x4AB4, 0x4AB4, 0x4AB4, 0x4AB4, 0x4AB4,
    0x7C39, 0xADFF, 0xADFF, 0xADFF, 0xADFF, 0xADFF, 0xADFF, 0xADFF, 0xADFF, 0xADFF, 0xADFF, 0xADFF, 0xADFF, 0xADFF, 0xADFF, 0xADFF,
    0xADFF, 0xADFF, 0xADFF, 0xADFF, 0xADFF, 0xADFF, 0xADFF, 0xADFF, 0xADFF, 0xADFF, 0xADFF, 0xADFF, 0xADFF, 0xADFF, 0xADFF, 0xADFF,
    0xADFF, 0xADFF, 0xADFF, 0xADFF, 0xADFF, 0xADFF, 0xADFF, 0xADFF, 0xADFF, 0xADFF, 0xADFF, 0xADFF, 0xADFF, 0xADFF, 0xADFF, 0xADFF,
    0xADFF, 0xADFF, 0xADFF, 0xADFF, 0xADFF, 0xADFF, 0xADFF, 0xADFF, 0xA59E, 0x5B35, 0x4AB4, 0x4AB4, 0x4AB4, 0x4AB4, 0x4AB4, 0x4AB4,
    0x4AB4, 0x4AB4, 0x4AB4, 0x9BD4, 0xFD15, 0xFD15, 0xFD15, 0xFD15, 0xFD15, 0xFD15, 0xFD15, 0xFD15, 0xFD15, 0xFD15, 0xFD15, 0xFD15,
    0xFD15, 0xFD15, 0xFD15, 0xFD15, 0xFD15, 0xFD15, 0xFBF0, 0xFB0D, 0xFB0D, 0xFB0D, 0xFB0D, 0xFB0D, 0xFCF4, 0xFFDF, 0xFFFF, 0xFFFF,
    0xFFFF, 0xFFFF, 0xFFFF, 0xFFFF, 0xFFFF, 0xFFFF, 0xFFFF, 0xFFFF, 0xFFFF, 0xFFFF, 0xFFFF, 0xFFFF, 0xFFFF, 0xFFFF, 0xFFFF, 0xFFFF,
    0xFFFF, 0xFFFF, 0xFFFF, 0xFFFF, 0xFFFF, 0xFFFF, 0xFFFF, 0xFFFF, 0xFFFF, 0xFFFF, 0xFFFF, 0xFFFF, 0xFFFF, 0xFFFF, 0xFFFF, 0xFFFF,
    0xFFFF, 0xFFFF, 0xFFFF, 0xFFFF, 0xFFFF, 0xFFFF, 0xFFFF, 0xFFFF, 0xFFFF, 0xFFFF, 0xFFFF, 0xFFFF, 0x0000, 0x0000, 0x0000, 0x0000,
    0x0000, 0x0000, 0xFFFF, 0xFFFF, 0xFFFF, 0xFFFF, 0xFFFF, 0xFFFF, 0xFFFF, 0xFFFF, 0xFFFF, 0xFFFF, 0xFFFF, 0xFFFF, 0x0000, 0x0000,
    0x0000, 0x0000, 0x0000, 0x0000, 0xFFFF, 0xFFFF, 0xFFFF, 0xFFFF, 0xFFFF, 0xFFFF, 0xFFFF, 0xFFFF, 0xFFFF, 0xFFFF, 0xFFFF, 0xFFFF,
    0xFFFF, 0xFFFF, 0xFFFF, 0xFFFF, 0xFFFF, 0xFFFF, 0x0000, 0x0000, 0x0000, 0x0000, 0x0000, 0x0000, 0x0000, 0x0000, 0x0000, 0x0000,
    0x0000, 0x0000, 0xFFFF, 0xFFFF, 0xFFFF, 0xFFFF, 0xFFFF, 0xFFFF, 0x0000, 0x0000, 0x0000, 0x0000, 0x0000, 0x0000, 0xFFFF, 0xFFFF,
    0xFFFF, 0xFFFF, 0xFFFF, 0xFFFF, 0x0000, 0x0000, 0x0000, 0x0000, 0x0000, 0x0000, 0x0000, 0x0000, 0x0000, 0x0000, 0x0000, 0x0000,
    0x0000, 0x0000, 0x0000, 0x0000, 0x0000, 0x0000, 0x0000, 0x0000, 0x0000, 0x0000, 0x0000, 0x0000, 0x0000, 0x0000, 0x0000, 0x0000,
    0x0000, 0x0000, 0xFFFF, 0xFFFF, 0xFFFF, 0xFFFF, 0xFFFF, 0xFFFF, 0xFFFF, 0xFFFF, 0xFFFF, 0xFFFF, 0xFFFF, 0xFFFF, 0x0000, 0x0000,
    0x0000, 0x0000, 0x0000, 0x0000, 0xFFFF, 0xFFFF, 0xFFFF, 0xFFFF, 0xFFFF, 0xFFFF, 0xFFFF, 0xFFFF, 0xFFFF, 0xFFFF, 0xFFFF, 0xFFFF,
    0xFFFF, 0xFFFF, 0xFFFF, 0xFFFF, 0xFFFF, 0xFFFF, 0xFFFF, 0xFFFF, 0xFFFF, 0xFFFF, 0xFFFF, 0xFFFF, 0xFFFF, 0xFFFF, 0xFFFF, 0xFFFF,
    0xFFFF, 0xFFFF, 0xFFFF, 0xFFFF, 0xFFFF, 0xFFFF, 0xFFFF, 0xFFFF, 0xFFFF, 0xFFFF, 0xFFFF, 0xFDB7, 0xFB2E, 0xFB0D, 0xFB0D, 0xFB0D,
    0xFB0D, 0xFBAF, 0xFCF4, 0xFD15, 0xFD15, 0xFD15, 0xFD15, 0xFD15, 0x6314, 0x4AB4, 0x4AB4, 0x4AB4, 0x4AB4, 0x4AB4, 0x4AB4, 0x4AB4,
    0x7C39, 0xADFF, 0xADFF, 0xADFF, 0xADFF, 0xADFF, 0xADFF, 0xADFF, 0xADFF, 0xADFF, 0xADFF, 0xADFF, 0xADFF, 0xADFF, 0xADFF, 0xADFF,
    0xADFF, 0xADFF, 0xADFF, 0xADFF, 0xADFF, 0xADFF, 0xADFF, 0xADFF, 0xADFF, 0xADFF, 0xADFF, 0xADFF, 0xADFF, 0xADFF, 0xADFF, 0xADFF,
    0xADFF, 0xADFF, 0xADFF, 0xADFF, 0xADFF, 0xADFF, 0xADFF, 0xADFF, 0xADFF, 0xADFF, 0xADFF, 0xADFF, 0xADFF, 0xADFF, 0xADFF, 0xADFF,
    0xADFF, 0xADFF, 0xADFF, 0xADFF, 0xADFF, 0xADFF, 0xADFF, 0xADFF, 0xADBF, 0x7C39, 0x6BF8, 0x4AF4, 0x4AB4, 0x4AB4, 0x4AB4, 0x4AB4,
    0x4AB4, 0x4AB4, 0x4AB4, 0x7B74, 0xBC34, 0xD495, 0xFD15, 0xFD15, 0xFD15, 0xFD15, 0xFD15, 0xFD15, 0xFD15, 0xFD15, 0xFD15, 0xFD15,
    0xFD15, 0xFD15, 0xFD15, 0xFD15, 0xFC93, 0xFC52, 0xFBAF, 0xFB0D, 0xFB0D, 0xFB0D, 0xFBF1, 0xFCD4, 0xFE18, 0xFFFF, 0xFFFF, 0xFFFF,
    0xFFFF, 0xFFFF, 0xFFFF, 0xFFFF, 0xFFFF, 0xFFFF, 0xFFFF, 0xFFFF, 0xFFFF, 0xFFFF, 0xFFFF, 0xFFFF, 0xFFFF, 0xFFFF, 0xFFFF, 0xFFFF,
    0xFFFF, 0xFFFF, 0xFFFF, 0xFFFF, 0xFFFF, 0xFFFF, 0xFFFF, 0xFFFF, 0xFFFF, 0xFFFF, 0xFFFF, 0xFFFF, 0xFFFF, 0xFFFF, 0xFFFF, 0xFFFF,
    0xFFFF, 0xFFFF, 0xFFFF, 0xFFFF, 0xFFFF, 0xFFFF, 0xFFFF, 0xFFFF, 0xFFFF, 0xFFFF, 0xFFFF, 0xFFFF, 0x0000, 0x0000, 0x0000, 0x0000,
    0x0000, 0x0000, 0xFFFF, 0xFFFF, 0xFFFF, 0xFFFF, 0xFFFF, 0xFFFF, 0xFFFF, 0xFFFF, 0xFFFF, 0xFFFF, 0xFFFF, 0xFFFF, 0x0000, 0x0000,
    0x0000, 0x0000, 0x0000, 0x0000, 0xFFFF, 0xFFFF, 0xFFFF, 0xFFFF, 0xFFFF, 0xFFFF, 0xFFFF, 0xFFFF, 0xFFFF, 0xFFFF, 0xFFFF, 0xFFFF,
    0xFFFF, 0xFFFF, 0xFFFF, 0xFFFF, 0xFFFF, 0xFFFF, 0x0000, 0x0000, 0x0000, 0x0000, 0x0000, 0x0000, 0x0000, 0x0000, 0x0000, 0x0000,
    0x0000, 0x0000, 0xFFFF, 0xFFFF, 0xFFFF, 0xFFFF, 0xFFFF, 0xFFFF, 0x0000, 0x0000, 0x0000, 0x0000, 0x0000, 0x0000, 0xFFFF, 0xFFFF,
    0xFFFF, 0xFFFF, 0xFFFF, 0xFFFF, 0x0000, 0x0000, 0x0000, 0x0000, 0x0000, 0x0000, 0x0000, 0x0000, 0x0000, 0x0000, 0x0000, 0x0000,
    0x0000, 0x0000, 0x0000, 0x0000, 0x0000, 0x0000, 0x0000, 0x0000, 0x0000, 0x0000, 0x0000, 0x0000, 0x0000, 0x0000, 0x0000, 0x0000,
    0x0000, 0x0000, 0xFFFF, 0xFFFF, 0xFFFF, 0xFFFF, 0xFFFF, 0xFFFF, 0xFFFF, 0xFFFF, 0xFFFF, 0xFFFF, 0xFFFF, 0xFFFF, 0x0000, 0x0000,
    0x0000, 0x0000, 0x0000, 0x0000, 0xFFFF, 0xFFFF, 0xFFFF, 0xFFFF, 0xFFFF, 0xFFFF, 0xFFFF, 0xFFFF, 0xFFFF, 0xFFFF, 0xFFFF, 0xFFFF,
    0xFFFF, 0xFFFF, 0xFFFF, 0xFFFF, 0xFFFF, 0xFFFF, 0xFFFF, 0xFFFF, 0xFFFF, 0xFFFF, 0xFFFF, 0xFFFF, 0xFFFF, 0xFFFF, 0xFFFF, 0xFFFF,
    0xFFFF, 0xFFFF, 0xFFFF, 0xFFFF, 0xFFFF, 0xFFFF, 0xFFFF, 0xFFFF, 0xFFFF, 0xFFFF, 0xFFFF, 0xFDB7, 0xFB2E, 0xFB0D, 0xFB0D, 0xFB0D,
    0xFB0D, 0xFBAF, 0xFCF4, 0xFD15, 0xFD15, 0xFD15, 0xFD15, 0xFD15, 0x6314, 0x4AB4, 0x4AB4, 0x4AB4, 0x4AB4, 0x4AB4, 0x4AB4, 0x4AB4,
    0x7C39, 0xADFF, 0xADFF, 0xADFF, 0xADFF, 0xADFF, 0xADFF, 0xADFF, 0xADFF, 0xADFF, 0xADFF, 0xADFF, 0xADFF, 0xADFF, 0xADFF, 0xADFF,
    0xADFF, 0xADFF, 0xADFF, 0xADFF, 0xADFF, 0xADFF, 0xADFF, 0xADFF, 0xADFF, 0xADFF, 0xADFF, 0xADFF, 0xADFF, 0xADFF, 0xADFF, 0xADFF,
    0xADFF, 0xADFF, 0xADFF, 0xADFF, 0xADFF, 0xADFF, 0xADFF, 0xADFF, 0xADFF, 0xADFF, 0xADFF, 0xADFF, 0xADFF, 0xADFF, 0xADFF, 0xADFF,
    0xADFF, 0xADFF, 0xADFF, 0xADFF, 0xADFF, 0xADFF, 0xADFF, 0xADFF, 0xADFF, 0xADFF, 0xADFF, 0x5B35, 0x4AB4, 0x4AB4, 0x4AB4, 0x4AB4,
    0x4AB4, 0x4AB4, 0x4AB4, 0x4AB4, 0x4AB4, 0x8BB4, 0xFD15, 0xFD15, 0xFD15, 0xFD15, 0xFD15, 0xFD15, 0xFD15, 0xFD15, 0xFD15, 0xFD15,
    0xFD15, 0xFD15, 0xFD15, 0xFD15, 0xFBAF, 0xFB0D, 0xFB0D, 0xFB0D, 0xFB0D, 0xFB0D, 0xFD56, 0xFFDF, 0xFFFF, 0xFFFF, 0xFFFF, 0xFFFF,
    0xFFFF, 0xFFFF, 0xFFFF, 0xFFFF, 0xFFFF, 0xFFFF, 0xFFFF, 0xFFFF, 0xFFFF, 0xFFFF, 0xFFFF, 0xFFFF, 0xFFFF, 0xFFFF, 0xFFFF, 0xFFFF,
    0xFFFF, 0xFFFF, 0xFFFF, 0xFFFF, 0xFFFF, 0xFFFF, 0xFFFF, 0xFFFF, 0xFFFF, 0xFFFF, 0xFFFF, 0xFFFF, 0xFFFF, 0xFFFF, 0xFFFF, 0xFFFF,
    0xFFFF, 0xFFFF, 0xFFFF, 0xFFFF, 0xFFFF, 0xFFFF, 0xFFFF, 0xFFFF, 0xFFFF, 0xFFFF, 0xFFFF, 0xFFFF, 0x0000, 0x0000, 0x0000, 0x0000,
    0x0000, 0x0000, 0xFFFF, 0xFFFF, 0xFFFF, 0xFFFF, 0xFFFF, 0xFFFF, 0xFFFF, 0xFFFF, 0xFFFF, 0xFFFF, 0xFFFF, 0xFFFF, 0x0000, 0x0000,
    0x0000, 0x0000, 0x0000, 0x0000, 0xFFFF, 0xFFFF, 0xFFFF, 0xFFFF, 0xFFFF, 0xFFFF, 0xFFFF, 0xFFFF, 0xFFFF, 0xFFFF, 0xFFFF, 0xFFFF,
    0xFFFF, 0xFFFF, 0xFFFF, 0xFFFF, 0xFFFF, 0xFFFF, 0x0000, 0x0000, 0x0000, 0x0000, 0x0000, 0x0000, 0x0000, 0x0000, 0x0000, 0x0000,
    0x0000, 0x0000, 0xFFFF, 0xFFFF, 0xFFFF, 0xFFFF, 0xFFFF, 0xFFFF, 0x0000, 0x0000, 0x0000, 0x0000, 0x0000, 0x0000, 0xFFFF, 0xFFFF,
    0xFFFF, 0xFFFF, 0xFFFF, 0xFFFF, 0x0000, 0x0000, 0x0000, 0x0000, 0x0000, 0x0000, 0x0000, 0x0000, 0x0000, 0x0000, 0x0000, 0x0000,
    0x0000, 0x0000, 0x0000, 0x0000, 0x0000, 0x0000, 0x0000, 0x0000, 0x0000, 0x0000, 0x0000, 0x0000, 0x0000, 0x0000, 0x0000, 0x0000,
    0x0000, 0x0000, 0xFFFF, 0xFFFF, 0xFFFF, 0xFFFF, 0xFFFF, 0xFFFF, 0xFFFF, 0xFFFF, 0xFFFF, 0xFFFF, 0xFFFF, 0xFFFF, 0x0000, 0x0000,
    0x0000, 0x0000, 0x0000, 0x0000, 0xFFFF, 0xFFFF, 0xFFFF, 0xFFFF, 0xFFFF, 0xFFFF, 0xFFFF, 0xFFFF, 0xFFFF, 0xFFFF, 0xFFFF, 0xFFFF,
    0xFFFF, 0xFFFF, 0xFFFF, 0xFFFF, 0xFFFF, 0xFFFF, 0xFFFF, 0xFFFF, 0xFFFF, 0xFFFF, 0xFFFF, 0xFFFF, 0xFFFF, 0xFFFF, 0xFFFF, 0xFFFF,
    0xFFFF, 0xFFFF, 0xFFFF, 0xFFFF, 0xFFFF, 0xFFFF, 0xFFFF, 0xFFFF, 0xFFFF, 0xFFFF, 0xFFFF, 0xFDB7, 0xFB2E, 0xFB0D, 0xFB0D, 0xFB0D,
    0xFB0D, 0xFBAF, 0xFCF4, 0xFD15, 0xFD15, 0xFD15, 0xD495, 0xD494, 0x5AF4, 0x4AB4, 0x4AB4, 0x4AB4, 0x4AB4, 0x4AB4, 0x5335, 0x6396,
    0x84BB, 0xADFF, 0xADFF, 0xADFF, 0xADFF, 0xADFF, 0xADFF, 0xADFF, 0xADFF, 0xADFF, 0xADFF, 0xADFF, 0xADFF, 0xADFF, 0xADFF, 0xADFF,
    0xADFF, 0xADFF, 0xADFF, 0xADFF, 0xADFF, 0xADFF, 0xADFF, 0xADFF, 0xADFF, 0xADFF, 0xADFF, 0xADFF, 0xADFF, 0xADFF, 0xADFF, 0xADFF,
    0xADFF, 0xADFF, 0xADFF, 0xADFF, 0xADFF, 0xADFF, 0xADFF, 0xADFF, 0xADFF, 0xADFF, 0xADFF, 0xADFF, 0xADFF, 0xADFF, 0xADFF, 0xADFF,
    0xADFF, 0xADFF, 0xADFF, 0xADFF, 0xADFF, 0xADFF, 0xADFF, 0xADFF, 0xADFF, 0xADFF, 0xADFF, 0x6BD8, 0x6396, 0x4AF4, 0x4AB4, 0x4AB4,
    0x4AB4, 0x4AB4, 0x4AB4, 0x4AB4, 0x4AB4, 0x8BB4, 0xFD15, 0xFD15, 0xFD15, 0xFD15, 0xFD15, 0xFD15, 0xFD15, 0xFD15, 0xFD15, 0xFD15,
    0xFD15, 0xFD15, 0xFD15, 0xFD15, 0xFBAF, 0xFB0D, 0xFB0D, 0xFB0D, 0xFB0D, 0xFB0D, 0xFD56, 0xFFDF, 0xFFFF, 0xFFFF, 0xFFFF, 0xFFFF,
    0xFFFF, 0xFFFF, 0xFFFF, 0xFFFF, 0xFFFF, 0xFFFF, 0xFFFF, 0xFFFF, 0xFFFF, 0xFFFF, 0xFFFF, 0xFFFF, 0xFFFF, 0xFFFF, 0xFFFF, 0xFFFF,
    0xFFFF, 0xFFFF, 0xFFFF, 0xFFFF, 0xFFFF, 0xFFFF, 0xFFFF, 0xFFFF, 0xFFFF, 0xFFFF, 0xFFFF, 0xFFFF, 0xFFFF, 0xFFFF, 0xFFFF, 0xFFFF,
    0xFFFF, 0xFFFF, 0xFFFF, 0xFFFF, 0xFFFF, 0xFFFF, 0xFFFF, 0xFFFF, 0xFFFF, 0xFFFF, 0xFFFF, 0xFFFF, 0x0000, 0x0000, 0x0000, 0x0000,
    0x0000, 0x0000, 0xFFFF, 0xFFFF, 0xFFFF, 0xFFFF, 0xFFFF, 0xFFFF, 0xFFFF, 0xFFFF, 0xFFFF, 0xFFFF, 0xFFFF, 0xFFFF, 0x0000, 0x0000,
    0x0000, 0x0000, 0x0000, 0x0000, 0xFFFF, 0xFFFF, 0xFFFF, 0xFFFF, 0xFFFF, 0xFFFF, 0xFFFF, 0xFFFF, 0xFFFF, 0xFFFF, 0xFFFF, 0xFFFF,
    0xFFFF, 0xFFFF, 0xFFFF, 0xFFFF, 0xFFFF, 0xFFFF, 0x0000, 0x0000, 0x0000, 0x0000, 0x0000, 0x0000, 0x0000, 0x0000, 0x0000, 0x0000,
    0x0000, 0x0000, 0xFFFF, 0xFFFF, 0xFFFF, 0xFFFF, 0xFFFF, 0xFFFF, 0x0000, 0x0000, 0x0000, 0x0000, 0x0000, 0x0000, 0xFFFF, 0xFFFF,
    0xFFFF, 0xFFFF, 0xFFFF, 0xFFFF, 0x0000, 0x0000, 0x0000, 0x0000, 0x0000, 0x0000, 0x0000, 0x0000, 0x0000, 0x0000, 0x0000, 0x0000,
    0x0000, 0x0000, 0x0000, 0x0000, 0x0000, 0x0000, 0x0000, 0x0000, 0x0000, 0x0000, 0x0000, 0x0000, 0x0000, 0x0000, 0x0000, 0x0000,
    0x0000, 0x0000, 0xFFFF, 0xFFFF, 0xFFFF, 0xFFFF, 0xFFFF, 0xFFFF, 0xFFFF, 0xFFFF, 0xFFFF, 0xFFFF, 0xFFFF, 0xFFFF, 0x0000, 0x0000,
    0x0000, 0x0000, 0x0000, 0x0000, 0xFFFF, 0xFFFF, 0xFFFF, 0xFFFF, 0xFFFF, 0xFFFF, 0xFFFF, 0xFFFF, 0xFFFF, 0xFFFF, 0xFFFF, 0xFFFF,
    0xFFFF, 0xFFFF, 0xFFFF, 0xFFFF, 0xFFFF, 0xFFFF, 0xFFFF, 0xFFFF, 0xFFFF, 0xFFFF, 0xFFFF, 0xFFFF, 0xFFFF, 0xFFFF, 0xFFFF, 0xFFFF,
    0xFFFF, 0xFFFF, 0xFFFF, 0xFFFF, 0xFFFF, 0xFFFF, 0xFFFF, 0xFFFF, 0xFFFF, 0xFFFF, 0xFFFF, 0xFDB7, 0xFB2E, 0xFB0D, 0xFB0D, 0xFB0D,
    0xFB0D, 0xFBAF, 0xFCF4, 0xFD15, 0xFD15, 0xECF5, 0x5B14, 0x4AB4, 0x4AB4, 0x4AB4, 0x4AB4, 0x4AB4, 0x4AB4, 0x4AB4, 0x849A, 0xADFF,
    0xADFF, 0xADFF, 0xADFF, 0xADFF, 0xADFF, 0xADFF, 0xADFF, 0xADFF, 0xADFF, 0xADFF, 0xADFF, 0xADFF, 0xADFF, 0xADFF, 0xADFF, 0xADFF,
    0xADFF, 0xADFF, 0xADFF, 0xADFF, 0xADFF, 0xADFF, 0xADFF, 0xADFF, 0xADFF, 0xADFF, 0xADFF, 0xADFF, 0xADFF, 0xADFF, 0xADFF, 0xADFF,
    0xADFF, 0xADFF, 0xADFF, 0xADFF, 0xADFF, 0xADFF, 0xADFF, 0xADFF, 0xADFF, 0xADFF, 0xADFF, 0xADFF, 0xADFF, 0xADFF, 0xADFF, 0xADFF,
    0xADFF, 0xADFF, 0xADFF, 0xADFF, 0xADFF, 0xADFF, 0xADFF, 0xADFF, 0xADFF, 0xADFF, 0xADFF, 0xADFF, 0xADFF, 0x5B56, 0x4AB4, 0x4AB4,
    0x4AB4, 0x4AB4, 0x4AB4, 0x4AB4, 0x4AB4, 0x8BB4, 0xFD15, 0xFD15, 0xFD15, 0xFD15, 0xFD15, 0xFD15, 0xFD15, 0xFD15, 0xFD15, 0xFD15,
    0xFD15, 0xFD15, 0xFD15, 0xFD15, 0xFBAF, 0xFB0D, 0xFB0D, 0xFB0D, 0xFB0D, 0xFB0D, 0xFD56, 0xFFDF, 0xFFFF, 0xFFFF, 0xFFFF, 0xFFFF,
    0xFFFF, 0xFFFF, 0xFFFF, 0xFFFF, 0xFFFF, 0xFFFF, 0xFFFF, 0xFFFF, 0xFFFF, 0xFFFF, 0xFFFF, 0xFFFF, 0xFFFF, 0xFFFF, 0xFFFF, 0xFFFF,
    0xFFFF, 0xFFFF, 0xFFFF, 0xFFFF, 0x0000, 0x0000, 0x0000, 0x0000, 0x0000, 0x0000, 0x0000, 0x0000, 0x0000, 0x0000, 0x0000, 0x0000,
    0xFFFF, 0xFFFF, 0xFFFF, 0xFFFF, 0xFFFF, 0xFFFF, 0x0000, 0x0000, 0x0000, 0x0000, 0x0000, 0x0000, 0x0000, 0x0000, 0x0000, 0x0000,
    0x0000, 0x0000, 0xFFFF, 0xFFFF, 0xFFFF, 0xFFFF, 0xFFFF, 0xFFFF, 0x0000, 0x0000, 0x0000, 0x0000, 0x0000, 0x0000, 0x0000, 0x0000,
    0x0000, 0x0000, 0x0000, 0x0000, 0x0000, 0x0000, 0x0000, 0x0000, 0x0000, 0x0000, 0x0000, 0x0000, 0x0000, 0x0000, 0x0000, 0x0000,
    0x0000, 0x0000, 0x0000, 0x0000, 0x0000, 0x0000, 0xFFFF, 0xFFFF, 0xFFFF, 0xFFFF, 0xFFFF, 0xFFFF, 0x0000, 0x0000, 0x0000, 0x0000,
    0x0000, 0x0000, 0xFFFF, 0xFFFF, 0xFFFF, 0xFFFF, 0xFFFF, 0xFFFF, 0xFFFF, 0xFFFF, 0xFFFF, 0xFFFF, 0xFFFF, 0xFFFF, 0xFFFF, 0xFFFF,
    0xFFFF, 0xFFFF, 0xFFFF, 0xFFFF, 0xFFFF, 0xFFFF, 0xFFFF, 0xFFFF, 0xFFFF, 0xFFFF, 0x0000, 0x0000, 0x0000, 0x0000, 0x0000, 0x0000,
    0x0000, 0x0000, 0x0000, 0x0000, 0x0000, 0x0000, 0xFFFF, 0xFFFF, 0xFFFF, 0xFFFF, 0xFFFF, 0xFFFF, 0x0000, 0x0000, 0x0000, 0x0000,
    0x0000, 0x0000, 0x0000, 0x0000, 0x0000, 0x0000, 0x0000, 0x0000, 0x0000, 0x0000, 0x0000, 0x0000, 0x0000, 0x0000, 0xFFFF, 0xFFFF,
    0xFFFF, 0xFFFF, 0xFFFF, 0xFFFF, 0x0000, 0x0000, 0x0000, 0x0000, 0x0000, 0x0000, 0xFFFF, 0xFFFF, 0xFFFF, 0xFFFF, 0xFFFF, 0xFFFF,
    0xFFFF, 0xFFFF, 0xFFFF, 0xFFFF, 0xFFFF, 0xFFFF, 0xFFFF, 0xFFFF, 0xFFFF, 0xFFFF, 0xFFFF, 0xFFFF, 0xFFFF, 0xFFFF, 0xFFFF, 0xFFFF,
    0xFFFF, 0xFFFF, 0xFFFF, 0xFFFF, 0xFFFF, 0xFFFF, 0xFFFF, 0xFFFF, 0xFFFF, 0xFFFF, 0xFFFF, 0xFDB7, 0xFB2E, 0xFB0D, 0xFB0D, 0xFB0D,
    0xFB0D, 0xFBAF, 0xFCF4, 0xFD15, 0xFD15, 0xECF5, 0x5B14, 0x4AB4, 0x4AB4, 0x4AB4, 0x4AB4, 0x4AB4, 0x5315, 0x5335, 0x849B, 0xADFF,
    0xADFF, 0xADFF, 0xADFF, 0xADFF, 0xADFF, 0xADFF, 0xADFF, 0xADFF, 0xADFF, 0xADFF, 0xADFF, 0xADFF, 0xADFF, 0xADFF, 0xADFF, 0xADFF,
    0xADFF, 0xADFF, 0xADFF, 0xADFF, 0xADFF, 0xADFF, 0xADFF, 0xADFF, 0xADFF, 0xADFF, 0xADFF, 0xADFF, 0xADFF, 0xADFF, 0xADFF, 0xADFF,
    0xADFF, 0xADFF, 0xADFF, 0xADFF, 0xADFF, 0xADFF, 0xADFF, 0xADFF, 0xADFF, 0xADFF, 0xADFF, 0xADFF, 0xADFF, 0xADFF, 0xADFF, 0xADFF,
    0xADFF, 0xADFF, 0xADFF, 0xADFF, 0xADFF, 0xADFF, 0xADFF, 0xADFF, 0xADFF, 0xADFF, 0xADFF, 0xADFF, 0xADFF, 0x63B7, 0x5335, 0x4AD4,
    0x4AB4, 0x4AB4, 0x4AB4, 0x4AB4, 0x4AB4, 0x8394, 0xE4B5, 0xF4F5, 0xFD15, 0xFD15, 0xFD15, 0xFD15, 0xFD15, 0xFD15, 0xFD15, 0xFD15,
    0xFD15, 0xFD15, 0xFCF4, 0xFCD4, 0xFB8F, 0xFB0D, 0xFB0D, 0xFB0D, 0xFB8F, 0xFBAF, 0xFDB7, 0xFFDF, 0xFFFF, 0xFFFF, 0xFFFF, 0xFFFF,
    0xFFFF, 0xFFFF, 0xFFFF, 0xFFFF, 0xFFFF, 0xFFFF, 0xFFFF, 0xFFFF, 0xFFFF, 0xFFFF, 0xFFFF, 0xFFFF, 0xFFFF, 0xFFFF, 0xFFFF, 0xFFFF,
    0xFFFF, 0xFFFF, 0xFFFF, 0xFFFF, 0x0000, 0x0000, 0x0000, 0x0000, 0x0000, 0x0000, 0x0000, 0x0000, 0x0000, 0x0000, 0x0000, 0x0000,
    0xFFFF, 0xFFFF, 0xFFFF, 0xFFFF, 0xFFFF, 0xFFFF, 0x0000, 0x0000, 0x0000, 0x0000, 0x0000, 0x0000, 0x0000, 0x0000, 0x0000, 0x0000,
    0x0000, 0x0000, 0xFFFF, 0xFFFF, 0xFFFF, 0xFFFF, 0xFFFF, 0xFFFF, 0x0000, 0x0000, 0x0000, 0x0000, 0x0000, 0x0000, 0x0000, 0x0000,
    0x0000, 0x0000, 0x0000, 0x0000, 0x0000, 0x0000, 0x0000, 0x0000, 0x0000, 0x0000, 0x0000, 0x0000, 0x0000, 0x0000, 0x0000, 0x0000,
    0x0000, 0x0000, 0x0000, 0x0000, 0x0000, 0x0000, 0xFFFF, 0xFFFF, 0xFFFF, 0xFFFF, 0xFFFF, 0xFFFF, 0x0000, 0x0000, 0x0000, 0x0000,
    0x0000, 0x0000, 0xFFFF, 0xFFFF, 0xFFFF, 0xFFFF, 0xFFFF, 0xFFFF, 0xFFFF, 0xFFFF, 0xFFFF, 0xFFFF, 0xFFFF, 0xFFFF, 0xFFFF, 0xFFFF,
    0xFFFF, 0xFFFF, 0xFFFF, 0xFFFF, 0xFFFF, 0xFFFF, 0xFFFF, 0xFFFF, 0xFFFF, 0xFFFF, 0x0000, 0x0000, 0x0000, 0x0000, 0x0000, 0x0000,
    0x0000, 0x0000, 0x0000, 0x0000, 0x0000, 0x0000, 0xFFFF, 0xFFFF, 0xFFFF, 0xFFFF, 0xFFFF, 0xFFFF, 0x0000, 0x0000, 0x0000, 0x0000,
    0x0000, 0x0000, 0x0000, 0x0000, 0x0000, 0x0000, 0x0000, 0x0000, 0x0000, 0x0000, 0x0000, 0x0000, 0x0000, 0x0000, 0xFFFF, 0xFFFF,
    0xFFFF, 0xFFFF, 0xFFFF, 0xFFFF, 0x0000, 0x0000, 0x0000, 0x0000, 0x0000, 0x0000, 0xFFFF, 0xFFFF, 0xFFFF, 0xFFFF, 0xFFFF, 0xFFFF,
    0xFFFF, 0xFFFF, 0xFFFF, 0xFFFF, 0xFFFF, 0xFFFF, 0xFFFF, 0xFFFF, 0xFFFF, 0xFFFF, 0xFFFF, 0xFFFF, 0xFFFF, 0xFFFF, 0xFFFF, 0xFFFF,
    0xFFFF, 0xFFFF, 0xFFFF, 0xFFFF, 0xFFFF, 0xFFFF, 0xFFFF, 0xFFFF, 0xFFFF, 0xFFFF, 0xFFFF, 0xFDB7, 0xFB2E, 0xFB0D, 0xFB0D, 0xFB0D,
    0xFB0D, 0xFBAF, 0xFCF4, 0xFD15, 0xFD15, 0xECF5, 0x5B14, 0x4AB4, 0x4AB4, 0x4AB4, 0x4AB4, 0x4AB4, 0x8CFC, 0xADFF, 0xADFF, 0xADFF,
    0xADFF, 0xADFF, 0xADFF, 0xADFF, 0xADFF, 0xADFF, 0xADFF, 0xADFF, 0xADFF, 0xADFF, 0xADFF, 0xADFF, 0xADFF, 0xADFF, 0xADFF, 0xADFF,
    0xADFF, 0xADFF, 0xADFF, 0xADFF, 0xADFF, 0xADFF, 0xADFF, 0xADFF, 0xADFF, 0xADFF, 0xADFF, 0xADFF, 0xADFF, 0xADFF, 0xADFF, 0xADFF,
    0xADFF, 0xADFF, 0xADFF, 0xADFF, 0xADFF, 0xADFF, 0xADFF, 0xADFF, 0xADFF, 0xADFF, 0xADFF, 0xADFF, 0xADFF, 0xADFF, 0xADFF, 0xADFF,
    0xADFF, 0xADFF, 0xADFF, 0xADFF, 0xADFF, 0xADFF, 0xADFF, 0xADFF, 0xADFF, 0xADFF, 0xADFF, 0xADFF, 0xADFF, 0xADFF, 0xADFF, 0x6BD7,
    0x4AB4, 0x4AB4, 0x4AB4, 0x4AB4, 0x4AB4, 0x4AB4, 0x4AB4, 0x8BB4, 0xF4F5, 0xFD15, 0xFD15, 0xFD15, 0xFD15, 0xFD15, 0xFD15, 0xFD15,
    0xFD15, 0xFD15, 0xFB6F, 0xFB0D, 0xFB0D, 0xFB0D, 0xFB0D, 0xFB0D, 0xFDD7, 0xFFFF, 0xFFFF, 0xFFFF, 0xFFFF, 0xFFFF, 0xFFFF, 0xFFFF,
    0xFFFF, 0xFFFF, 0xFFFF, 0xFFFF, 0xFFFF, 0xFFFF, 0xFFFF, 0xFFFF, 0xFFFF, 0xFFFF, 0xFFFF, 0xFFFF, 0xFFFF, 0xFFFF, 0xFFFF, 0xFFFF,
    0xFFFF, 0xFFFF, 0xFFFF, 0xFFFF, 0x0000, 0x0000, 0x0000, 0x0000, 0x0000, 0x0000, 0x0000, 0x0000, 0x0000, 0x0000, 0x0000, 0x0000,
    0xFFFF, 0xFFFF, 0xFFFF, 0xFFFF, 0xFFFF, 0xFFFF, 0x0000, 0x0000, 0x0000, 0x0000, 0x0000, 0x0000, 0x0000, 0x0000, 0x0000, 0x0000,
    0x0000, 0x0000, 0xFFFF, 0xFFFF, 0xFFFF, 0xFFFF, 0xFFFF, 0xFFFF, 0x0000, 0x0000, 0x0000, 0x0000, 0x0000, 0x0000, 0x0000, 0x0000,
    0x0000, 0x0000, 0x0000, 0x0000, 0x0000, 0x0000, 0x0000, 0x0000, 0x0000, 0x0000, 0x0000, 0x0000, 0x0000, 0x0000, 0x0000, 0x0000,
    0x0000, 0x0000, 0x0000, 0x0000, 0x0000, 0x0000, 0xFFFF, 0xFFFF, 0xFFFF, 0xFFFF, 0xFFFF, 0xFFFF, 0x0000, 0x0000, 0x0000, 0x0000,
    0x0000, 0x0000, 0xFFFF, 0xFFFF, 0xFFFF, 0xFFFF, 0xFFFF, 0xFFFF, 0xFFFF, 0xFFFF, 0xFFFF, 0xFFFF, 0xFFFF, 0xFFFF, 0xFFFF, 0xFFFF,
    0xFFFF, 0xFFFF, 0xFFFF, 0xFFFF, 0xFFFF, 0xFFFF, 0xFFFF, 0xFFFF, 0xFFFF, 0xFFFF, 0x0000, 0x0000, 0x0000, 0x0000, 0x0000, 0x0000,
    0x0000, 0x0000, 0x0000, 0x0000, 0x0000, 0x0000, 0xFFFF, 0xFFFF, 0xFFFF, 0xFFFF, 0xFFFF, 0xFFFF, 0x0000, 0x0000, 0x0000, 0x0000,
    0x0000, 0x0000, 0x0000, 0x0000, 0x0000, 0x0000, 0x0000, 0x0000, 0x0000, 0x0000, 0x0000, 0x0000, 0x0000, 0x0000, 0xFFFF, 0xFFFF,
    0xFFFF, 0xFFFF, 0xFFFF, 0xFFFF, 0x0000, 0x0000, 0x0000, 0x0000, 0x0000, 0x0000, 0xFFFF, 0xFFFF, 0xFFFF, 0xFFFF, 0xFFFF, 0xFFFF,
    0xFFFF, 0xFFFF, 0xFFFF, 0xFFFF, 0xFFFF, 0xFFFF, 0xFFFF, 0xFFFF, 0xFFFF, 0xFFFF, 0xFFFF, 0xFFFF, 0xFFFF, 0xFFFF, 0xFFFF, 0xFFFF,
    0xFFFF, 0xFFFF, 0xFFFF, 0xFFFF, 0xFFFF, 0xFFFF, 0xFFFF, 0xFFFF, 0xFFFF, 0xFFFF, 0xFFFF, 0xFDB7, 0xFB2E, 0xFB0D, 0xFB0D, 0xFB0D,
    0xFB0D, 0xFBAF, 0xFCF4, 0xF4F5, 0xECD5, 0xD495, 0x5AF4, 0x4AB4, 0x4AB4, 0x4AB4, 0x5315, 0x5335, 0x94FC, 0xADFF, 0xADFF, 0xADFF,
    0xADFF, 0xADFF, 0xADFF, 0xADFF, 0xADFF, 0xADFF, 0xADFF, 0xADFF, 0xADFF, 0xADFF, 0xADFF, 0xADFF, 0xADFF, 0xADFF, 0xADFF, 0xADFF,
    0xADFF, 0xADFF, 0xADFF, 0xADFF, 0xADFF, 0xADFF, 0xADFF, 0xADFF, 0xADFF, 0xADFF, 0xADFF, 0xADFF, 0xADFF, 0xADFF, 0xADFF, 0xADFF,
    0xADFF, 0xADFF, 0xADFF, 0xADFF, 0xADFF, 0xADFF, 0xADFF, 0xADFF, 0xADFF, 0xADFF, 0xADFF, 0xADFF, 0xADFF, 0xADFF, 0xADFF, 0xADFF,
    0xADFF, 0xADFF, 0xADFF, 0xADFF, 0xADFF, 0xADFF, 0xADFF, 0xADFF, 0xADFF, 0xADFF, 0xADFF, 0xADFF, 0xADFF, 0xADFF, 0xADFF, 0x7418,
    0x5335, 0x4AD4, 0x4AB4, 0x4AB4, 0x4AB4, 0x4AB4, 0x4AB4, 0x8394, 0xDCB5, 0xF4F5, 0xFD15, 0xFD15, 0xFD15, 0xFD15, 0xFD15, 0xFD15,
    0xFCF4, 0xFCD4, 0xFB6F, 0xFB0D, 0xFB0D, 0xFB0D, 0xFB0D, 0xFB0D, 0xFDD7, 0xFFFF, 0xFFFF, 0xFFFF, 0xFFFF, 0xFFFF, 0xFFFF, 0xFFFF,
    0xFFFF, 0xFFFF, 0xFFFF, 0xFFFF, 0xFFFF, 0xFFFF, 0xFFFF, 0xFFFF, 0xFFFF, 0xFFFF, 0xFFFF, 0xFFFF, 0xFFFF, 0xFFFF, 0xFFFF, 0xFFFF,
    0xFFFF, 0xFFFF, 0xFFFF, 0xFFFF, 0x0000, 0x0000, 0x0000, 0x0000, 0x0000, 0x0000, 0x0000, 0x0000, 0x0000, 0x0000, 0x0000, 0x0000,
    0xFFFF, 0xFFFF, 0xFFFF, 0xFFFF, 0xFFFF, 0xFFFF, 0x0000, 0x0000, 0x0000, 0x0000, 0x0000, 0x0000, 0x0000, 0x0000, 0x0000, 0x0000,
    0x0000, 0x0000, 0xFFFF, 0xFFFF, 0xFFFF, 0xFFFF, 0xFFFF, 0xFFFF, 0x0000, 0x0000, 0x0000, 0x0000, 0x0000, 0x0000, 0x0000, 0x0000,
    0x0000, 0x0000, 0x0000, 0x0000, 0x0000, 0x0000, 0x0000, 0x0000, 0x0000, 0x0000, 0x0000, 0x0000, 0x0000, 0x0000, 0x0000, 0x0000,
    0x0000, 0x0000, 0x0000, 0x0000, 0x0000, 0x0000, 0xFFFF, 0xFFFF, 0xFFFF, 0xFFFF, 0xFFFF, 0xFFFF, 0x0000, 0x0000, 0x0000, 0x0000,
    0x0000, 0x0000, 0xFFFF, 0xFFFF, 0xFFFF, 0xFFFF, 0xFFFF, 0xFFFF, 0xFFFF, 0xFFFF, 0xFFFF, 0xFFFF, 0xFFFF, 0xFFFF, 0xFFFF, 0xFFFF,
    0xFFFF, 0xFFFF, 0xFFFF, 0xFFFF, 0xFFFF, 0xFFFF, 0xFFFF, 0xFFFF, 0xFFFF, 0xFFFF, 0x0000, 0x0000, 0x0000, 0x0000, 0x0000, 0x0000,
    0x0000, 0x0000, 0x0000, 0x0000, 0x0000, 0x0000, 0xFFFF, 0xFFFF, 0xFFFF, 0xFFFF, 0xFFFF, 0xFFFF, 0x0000, 0x0000, 0x0000, 0x0000,
    0x0000, 0x0000, 0x0000, 0x0000, 0x0000, 0x0000, 0x0000, 0x0000, 0x0000, 0x0000, 0x0000, 0x0000, 0x0000, 0x0000, 0xFFFF, 0xFFFF,
    0xFFFF, 0xFFFF, 0xFFFF, 0xFFFF, 0x0000, 0x0000, 0x0000, 0x0000, 0x0000, 0x0000, 0xFFFF, 0xFFFF, 0xFFFF, 0xFFFF, 0xFFFF, 0xFFFF,
    0xFFFF, 0xFFFF, 0xFFFF, 0xFFFF, 0xFFFF, 0xFFFF, 0xFFFF, 0xFFFF, 0xFFFF, 0xFFFF, 0xFFFF, 0xFFFF, 0xFFFF, 0xFFFF, 0xFFFF, 0xFFFF,
    0xFFFF, 0xFFFF, 0xFFFF, 0xFFFF, 0xFFFF, 0xFFFF, 0xFFFF, 0xFFFF, 0xFFFF, 0xFFFF, 0xFFFF, 0xFDB7, 0xFB2E, 0xFB0D, 0xFB0D, 0xFB0D,
    0xFB0D, 0xFBAF, 0xFCF4, 0xDCB5, 0x5B14, 0x4AB4, 0x4AB4, 0x4AB4, 0x4AB4, 0x4AB4, 0x9D5D, 0xADFF, 0xADFF, 0xADFF, 0xADFF, 0xADFF,
    0xADFF, 0xADFF, 0xADFF, 0xADFF, 0xADFF, 0xADFF, 0xADFF, 0xADFF, 0xADFF, 0xADFF, 0xADFF, 0xADFF, 0xADFF, 0xADFF, 0xADFF, 0xADFF,
    0xADFF, 0xADFF, 0xADFF, 0xADFF, 0xADFF, 0xADFF, 0xADFF, 0xADFF, 0xADFF, 0xADFF, 0xADFF, 0xADFF, 0xADFF, 0xADFF, 0xADFF, 0xADFF,
    0xADFF, 0xADFF, 0xADFF, 0xADFF, 0xADFF, 0xADFF, 0xADFF, 0xADFF, 0xADFF, 0xADFF, 0xADFF, 0xADFF, 0xADFF, 0xADFF, 0xADFF, 0xADFF,
    0xADFF, 0xADFF, 0xADFF, 0xADFF, 0xADFF, 0xADFF, 0xADFF, 0xADFF, 0xADFF, 0xADFF, 0xADFF, 0xADFF, 0xADFF, 0xADFF, 0xADFF, 0xADFF,
    0xADFF, 0x7439, 0x4AB4, 0x4AB4, 0x4AB4, 0x4AB4, 0x4AB4, 0x4AB4, 0x4AB4, 0x7B74, 0xECD5, 0xFD15, 0xFD15, 0xFD15, 0xFD15, 0xFCF4,
    0xFB6E, 0xFB0D, 0xFB0D, 0xFB0D, 0xFB0D, 0xFB0D, 0xFB0D, 0xFB0D, 0xFDD7, 0xFFFF, 0xFFFF, 0xFFFF, 0xFFFF, 0xFFFF, 0xFFFF, 0xFFFF,
    0xFFFF, 0xFFFF, 0xFFFF, 0xFFFF, 0xFFFF, 0xFFFF, 0xFFFF, 0xFFFF, 0xFFFF, 0xFFFF, 0xFFFF, 0xFFFF, 0xFFFF, 0xFFFF, 0xFFFF, 0xFFFF,
    0xFFFF, 0xFFFF, 0xFFFF, 0xFFFF, 0x0000, 0x0000, 0x0000, 0x0000, 0x0000, 0x0000, 0x0000, 0x0000, 0x0000, 0x0000, 0x0000, 0x0000,
    0xFFFF, 0xFFFF, 0xFFFF, 0xFFFF, 0xFFFF, 0xFFFF, 0x0000, 0x0000, 0x0000, 0x0000, 0x0000, 0x0000, 0x0000, 0x0000, 0x0000, 0x0000,
    0x0000, 0x0000, 0xFFFF, 0xFFFF, 0xFFFF, 0xFFFF, 0xFFFF, 0xFFFF, 0x0000, 0x0000, 0x0000, 0x0000, 0x0000, 0x0000, 0x0000, 0x0000,
    0x0000, 0x0000, 0x0000, 0x0000, 0x0000, 0x0000, 0x0000, 0x0000, 0x0000, 0x0000, 0x0000, 0x0000, 0x0000, 0x0000, 0x0000, 0x0000,
    0x0000, 0x0000, 0x0000, 0x0000, 0x0000, 0x0000, 0xFFFF, 0xFFFF, 0xFFFF, 0xFFFF, 0xFFFF, 0xFFFF, 0x0000, 0x0000, 0x0000, 0x0000,
    0x0000, 0x0000, 0xFFFF, 0xFFFF, 0xFFFF, 0xFFFF, 0xFFFF, 0xFFFF, 0xFFFF, 0xFFFF, 0xFFFF, 0xFFFF, 0xFFFF, 0xFFFF, 0xFFFF, 0xFFFF,
    0xFFFF, 0xFFFF, 0xFFFF, 0xFFFF, 0xFFFF, 0xFFFF, 0xFFFF, 0xFFFF, 0xFFFF, 0xFFFF, 0x0000, 0x0000, 0x0000, 0x0000, 0x0000, 0x0000,
    0x0000, 0x0000, 0x0000, 0x0000, 0x0000, 0x0000, 0xFFFF, 0xFFFF, 0xFFFF, 0xFFFF, 0xFFFF, 0xFFFF, 0x0000, 0x0000, 0x0000, 0x0000,
    0x0000, 0x0000, 0x0000, 0x0000, 0x0000, 0x0000, 0x0000, 0x0000, 0x0000, 0x0000, 0x0000, 0x0000, 0x0000, 0x0000, 0xFFFF, 0xFFFF,
    0xFFFF, 0xFFFF, 0xFFFF, 0xFFFF, 0x0000, 0x0000, 0x0000, 0x0000, 0x0000, 0x0000, 0xFFFF, 0xFFFF, 0xFFFF, 0xFFFF, 0xFFFF, 0xFFFF,
    0xFFFF, 0xFFFF, 0xFFFF, 0xFFFF, 0xFFFF, 0xFFFF, 0xFFFF, 0xFFFF, 0xFFFF, 0xFFFF, 0xFFFF, 0xFFFF, 0xFFFF, 0xFFFF, 0xFFFF, 0xFFFF,
    0xFFFF, 0xFFFF, 0xFFFF, 0xFFFF, 0xFFFF, 0xFFFF, 0xFFFF, 0xFFFF, 0xFFFF, 0xFFFF, 0xFFFF, 0xFDB7, 0xFB2E, 0xFB0D, 0xFB0D, 0xFB0D,
    0xFB0D, 0xFBAF, 0xFCF4, 0xDCB5, 0x5B14, 0x4AB4, 0x4AB4, 0x4AB4, 0x4AB4, 0x4AB4, 0x9D5D, 0xADFF, 0xADFF, 0xADFF, 0xADFF, 0xADFF,
    0xADFF, 0xADFF, 0xADFF, 0xADFF, 0xADFF, 0xADFF, 0xADFF, 0xADFF, 0xADFF, 0xADFF, 0xADFF, 0xADFF, 0xADFF, 0xADFF, 0xADFF, 0xADFF,
    0xADFF, 0xADFF, 0xADFF, 0xADFF, 0xADFF, 0xADFF, 0xADFF, 0xADFF, 0xADFF, 0xADFF, 0xADFF, 0xADFF, 0xADFF, 0xADFF, 0xADFF, 0xADFF,
    0xADFF, 0xADFF, 0xADFF, 0xADFF, 0xADFF, 0xADFF, 0xADFF, 0xADFF, 0xADFF, 0xADFF, 0xADFF, 0xADFF, 0xADFF, 0xADFF, 0xADFF, 0xADFF,
    0xADFF, 0xADFF, 0xADFF, 0xADFF, 0xADFF, 0xADFF, 0xADFF, 0xADFF, 0xADFF, 0xADFF, 0xADFF, 0xADFF, 0xADFF, 0xADFF, 0xADFF, 0xADFF,
    0xADFF, 0x7439, 0x4AB4, 0x4AB4, 0x4AB4, 0x4AB4, 0x4AB4, 0x4AB4, 0x4AB4, 0x7B74, 0xECD5, 0xFD15, 0xFD15, 0xFD15, 0xFD15, 0xFCF4,
    0xFB6E, 0xFB0D, 0xFB0D, 0xFB0D, 0xFB0D, 0xFB0D, 0xFB0D, 0xFB0D, 0xFDD7, 0xFFFF, 0xFFFF, 0xFFFF, 0xFFFF, 0xFFFF, 0xFFFF, 0xFFFF,
    0xFFFF, 0xFFFF, 0xFFFF, 0xFFFF, 0xFFFF, 0xFFFF, 0xFFFF, 0xFFFF, 0xFFFF, 0xFFFF, 0xFFFF, 0xFFFF, 0xFFFF, 0xFFFF, 0xFFFF, 0xFFFF,
    0xFFFF, 0xFFFF, 0xFFFF, 0xFFFF, 0x0000, 0x0000, 0x0000, 0x0000, 0x0000, 0x0000, 0x0000, 0x0000, 0x0000, 0x0000, 0x0000, 0x0000,
    0xFFFF, 0xFFFF, 0xFFFF, 0xFFFF, 0xFFFF, 0xFFFF, 0x0000, 0x0000, 0x0000, 0x0000, 0x0000, 0x0000, 0x0000, 0x0000, 0x0000, 0x0000,
    0x0000, 0x0000, 0xFFFF, 0xFFFF, 0xFFFF, 0xFFFF, 0xFFFF, 0xFFFF, 0x0000, 0x0000, 0x0000, 0x0000, 0x0000, 0x0000, 0x0000, 0x0000,
    0x0000, 0x0000, 0x0000, 0x0000, 0x0000, 0x0000, 0x0000, 0x0000, 0x0000, 0x0000, 0x0000, 0x0000, 0x0000, 0x0000, 0x0000, 0x0000,
    0x0000, 0x0000, 0x0000, 0x0000, 0x0000, 0x0000, 0xFFFF, 0xFFFF, 0xFFFF, 0xFFFF, 0xFFFF, 0xFFFF, 0x0000, 0x0000, 0x0000, 0x0000,
    0x0000, 0x0000, 0xFFFF, 0xFFFF, 0xFFFF, 0xFFFF, 0xFFFF, 0xFFFF, 0xFFFF, 0xFFFF, 0xFFFF, 0xFFFF, 0xFFFF, 0xFFFF, 0xFFFF, 0xFFFF,
    0xFFFF, 0xFFFF, 0xFFFF, 0xFFFF, 0xFFFF, 0xFFFF, 0xFFFF, 0xFFFF, 0xFFFF, 0xFFFF, 0x0000, 0x0000, 0x0000, 0x0000, 0x0000, 0x0000,
    0x0000, 0x0000, 0x0000, 0x0000, 0x0000, 0x0000, 0xFFFF, 0xFFFF, 0xFFFF, 0xFFFF, 0xFFFF, 0xFFFF, 0x0000, 0x0000, 0x0000, 0x0000,
    0x0000, 0x0000, 0x0000, 0x0000, 0x0000, 0x0000, 0x0000, 0x0000, 0x0000, 0x0000, 0x0000, 0x0000, 0x0000, 0x0000, 0xFFFF, 0xFFFF,
    0xFFFF, 0xFFFF, 0xFFFF, 0xFFFF, 0x0000, 0x0000, 0x0000, 0x0000, 0x0000, 0x0000, 0xFFFF, 0xFFFF, 0xFFFF, 0xFFFF, 0xFFFF, 0xFFFF,
    0xFFFF, 0xFFFF, 0xFFFF, 0xFFFF, 0xFFFF, 0xFFFF, 0xFFFF, 0xFFFF, 0xFFFF, 0xFFFF, 0xFFFF, 0xFFFF, 0xFFFF, 0xFFFF, 0xFFFF, 0xFFFF,
    0xFFFF, 0xFFFF, 0xFFFF, 0xFFFF, 0xFFFF, 0xFFFF, 0xFFFF, 0xFFFF, 0xFFFF, 0xFFFF, 0xFFFF, 0xFDB7, 0xFB2E, 0xFB0D, 0xFB0D, 0xFB0D,
    0xFB0D, 0xFBAF, 0xFCF4, 0xDCB5, 0x5B14, 0x4AB4, 0x4AB4, 0x4AB4, 0x4AB4, 0x4AB4, 0x9D5D, 0xADFF, 0xADFF, 0xADFF, 0xADFF, 0xADFF,
    0xADFF, 0xADFF, 0xADFF, 0xADFF, 0xADFF, 0xADFF, 0xADFF, 0xADFF, 0xADFF, 0xADFF, 0xADFF, 0xADFF, 0xADFF, 0xADFF, 0xADFF, 0xADFF,
    0xADFF, 0xADFF, 0xADFF, 0xADFF, 0xADFF, 0xADFF, 0xADFF, 0xADFF, 0xADFF, 0xADFF, 0xADFF, 0xADFF, 0xADFF, 0xADFF, 0xADFF, 0xADFF,
    0xADFF, 0xA59E, 0x5335, 0x4AB4, 0x4AB4, 0x4AB4, 0x4AB4, 0x4AB4, 0x8CFC, 0xADFF, 0xADFF, 0xADFF, 0xADFF, 0xADFF, 0xADFF, 0xADFF,
    0xADFF, 0xADFF, 0xADFF, 0xADFF, 0xADFF, 0xADFF, 0xADFF, 0xADFF, 0xADFF, 0xADFF, 0xADFF, 0xADFF, 0xADFF, 0xADFF, 0xADFF, 0xADFF,
    0xADFF, 0x7439, 0x4AB4, 0x4AB4, 0x4AB4, 0x4AB4, 0x4AB4, 0x4AB4, 0x4AB4, 0x7B74, 0xECD5, 0xFD15, 0xFD15, 0xFCF4, 0xFB4E, 0xFB0D,
    0xFB0D, 0xFB0D, 0xFB0D, 0xFB0D, 0xFB0D, 0xFB0D, 0xFDF8, 0xFFFF, 0xFFFF, 0xFFFF, 0xFFFF, 0xFFFF, 0xFFFF, 0xFFFF, 0xFFFF, 0xFFFF,
    0xFFFF, 0xFFFF, 0xFFFF, 0xFFFF, 0xFFFF, 0xFFFF, 0xFFFF, 0xFFFF, 0xFFFF, 0xFFFF, 0xFFFF, 0xFFFF, 0xFFFF, 0xFFFF, 0xFFFF, 0xFFFF,
    0xFFFF, 0xFFFF, 0xFFFF, 0xFFFF, 0x0000, 0x0000, 0x0000, 0x0000, 0x0000, 0x0000, 0xFFFF, 0xFFFF, 0xFFFF, 0xFFFF, 0xFFFF, 0xFFFF,
    0x0000, 0x0000, 0x0000, 0x0000, 0x0000, 0x0000, 0x0000, 0x0000, 0x0000, 0x0000, 0x0000, 0x0000, 0x0000, 0x0000, 0x0000, 0x0000,
    0x0000, 0x0000, 0xFFFF, 0xFFFF, 0xFFFF, 0xFFFF, 0xFFFF, 0xFFFF, 0xFFFF, 0xFFFF, 0xFFFF, 0xFFFF, 0xFFFF, 0xFFFF, 0x0000, 0x0000,
    0x0000, 0x0000, 0x0000, 0x0000, 0xFFFF, 0xFFFF, 0xFFFF, 0xFFFF, 0xFFFF, 0xFFFF, 0xFFFF, 0xFFFF, 0xFFFF, 0xFFFF, 0xFFFF, 0xFFFF,
    0x0000, 0x0000, 0x0000, 0x0000, 0x0000, 0x0000, 0xFFFF, 0xFFFF, 0xFFFF, 0xFFFF, 0xFFFF, 0xFFFF, 0xFFFF, 0xFFFF, 0xFFFF, 0xFFFF,
    0xFFFF, 0xFFFF, 0xFFFF, 0xFFFF, 0xFFFF, 0xFFFF, 0xFFFF, 0xFFFF, 0x0000, 0x0000, 0x0000, 0x0000, 0x0000, 0x0000, 0xFFFF, 0xFFFF,
    0xFFFF, 0xFFFF, 0xFFFF, 0xFFFF, 0x0000, 0x0000, 0x0000, 0x0000, 0x0000, 0x0000, 0xFFFF, 0xFFFF, 0xFFFF, 0xFFFF, 0xFFFF, 0xFFFF,
    0xFFFF, 0xFFFF, 0xFFFF, 0xFFFF, 0xFFFF, 0xFFFF, 0x0000, 0x0000, 0x0000, 0x0000, 0x0000, 0x0000, 0xFFFF, 0xFFFF, 0xFFFF, 0xFFFF,
    0xFFFF, 0xFFFF, 0xFFFF, 0xFFFF, 0xFFFF, 0xFFFF, 0xFFFF, 0xFFFF, 0x0000, 0x0000, 0x0000, 0x0000, 0x0000, 0x0000, 0xFFFF, 0xFFFF,
    0xFFFF, 0xFFFF, 0xFFFF, 0xFFFF, 0xFFFF, 0xFFFF, 0xFFFF, 0xFFFF, 0xFFFF, 0xFFFF, 0xFFFF, 0xFFFF, 0xFFFF, 0xFFFF, 0xFFFF, 0xFFFF,
    0xFFFF, 0xFFFF, 0xFFFF, 0xFFFF, 0xFFFF, 0xFFFF, 0xFFFF, 0xFFFF, 0xFFFF, 0xFFFF, 0xFFFF, 0xFFFF, 0xFFFF, 0xFFFF, 0xFFFF, 0xFFFF,
    0xFFFF, 0xFFFF, 0xFFFF, 0xFFFF, 0xFFFF, 0xFFFF, 0xFFFF, 0xFFFF, 0xFFFF, 0xFFFF, 0xFFFF, 0xFDB7, 0xFB2E, 0xFB0D, 0xFB0D, 0xFB0D,
    0xFB0D, 0xFBAF, 0xFCF4, 0xDCB5, 0x5B14, 0x4AB4, 0x4AB4, 0x4AB4, 0x4AB4, 0x4AB4, 0x9D5D, 0xADFF, 0xADFF, 0xADFF, 0xADFF, 0xADFF,
    0xADFF, 0xADFF, 0xADFF, 0xADFF, 0xADFF, 0xADFF, 0xADFF, 0xADFF, 0xADFF, 0xADFF, 0xADFF, 0xADFF, 0xADFF, 0xADFF, 0xADFF, 0xADFF,
    0xADFF, 0xADFF, 0xADFF, 0xADFF, 0xADFF, 0xADFF, 0xADFF, 0xADFF, 0xADFF, 0xADFF, 0xADFF, 0xADFF, 0xADFF, 0xADFF, 0xADFF, 0xADFF,
    0xADFF, 0xA59E, 0x5335, 0x4AB4, 0x4AB4, 0x4AB4, 0x4AB4, 0x4AB4, 0x8CFC, 0xADFF, 0xADFF, 0xADFF, 0xADFF, 0xADFF, 0xADFF, 0xADFF,
    0xADFF, 0xADFF, 0xADFF, 0xADFF, 0xADFF, 0xADFF, 0xADFF, 0xADFF, 0xADFF, 0xADFF, 0xADFF, 0xADFF, 0xADFF, 0xADFF, 0xADFF, 0xADFF,
    0xADFF, 0x7439, 0x4AB4, 0x4AB4, 0x4AB4, 0x4AB4, 0x4AB4, 0x4AB4, 0x4AB4, 0x7B74, 0xECD5, 0xFD15, 0xFD15, 0xFCF4, 0xFB4E, 0xFB0D,
    0xFB0D, 0xFB0D, 0xFB0D, 0xFB0D, 0xFB0D, 0xFB0D, 0xFDF8, 0xFFFF, 0xFFFF, 0xFFFF, 0xFFFF, 0xFFFF, 0xFFFF, 0xFFFF, 0xFFFF, 0xFFFF,
    0xFFFF, 0xFFFF, 0xFFFF, 0xFFFF, 0xFFFF, 0xFFFF, 0xFFFF, 0xFFFF, 0xFFFF, 0xFFFF, 0xFFFF, 0xFFFF, 0xFFFF, 0xFFFF, 0xFFFF, 0xFFFF,
    0xFFFF, 0xFFFF, 0xFFFF, 0xFFFF, 0x0000, 0x0000, 0x0000, 0x0000, 0x0000, 0x0000, 0xFFFF, 0xFFFF, 0xFFFF, 0xFFFF, 0xFFFF, 0xFFFF,
    0x0000, 0x0000, 0x0000, 0x0000, 0x0000, 0x0000, 0x0000, 0x0000, 0x0000, 0x0000, 0x0000, 0x0000, 0x0000, 0x0000, 0x0000, 0x0000,
    0x0000, 0x0000, 0xFFFF, 0xFFFF, 0xFFFF, 0xFFFF, 0xFFFF, 0xFFFF, 0xFFFF, 0xFFFF, 0xFFFF, 0xFFFF, 0xFFFF, 0xFFFF, 0x0000, 0x0000,
    0x0000, 0x0000, 0x0000, 0x0000, 0xFFFF, 0xFFFF, 0xFFFF, 0xFFFF, 0xFFFF, 0xFFFF, 0xFFFF, 0xFFFF, 0xFFFF, 0xFFFF, 0xFFFF, 0xFFFF,
    0x0000, 0x0000, 0x0000, 0x0000, 0x0000, 0x0000, 0xFFFF, 0xFFFF, 0xFFFF, 0xFFFF, 0xFFFF, 0xFFFF, 0xFFFF, 0xFFFF, 0xFFFF, 0xFFFF,
    0xFFFF, 0xFFFF, 0xFFFF, 0xFFFF, 0xFFFF, 0xFFFF, 0xFFFF, 0xFFFF, 0x0000, 0x0000, 0x0000, 0x0000, 0x0000, 0x0000, 0xFFFF, 0xFFFF,
    0xFFFF, 0xFFFF, 0xFFFF, 0xFFFF, 0x0000, 0x0000, 0x0000, 0x0000, 0x0000, 0x0000, 0xFFFF, 0xFFFF, 0xFFFF, 0xFFFF, 0xFFFF, 0xFFFF,
    0xFFFF, 0xFFFF, 0xFFFF, 0xFFFF, 0xFFFF, 0xFFFF, 0x0000, 0x0000, 0x0000, 0x0000, 0x0000, 0x0000, 0xFFFF, 0xFFFF, 0xFFFF, 0xFFFF,
    0xFFFF, 0xFFFF, 0xFFFF, 0xFFFF, 0xFFFF, 0xFFFF, 0xFFFF, 0xFFFF, 0x0000, 0x0000, 0x0000, 0x0000, 0x0000, 0x0000, 0xFFFF, 0xFFFF,
    0xFFFF, 0xFFFF, 0xFFFF, 0xFFFF, 0xFFFF, 0xFFFF, 0xFFFF, 0xFFFF, 0xFFFF, 0xFFFF, 0xFFFF, 0xFFFF, 0xFFFF, 0xFFFF, 0xFFFF, 0xFFFF,
    0xFFFF, 0xFFFF, 0xFFFF, 0xFFFF, 0xFFFF, 0xFFFF, 0xFFFF, 0xFFFF, 0xFFFF, 0xFFFF, 0xFFFF, 0xFFFF, 0xFFFF, 0xFFFF, 0xFFFF, 0xFFFF,
    0xFFFF, 0xFFFF, 0xFFFF, 0xFFFF, 0xFFFF, 0xFFFF, 0xFFFF, 0xFFFF, 0xFFFF, 0xFFFF, 0xFFFF, 0xFDB7, 0xFB2E, 0xFB0D, 0xFB0D, 0xFB0D,
    0xFB0D, 0xD30F, 0x6B13, 0x5B14, 0x4AD4, 0x4AB4, 0x4AB4, 0x4AB4, 0x951C, 0xA57E, 0xADDF, 0xADFF, 0xADFF, 0xADFF, 0xADFF, 0xADFF,
    0xADFF, 0xADFF, 0xADFF, 0xADFF, 0xADFF, 0xADFF, 0xADFF, 0xADFF, 0xADFF, 0xADFF, 0xADFF, 0xADFF, 0xADFF, 0xADFF, 0xADFF, 0xADFF,
    0xADFF, 0xADFF, 0xADFF, 0xADFF, 0xADFF, 0xADFF, 0xADFF, 0xADFF, 0xADFF, 0xADFF, 0xADFF, 0xADFF, 0xADFF, 0xADFF, 0xADFF, 0xADFF,
    0xADFF, 0xA59E, 0x5335, 0x4AB4, 0x4AB4, 0x4AB4, 0x4AB4, 0x4AB4, 0x8CFC, 0xADFF, 0xADFF, 0xADFF, 0xADFF, 0xADFF, 0xADFF, 0xADFF,
    0xADFF, 0xADFF, 0xADFF, 0xADFF, 0xADFF, 0xADFF, 0xADFF, 0xADFF, 0xADFF, 0xADFF, 0xADFF, 0xADFF, 0xADFF, 0xADFF, 0xADFF, 0xADFF,
    0xADFF, 0xADBF, 0xA57E, 0x7439, 0x4AB4, 0x4AB4, 0x4AB4, 0x4AB4, 0x4AB4, 0x7B74, 0xECD5, 0xFD15, 0xFD15, 0xFCF4, 0xFB4E, 0xFB0D,
    0xFB0D, 0xFB0D, 0xFB0D, 0xFB0D, 0xFB0D, 0xFB0D, 0xFDF8, 0xFFFF, 0xFFFF, 0xFFFF, 0xFFFF, 0xFFFF, 0xFFFF, 0xFFFF, 0xFFFF, 0xFFFF,
    0xFFFF, 0xFFFF, 0xFFFF, 0xFFFF, 0xFFFF, 0xFFFF, 0xFFFF, 0xFFFF, 0xFFFF, 0xFFFF, 0xFFFF, 0xFFFF, 0xFFFF, 0xFFFF, 0xFFFF, 0xFFFF,
    0xFFFF, 0xFFFF, 0xFFFF, 0xFFFF, 0x0000, 0x0000, 0x0000, 0x0000, 0x0000, 0x0000, 0xFFFF, 0xFFFF, 0xFFFF, 0xFFFF, 0xFFFF, 0xFFFF,
    0x0000, 0x0000, 0x0000, 0x0000, 0x0000, 0x0000, 0x0000, 0x0000, 0x0000, 0x0000, 0x0000, 0x0000, 0x0000, 0x0000, 0x0000, 0x0000,
    0x0000, 0x0000, 0xFFFF, 0xFFFF, 0xFFFF, 0xFFFF, 0xFFFF, 0xFFFF, 0xFFFF, 0xFFFF, 0xFFFF, 0xFFFF, 0xFFFF, 0xFFFF, 0x0000, 0x0000,
    0x0000, 0x0000, 0x0000, 0x0000, 0xFFFF, 0xFFFF, 0xFFFF, 0xFFFF, 0xFFFF, 0xFFFF, 0xFFFF, 0xFFFF, 0xFFFF, 0xFFFF, 0xFFFF, 0xFFFF,
    0x0000, 0x0000, 0x0000, 0x0000, 0x0000, 0x0000, 0xFFFF, 0xFFFF, 0xFFFF, 0xFFFF, 0xFFFF, 0xFFFF, 0xFFFF, 0xFFFF, 0xFFFF, 0xFFFF,
    0xFFFF, 0xFFFF, 0xFFFF, 0xFFFF, 0xFFFF, 0xFFFF, 0xFFFF, 0xFFFF, 0x0000, 0x0000, 0x0000, 0x0000, 0x0000, 0x0000, 0xFFFF, 0xFFFF,
    0xFFFF, 0xFFFF, 0xFFFF, 0xFFFF, 0x0000, 0x0000, 0x0000, 0x0000, 0x0000, 0x0000, 0xFFFF, 0xFFFF, 0xFFFF, 0xFFFF, 0xFFFF, 0xFFFF,
    0xFFFF, 0xFFFF, 0xFFFF, 0xFFFF, 0xFFFF, 0xFFFF, 0x0000, 0x0000, 0x0000, 0x0000, 0x0000, 0x0000, 0xFFFF, 0xFFFF, 0xFFFF, 0xFFFF,
    0xFFFF, 0xFFFF, 0xFFFF, 0xFFFF, 0xFFFF, 0xFFFF, 0xFFFF, 0xFFFF, 0x0000, 0x0000, 0x0000, 0x0000, 0x0000, 0x0000, 0xFFFF, 0xFFFF,
    0xFFFF, 0xFFFF, 0xFFFF, 0xFFFF, 0xFFFF, 0xFFFF, 0xFFFF, 0xFFFF, 0xFFFF, 0xFFFF, 0xFFFF, 0xFFFF, 0xFFFF, 0xFFFF, 0xFFFF, 0xFFFF,
    0xFFFF, 0xFFFF, 0xFFFF, 0xFFFF, 0xFFFF, 0xFFFF, 0xFFFF, 0xFFFF, 0xFFFF, 0xFFFF, 0xFFFF, 0xFFFF, 0xFFFF, 0xFFFF, 0xFFFF, 0xFFFF,
    0xFFFF, 0xFFFF, 0xFFFF, 0xFFFF, 0xFFFF, 0xFFFF, 0xFFFF, 0xFFFF, 0xFFFF, 0xFFFF, 0xFFFF, 0xFDB7, 0xFB2E, 0xFB0D, 0xFB0D, 0xFB0D,
    0xFB0D, 0xCAEF, 0x5AD3, 0x4AB4, 0x4AB4, 0x4AB4, 0x4AB4, 0x4AB4, 0x9D7E, 0xADFF, 0xADFF, 0xADFF, 0xADFF, 0xADFF, 0xADFF, 0xADFF,
    0xADFF, 0xADFF, 0xADFF, 0xADFF, 0xADFF, 0xADFF, 0xADFF, 0xADFF, 0xADFF, 0xADFF, 0xADFF, 0xADFF, 0xADFF, 0xADFF, 0xADFF, 0xADFF,
    0xADFF, 0xADFF, 0xADFF, 0xADFF, 0xADFF, 0xADFF, 0xADFF, 0xADFF, 0xADFF, 0xADFF, 0xADFF, 0xADFF, 0xADFF, 0xADFF, 0xADFF, 0xADFF,
    0xADFF, 0xA59E, 0x5335, 0x4AB4, 0x4AB4, 0x4AB4, 0x4AB4, 0x4AB4, 0x8CFC, 0xADFF, 0xADFF, 0xADFF, 0xADFF, 0xADFF, 0xADFF, 0xADFF,
    0xADFF, 0xADFF, 0xADFF, 0xADFF, 0xADFF, 0xADFF, 0xADFF, 0xADFF, 0xADFF, 0xADFF, 0xADFF, 0xADFF, 0xADFF, 0xADFF, 0xADFF, 0xADFF,
    0xADFF, 0xADFF, 0xADFF, 0x7C7A, 0x4AB4, 0x4AB4, 0x4AB4, 0x4AB4, 0x4AB4, 0x7B74, 0xECD5, 0xFD15, 0xFD15, 0xFCF4, 0xFB4E, 0xFB0D,
    0xFB0D, 0xFB0D, 0xFB0D, 0xFB0D, 0xFB0D, 0xFB0D, 0xFDF8, 0xFFFF, 0xFFFF, 0xFFFF, 0xFFFF, 0xFFFF, 0xFFFF, 0xFFFF, 0xFFFF, 0xFFFF,
    0xFFFF, 0xFFFF, 0xFFFF, 0xFFFF, 0xFFFF, 0xFFFF, 0xFFFF, 0xFFFF, 0xFFFF, 0xFFFF, 0xFFFF, 0xFFFF, 0xFFFF, 0xFFFF, 0xFFFF, 0xFFFF,
    0xFFFF, 0xFFFF, 0xFFFF, 0xFFFF, 0x0000, 0x0000, 0x0000, 0x0000, 0x0000, 0x0000, 0xFFFF, 0xFFFF, 0xFFFF, 0xFFFF, 0xFFFF, 0xFFFF,
    0x0000, 0x0000, 0x0000, 0x0000, 0x0000, 0x0000, 0x0000, 0x0000, 0x0000, 0x0000, 0x0000, 0x0000, 0x0000, 0x0000, 0x0000, 0x0000,
    0x0000, 0x0000, 0xFFFF, 0xFFFF, 0xFFFF, 0xFFFF, 0xFFFF, 0xFFFF, 0xFFFF, 0xFFFF, 0xFFFF, 0xFFFF, 0xFFFF, 0xFFFF, 0x0000, 0x0000,
    0x0000, 0x0000, 0x0000, 0x0000, 0xFFFF, 0xFFFF, 0xFFFF, 0xFFFF, 0xFFFF, 0xFFFF, 0xFFFF, 0xFFFF, 0xFFFF, 0xFFFF, 0xFFFF, 0xFFFF,
    0x0000, 0x0000, 0x0000, 0x0000, 0x0000, 0x0000, 0xFFFF, 0xFFFF, 0xFFFF, 0xFFFF, 0xFFFF, 0xFFFF, 0xFFFF, 0xFFFF, 0xFFFF, 0xFFFF,
    0xFFFF, 0xFFFF, 0xFFFF, 0xFFFF, 0xFFFF, 0xFFFF, 0xFFFF, 0xFFFF, 0x0000, 0x0000, 0x0000, 0x0000, 0x0000, 0x0000, 0xFFFF, 0xFFFF,
    0xFFFF, 0xFFFF, 0xFFFF, 0xFFFF, 0x0000, 0x0000, 0x0000, 0x0000, 0x0000, 0x0000, 0xFFFF, 0xFFFF, 0xFFFF, 0xFFFF, 0xFFFF, 0xFFFF,
    0xFFFF, 0xFFFF, 0xFFFF, 0xFFFF, 0xFFFF, 0xFFFF, 0x0000, 0x0000, 0x0000, 0x0000, 0x0000, 0x0000, 0xFFFF, 0xFFFF, 0xFFFF, 0xFFFF,
    0xFFFF, 0xFFFF, 0xFFFF, 0xFFFF, 0xFFFF, 0xFFFF, 0xFFFF, 0xFFFF, 0x0000, 0x0000, 0x0000, 0x0000, 0x0000, 0x0000, 0xFFFF, 0xFFFF,
    0xFFFF, 0xFFFF, 0xFFFF, 0xFFFF, 0xFFFF, 0xFFFF, 0xFFFF, 0xFFFF, 0xFFFF, 0xFFFF, 0xFFFF, 0xFFFF, 0xFFFF, 0xFFFF, 0xFFFF, 0xFFFF,
    0xFFFF, 0xFFFF, 0xFFFF, 0xFFFF, 0xFFFF, 0xFFFF, 0xFFFF, 0xFFFF, 0xFFFF, 0xFFFF, 0xFFFF, 0xFFFF, 0xFFFF, 0xFFFF, 0xFFFF, 0xFFFF,
    0xFFFF, 0xFFFF, 0xFFFF, 0xFFFF, 0xFFFF, 0xFFFF, 0xFFFF, 0xFFFF, 0xFFFF, 0xFFFF, 0xFFFF, 0xFDB7, 0xFB2E, 0xFB0D, 0xFB0D, 0xDB0E,
    0x7AD2, 0x62D3, 0x4AB3, 0x4AB4, 0x4AB4, 0x4AB4, 0x4AB4, 0x4AB4, 0x9D7E, 0xADFF, 0xADFF, 0xADFF, 0xADFF, 0xADFF, 0xADFF, 0xADFF,
    0xADFF, 0xADFF, 0xADFF, 0xADFF, 0xADFF, 0xADFF, 0xADFF, 0xADFF, 0xADFF, 0xADFF, 0xADFF, 0xADFF, 0xADFF, 0xADFF, 0xADFF, 0xADFF,
    0xADFF, 0xADFF, 0xADFF, 0xADFF, 0xADFF, 0xADFF, 0xADFF, 0xADFF, 0xADFF, 0xADFF, 0xADFF, 0xADFF, 0xADFF, 0xADFF, 0xADFF, 0xADFF,
    0xADFF, 0xA59E, 0x5335, 0x4AB4, 0x4AB4, 0x4AB4, 0x4AB4, 0x4AB4, 0x8CFC, 0xADFF, 0xADFF, 0xADFF, 0xADFF, 0xADFF, 0xADFF, 0xADFF,
    0xADFF, 0xADFF, 0xADFF, 0xADFF, 0xADFF, 0xADFF, 0xADFF, 0xADFF, 0xADFF, 0xADFF, 0xADFF, 0xADFF, 0xADFF, 0xADFF, 0xADFF, 0xADFF,
    0xADFF, 0xADFF, 0xADFF, 0x7C7A, 0x4AB4, 0x4AB4, 0x4AB4, 0x4AB4, 0x4AB4, 0x5AF4, 0x7354, 0x8BB4, 0xF4F5, 0xFCF4, 0xFB4E, 0xFB0D,
    0xFB0D, 0xFB0D, 0xFB0D, 0xFB0D, 0xFD97, 0xFEBB, 0xFF9E, 0xFFFF, 0xFFFF, 0xFFFF, 0xFFFF, 0xFFFF, 0xFFFF, 0xFFFF, 0xFFFF, 0xFFFF,
    0xFFFF, 0xFFFF, 0xFFFF, 0xFFFF, 0xFFFF, 0xFFFF, 0xFFFF, 0xFFFF, 0xFFFF, 0xFFFF, 0xFFFF, 0xFFFF, 0xFFFF, 0xFFFF, 0xFFFF, 0xFFFF,
    0xFFFF, 0xFFFF, 0xFFFF, 0xFFFF, 0x0000, 0x0000, 0x0000, 0x0000, 0x0000, 0x0000, 0xFFFF, 0xFFFF, 0xFFFF, 0xFFFF, 0xFFFF, 0xFFFF,
    0x0000, 0x0000, 0x0000, 0x0000, 0x0000, 0x0000, 0x0000, 0x0000, 0x0000, 0x0000, 0x0000, 0x0000, 0x0000, 0x0000, 0x0000, 0x0000,
    0x0000, 0x0000, 0xFFFF, 0xFFFF, 0xFFFF, 0xFFFF, 0xFFFF, 0xFFFF, 0xFFFF, 0xFFFF, 0xFFFF, 0xFFFF, 0xFFFF, 0xFFFF, 0x0000, 0x0000,
    0x0000, 0x0000, 0x0000, 0x0000, 0xFFFF, 0xFFFF, 0xFFFF, 0xFFFF, 0xFFFF, 0xFFFF, 0xFFFF, 0xFFFF, 0xFFFF, 0xFFFF, 0xFFFF, 0xFFFF,
    0x0000, 0x0000, 0x0000, 0x0000, 0x0000, 0x0000, 0xFFFF, 0xFFFF, 0xFFFF, 0xFFFF, 0xFFFF, 0xFFFF, 0xFFFF, 0xFFFF, 0xFFFF, 0xFFFF,
    0xFFFF, 0xFFFF, 0xFFFF, 0xFFFF, 0xFFFF, 0xFFFF, 0xFFFF, 0xFFFF, 0x0000, 0x0000, 0x0000, 0x0000, 0x0000, 0x0000, 0xFFFF, 0xFFFF,
    0xFFFF, 0xFFFF, 0xFFFF, 0xFFFF, 0x0000, 0x0000, 0x0000, 0x0000, 0x0000, 0x0000, 0xFFFF, 0xFFFF, 0xFFFF, 0xFFFF, 0xFFFF, 0xFFFF,
    0xFFFF, 0xFFFF, 0xFFFF, 0xFFFF, 0xFFFF, 0xFFFF, 0x0000, 0x0000, 0x0000, 0x0000, 0x0000, 0x0000, 0xFFFF, 0xFFFF, 0xFFFF, 0xFFFF,
    0xFFFF, 0xFFFF, 0xFFFF, 0xFFFF, 0xFFFF, 0xFFFF, 0xFFFF, 0xFFFF, 0x0000, 0x0000, 0x0000, 0x0000, 0x0000, 0x0000, 0xFFFF, 0xFFFF,
    0xFFFF, 0xFFFF, 0xFFFF, 0xFFFF, 0xFFFF, 0xFFFF, 0xFFFF, 0xFFFF, 0xFFFF, 0xFFFF, 0xFFFF, 0xFFFF, 0xFFFF, 0xFFFF, 0xFFFF, 0xFFFF,
    0xFFFF, 0xFFFF, 0xFFFF, 0xFFFF, 0xFFFF, 0xFFFF, 0xFFFF, 0xFFFF, 0xFFFF, 0xFFFF, 0xFFFF, 0xFFFF, 0xFFFF, 0xFFFF, 0xFFFF, 0xFFFF,
    0xFFFF, 0xFFFF, 0xFFFF, 0xFFFF, 0xFFFF, 0xFFFF, 0xFFFF, 0xFFFF, 0xFFFF, 0xFFFF, 0xFFFF, 0xFDB7, 0xFB2E, 0xFB0D, 0xFB0D, 0xCAEF,
    0x52D3, 0x4AB4, 0x4AB4, 0x4AB4, 0x4AB4, 0x4AB4, 0x4AB4, 0x4AB4, 0x9D7E, 0xADFF, 0xADFF, 0xADFF, 0xADFF, 0xADFF, 0xADFF, 0xADFF,
    0xADFF, 0xADFF, 0xADFF, 0xADFF, 0xADFF, 0xADFF, 0xADFF, 0xADFF, 0xADFF, 0xADFF, 0xADFF, 0xADFF, 0xADFF, 0xADFF, 0xADFF, 0xADFF,
    0xADFF, 0xADFF, 0xADFF, 0xADFF, 0xADFF, 0xADFF, 0xADFF, 0xADFF, 0xADFF, 0xADFF, 0xADFF, 0xADFF, 0xADFF, 0xADFF, 0xADFF, 0xADFF,
    0xADFF, 0xA59E, 0x5335, 0x4AB4, 0x4AB4, 0x4AB4, 0x4AB4, 0x4AB4, 0x8CFC, 0xADFF, 0xADFF, 0xADFF, 0xADFF, 0xADFF, 0xADFF, 0xADFF,
    0xADFF, 0xADFF, 0xADFF, 0xADFF, 0xADFF, 0xADFF, 0xADFF, 0xADFF, 0xADFF, 0xADFF, 0xADFF, 0xADFF, 0xADFF, 0xADFF, 0xADFF, 0xADFF,
    0xADFF, 0xADFF, 0xADFF, 0x7C7A, 0x4AB4, 0x4AB4, 0x4AB4, 0x4AB4, 0x4AB4, 0x4AB4, 0x4AB4, 0x6B34, 0xECD5, 0xFCF4, 0xFB4E, 0xFB0D,
    0xFB0D, 0xFB0D, 0xFB0D, 0xFB0D, 0xFE9A, 0xFFFF, 0xFFFF, 0xFFFF, 0xFFFF, 0xFFFF, 0xFFFF, 0xFFFF, 0xFFFF, 0xFFFF, 0xFFFF, 0xFFFF,
    0xFFFF, 0xFFFF, 0xFFFF, 0xFFFF, 0xFFFF, 0xFFFF, 0xFFFF, 0xFFFF, 0xFFFF, 0xFFFF, 0xFFFF, 0xFFFF, 0xFFFF, 0xFFFF, 0xFFFF, 0xFFFF,
    0xFFFF, 0xFFFF, 0xFFFF, 0xFFFF, 0x0000, 0x0000, 0x0000, 0x0000, 0x0000, 0x0000, 0xFFFF, 0xFFFF, 0xFFFF, 0xFFFF, 0xFFFF, 0xFFFF,
    0x0000, 0x0000, 0x0000, 0x0000, 0x0000, 0x0000, 0x0000, 0x0000, 0x0000, 0x0000, 0x0000, 0x0000, 0x0000, 0x0000, 0x0000, 0x0000,
    0x0000, 0x0000, 0xFFFF, 0xFFFF, 0xFFFF, 0xFFFF, 0xFFFF, 0xFFFF, 0xFFFF, 0xFFFF, 0xFFFF, 0xFFFF, 0xFFFF, 0xFFFF, 0x0000, 0x0000,
    0x0000, 0x0000, 0x0000, 0x0000, 0xFFFF, 0xFFFF, 0xFFFF, 0xFFFF, 0xFFFF, 0xFFFF, 0xFFFF, 0xFFFF, 0xFFFF, 0xFFFF, 0xFFFF, 0xFFFF,
    0x0000, 0x0000, 0x0000, 0x0000, 0x0000, 0x0000, 0xFFFF, 0xFFFF, 0xFFFF, 0xFFFF, 0xFFFF, 0xFFFF, 0xFFFF, 0xFFFF, 0xFFFF, 0xFFFF,
    0xFFFF, 0xFFFF, 0xFFFF, 0xFFFF, 0xFFFF, 0xFFFF, 0xFFFF, 0xFFFF, 0x0000, 0x0000, 0x0000, 0x0000, 0x0000, 0x0000, 0xFFFF, 0xFFFF,
    0xFFFF, 0xFFFF, 0xFFFF, 0xFFFF, 0x0000, 0x0000, 0x0000, 0x0000, 0x0000, 0x0000, 0xFFFF, 0xFFFF, 0xFFFF, 0xFFFF, 0xFFFF, 0xFFFF,
    0xFFFF, 0xFFFF, 0xFFFF, 0xFFFF, 0xFFFF, 0xFFFF, 0x0000, 0x0000, 0x0000, 0x0000, 0x0000, 0x0000, 0xFFFF, 0xFFFF, 0xFFFF, 0xFFFF,
    0xFFFF, 0xFFFF, 0xFFFF, 0xFFFF, 0xFFFF, 0xFFFF, 0xFFFF, 0xFFFF, 0x0000, 0x0000, 0x0000, 0x0000, 0x0000, 0x0000, 0xFFFF, 0xFFFF,
    0xFFFF, 0xFFFF, 0xFFFF, 0xFFFF, 0xFFFF, 0xFFFF, 0xFFFF, 0xFFFF, 0xFFFF, 0xFFFF, 0xFFFF, 0xFFFF, 0xFFFF, 0xFFFF, 0xFFFF, 0xFFFF,
    0xFFFF, 0xFFFF, 0xFFFF, 0xFFFF, 0xFFFF, 0xFFFF, 0xFFFF, 0xFFFF, 0xFFFF, 0xFFFF, 0xFFFF, 0xFFFF, 0xFFFF, 0xFFFF, 0xFFFF, 0xFFFF,
    0xFFFF, 0xFFFF, 0xFFFF, 0xFFFF, 0xFFFF, 0xFFFF, 0xFFFF, 0xFFFF, 0xFFFF, 0xFFFF, 0xFFFF, 0xFDB7, 0xFB2E, 0xFB0D, 0xFB0D, 0xCAEF,
    0x52D3, 0x4AB4, 0x4AB4, 0x4AB4, 0x4AB4, 0x4AF4, 0x8CDB, 0x951C, 0xADDF, 0xADFF, 0xADFF, 0xADFF, 0xADFF, 0xADFF, 0xADFF, 0xADFF,
    0xADFF, 0xADFF, 0xADFF, 0xADFF, 0xADFF, 0xADFF, 0xADFF, 0xADFF, 0xADFF, 0xADFF, 0xADFF, 0xADFF, 0xADFF, 0xADFF, 0xADFF, 0xADFF,
    0xADFF, 0xADFF, 0xADFF, 0xADFF, 0xADFF, 0xADFF, 0xADFF, 0xADFF, 0xADFF, 0xADFF, 0xADFF, 0xADFF, 0xADFF, 0xADFF, 0xADFF, 0xADFF,
    0xADFF, 0xA59E, 0x5335, 0x4AB4, 0x4AB4, 0x4AB4, 0x4AB4, 0x4AB4, 0x8CFC, 0xADFF, 0xADFF, 0xADFF, 0xADFF, 0xADFF, 0xADFF, 0xADFF,
    0xADFF, 0xADFF, 0xADFF, 0xADFF, 0xADFF, 0xADFF, 0xADFF, 0xADFF, 0xADFF, 0xADFF, 0xADFF, 0xADFF, 0xADFF, 0xADFF, 0xADFF, 0xADFF,
    0xADFF, 0xADFF, 0xADFF, 0x7C7A, 0x4AB4, 0x4AB4, 0x4AB4, 0x4AB4, 0x4AB4, 0x4AB4, 0x4AB4, 0x6B34, 0xECD5, 0xFD14, 0xFCB3, 0xFCB3,
    0xFE7A, 0xFEBB, 0xFEBB, 0xFEBB, 0xFFBF, 0xFFFF, 0xFFFF, 0xFFFF, 0xB5DA, 0x7417, 0x7417, 0x7417, 0x7417, 0x7417, 0x9D19, 0xF7BF,
    0xFFFF, 0xFFFF, 0xFFFF, 0xFFFF, 0xFFFF, 0xFFFF, 0xFFFF, 0xFFFF, 0xFFFF, 0xFFFF, 0xFFFF, 0xFFFF, 0xFFFF, 0xFFFF, 0xFFFF, 0xFFFF,
    0xFFFF, 0xFFFF, 0xFFFF, 0xFFFF, 0x0000, 0x0000, 0x0000, 0x0000, 0x0000, 0x0000, 0xFFFF, 0xFFFF, 0xFFFF, 0xFFFF, 0xFFFF, 0xFFFF,
    0xFFFF, 0xFFFF, 0xFFFF, 0xFFFF, 0xFFFF, 0xFFFF, 0x0000, 0x0000, 0x0000, 0x0000, 0x0000, 0x0000, 0x0000, 0x0000, 0x0000, 0x0000,
    0x0000, 0x0000, 0x0000, 0x0000, 0x0000, 0x0000, 0x0000, 0x0000, 0x0000, 0x0000, 0x0000, 0x0000, 0x0000, 0x0000, 0x0000, 0x0000,
    0x0000, 0x0000, 0x0000, 0x0000, 0x0000, 0x0000, 0x0000, 0x0000, 0x0000, 0x0000, 0x0000, 0x0000, 0x0000, 0x0000, 0x0000, 0x0000,
    0x0000, 0x0000, 0x0000, 0x0000, 0x0000, 0x0000, 0xFFFF, 0xFFFF, 0xFFFF, 0xFFFF, 0xFFFF, 0xFFFF, 0xFFFF, 0xFFFF, 0xFFFF, 0xFFFF,
    0xFFFF, 0xFFFF, 0xFFFF, 0xFFFF, 0xFFFF, 0xFFFF, 0xFFFF, 0xFFFF, 0x0000, 0x0000, 0x0000, 0x0000, 0x0000, 0x0000, 0x0000, 0x0000,
    0x0000, 0x0000, 0x0000, 0x0000, 0x0000, 0x0000, 0x0000, 0x0000, 0x0000, 0x0000, 0xFFFF, 0xFFFF, 0xFFFF, 0xFFFF, 0xFFFF, 0xFFFF,
    0xFFFF, 0xFFFF, 0xFFFF, 0xFFFF, 0xFFFF, 0xFFFF, 0x0000, 0x0000, 0x0000, 0x0000, 0x0000, 0x0000, 0x0000, 0x0000, 0x0000, 0x0000,
    0x0000, 0x0000, 0x0000, 0x0000, 0x0000, 0x0000, 0x0000, 0x0000, 0xFFFF, 0xFFFF, 0xFFFF, 0xFFFF, 0xFFFF, 0xFFFF, 0x0000, 0x0000,
    0x0000, 0x0000, 0x0000, 0x0000, 0x0000, 0x0000, 0x0000, 0x0000, 0x0000, 0x0000, 0xFFFF, 0xFFFF, 0xFFFF, 0xFFFF, 0xFFFF, 0xFFFF,
    0xFFFF, 0xFFFF, 0xFFFF, 0xFFFF, 0xFFFF, 0xFFFF, 0xFFFF, 0xFFFF, 0xFFFF, 0xFFFF, 0xFFFF, 0xFFFF, 0xFFFF, 0xFFFF, 0xFFFF, 0xFFFF,
    0xFFFF, 0xFFFF, 0xFFFF, 0xFFFF, 0xFFFF, 0xFFFF, 0xFFFF, 0xFFFF, 0xFFFF, 0xFFFF, 0xFFFF, 0xFDB7, 0xFB2E, 0xFB0D, 0xFB0D, 0xCAEF,
    0x52D3, 0x4AB4, 0x4AB4, 0x4AB4, 0x4AB4, 0x5315, 0xA57E, 0xADFF, 0xADFF, 0xADFF, 0xADFF, 0xADFF, 0xADFF, 0xADFF, 0xADFF, 0xADFF,
    0xADFF, 0xADFF, 0xADFF, 0xADFF, 0xADFF, 0xADFF, 0xADFF, 0xADFF, 0xADFF, 0xADFF, 0xADFF, 0xADFF, 0xADFF, 0xADFF, 0xADFF, 0xADFF,
    0xADFF, 0xADFF, 0xADFF, 0xADFF, 0xADFF, 0xADFF, 0xADFF, 0xADFF, 0xADFF, 0xADFF, 0xADFF, 0xADFF, 0xADFF, 0xADFF, 0xADFF, 0xADFF,
    0xADFF, 0xA59E, 0x5335, 0x4AB4, 0x4AB4, 0x4AB4, 0x4AB4, 0x4AB4, 0x8CFC, 0xADFF, 0xADFF, 0xADFF, 0xADFF, 0xADFF, 0xADFF, 0xADFF,
    0xADFF, 0xADFF, 0xADFF, 0xADFF, 0xADFF, 0xADFF, 0xADFF, 0xADFF, 0xADFF, 0xADFF, 0xADFF, 0xADFF, 0xADFF, 0xADFF, 0xADFF, 0xADFF,
    0xADFF, 0xADFF, 0xADFF, 0x7C7A, 0x4AB4, 0x4AB4, 0x4AB4, 0x4AB4, 0x4AB4, 0x4AB4, 0x4AB4, 0x6B34, 0xECD5, 0xFD15, 0xFD15, 0xFD76,
    0xFF9E, 0xFFFF, 0xFFFF, 0xFFFF, 0xFFFF, 0xFFFF, 0xFFFF, 0xFFFF, 0x9D19, 0x4AB4, 0x4AB4, 0x4AB4, 0x4AB4, 0x4AB4, 0x7C37, 0xF7BF,
    0xFFFF, 0xFFFF, 0xFFFF, 0xFFFF, 0xFFFF, 0xFFFF, 0xFFFF, 0xFFFF, 0xFFFF, 0xFFFF, 0xFFFF, 0xFFFF, 0xFFFF, 0xFFFF, 0xFFFF, 0xFFFF,
    0xFFFF, 0xFFFF, 0xFFFF, 0xFFFF, 0x0000, 0x0000, 0x0000, 0x0000, 0x0000, 0x0000, 0xFFFF, 0xFFFF, 0xFFFF, 0xFFFF, 0xFFFF, 0xFFFF,
    0xFFFF, 0xFFFF, 0xFFFF, 0xFFFF, 0xFFFF, 0xFFFF, 0x0000, 0x0000, 0x0000, 0x0000, 0x0000, 0x0000, 0x0000, 0x0000, 0x0000, 0x0000,
    0x0000, 0x0000, 0x0000, 0x0000, 0x0000, 0x0000, 0x0000, 0x0000, 0x0000, 0x0000, 0x0000, 0x0000, 0x0000, 0x0000, 0x0000, 0x0000,
    0x0000, 0x0000, 0x0000, 0x0000, 0x0000, 0x0000, 0x0000, 0x0000, 0x0000, 0x0000, 0x0000, 0x0000, 0x0000, 0x0000, 0x0000, 0x0000,
    0x0000, 0x0000, 0x0000, 0x0000, 0x0000, 0x0000, 0xFFFF, 0xFFFF, 0xFFFF, 0xFFFF, 0xFFFF, 0xFFFF, 0xFFFF, 0xFFFF, 0xFFFF, 0xFFFF,
    0xFFFF, 0xFFFF, 0xFFFF, 0xFFFF, 0xFFFF, 0xFFFF, 0xFFFF, 0xFFFF, 0x0000, 0x0000, 0x0000, 0x0000, 0x0000, 0x0000, 0x0000, 0x0000,
    0x0000, 0x0000, 0x0000, 0x0000, 0x0000, 0x0000, 0x0000, 0x0000, 0x0000, 0x0000, 0xFFFF, 0xFFFF, 0xFFFF, 0xFFFF, 0xFFFF, 0xFFFF,
    0xFFFF, 0xFFFF, 0xFFFF, 0xFFFF, 0xFFFF, 0xFFFF, 0x0000, 0x0000, 0x0000, 0x0000, 0x0000, 0x0000, 0x0000, 0x0000, 0x0000, 0x0000,
    0x0000, 0x0000, 0x0000, 0x0000, 0x0000, 0x0000, 0x0000, 0x0000, 0xFFFF, 0xFFFF, 0xFFFF, 0xFFFF, 0xFFFF, 0xFFFF, 0x0000, 0x0000,
    0x0000, 0x0000, 0x0000, 0x0000, 0x0000, 0x0000, 0x0000, 0x0000, 0x0000, 0x0000, 0xFFFF, 0xFFFF, 0xFFFF, 0xFFFF, 0xFFFF, 0xFFFF,
    0xFFFF, 0xFFFF, 0xFFFF, 0xFFFF, 0xFFFF, 0xFFFF, 0xFFFF, 0xFFFF, 0xFFFF, 0xFFFF, 0xFFFF, 0xFFFF, 0xFFFF, 0xFFFF, 0xFFFF, 0xFFFF,
    0xFFFF, 0xFFFF, 0xFFFF, 0xFFFF, 0xFFFF, 0xFFFF, 0xFFFF, 0xFFFF, 0xFFFF, 0xFFFF, 0xFFFF, 0xCD99, 0x9312, 0x8AD1, 0x8AD1, 0x7AD2,
    0x4AB3, 0x4AB4, 0x4AB4, 0x4AB4, 0x4AB4, 0x5315, 0xA57E, 0xADFF, 0xADFF, 0xADFF, 0xADFF, 0xADFF, 0xADFF, 0xADFF, 0xADFF, 0xADFF,
    0xADFF, 0xADFF, 0xADFF, 0xADFF, 0xADFF, 0xADFF, 0xADFF, 0xADFF, 0xADFF, 0xADFF, 0xADFF, 0xADFF, 0xADFF, 0xADFF, 0xADFF, 0xADFF,
    0xADFF, 0xADFF, 0xADFF, 0xADFF, 0xADFF, 0xADFF, 0xADFF, 0xADFF, 0xADFF, 0xADFF, 0xADFF, 0xADFF, 0xADFF, 0xADFF, 0xADFF, 0xADFF,
    0xADFF, 0xA59E, 0x5335, 0x4AB4, 0x4AB4, 0x4AB4, 0x4AB4, 0x4AB4, 0x8CFC, 0xADFF, 0xADFF, 0xADFF, 0xADFF, 0xADFF, 0xADFF, 0xADFF,
    0xADFF, 0xADFF, 0xADFF, 0xADFF, 0xADFF, 0xADFF, 0xADFF, 0xADFF, 0xADFF, 0xADFF, 0xADFF, 0xADFF, 0xADFF, 0xADFF, 0xADFF, 0xADFF,
    0xADFF, 0xADFF, 0xADFF, 0x9D5D, 0x8CBB, 0x73F8, 0x4AD4, 0x4AB4, 0x4AB4, 0x4AB4, 0x4AB4, 0x52D4, 0x8394, 0x8B94, 0x8B94, 0x8BD5,
    0x8C97, 0x8CB8, 0x8CB8, 0x8CB8, 0x8CB8, 0x8CB8, 0x8CB8, 0x8CB8, 0x6BB6, 0x4AB4, 0x4AB4, 0x4AB4, 0x4AB4, 0x4AB4, 0x7C37, 0xF7BF,
    0xFFFF, 0xFFFF, 0xFFFF, 0xFFFF, 0xFFFF, 0xFFFF, 0xFFFF, 0xFFFF, 0xFFFF, 0xFFFF, 0xFFFF, 0xFFFF, 0xFFFF, 0xFFFF, 0xFFFF, 0xFFFF,
    0xFFFF, 0xFFFF, 0xFFFF, 0xFFFF, 0x0000, 0x0000, 0x0000, 0x0000, 0x0000, 0x0000, 0xFFFF, 0xFFFF, 0xFFFF, 0xFFFF, 0xFFFF, 0xFFFF,
    0xFFFF, 0xFFFF, 0xFFFF, 0xFFFF, 0xFFFF, 0xFFFF, 0x0000, 0x0000, 0x0000, 0x0000, 0x0000, 0x0000, 0x0000, 0x0000, 0x0000, 0x0000,
    0x0000, 0x0000, 0x0000, 0x0000, 0x0000, 0x0000, 0x0000, 0x0000, 0x0000, 0x0000, 0x0000, 0x0000, 0x0000, 0x0000, 0x0000, 0x0000,
    0x0000, 0x0000, 0x0000, 0x0000, 0x0000, 0x0000, 0x0000, 0x0000, 0x0000, 0x0000, 0x0000, 0x0000, 0x0000, 0x0000, 0x0000, 0x0000,
    0x0000, 0x0000, 0x0000, 0x0000, 0x0000, 0x0000, 0xFFFF, 0xFFFF, 0xFFFF, 0xFFFF, 0xFFFF, 0xFFFF, 0xFFFF, 0xFFFF, 0xFFFF, 0xFFFF,
    0xFFFF, 0xFFFF, 0xFFFF, 0xFFFF, 0xFFFF, 0xFFFF, 0xFFFF, 0xFFFF, 0x0000, 0x0000, 0x0000, 0x0000, 0x0000, 0x0000, 0x0000, 0x0000,
    0x0000, 0x0000, 0x0000, 0x0000, 0x0000, 0x0000, 0x0000, 0x0000, 0x0000, 0x0000, 0xFFFF, 0xFFFF, 0xFFFF, 0xFFFF, 0xFFFF, 0xFFFF,
    0xFFFF, 0xFFFF, 0xFFFF, 0xFFFF, 0xFFFF, 0xFFFF, 0x0000, 0x0000, 0x0000, 0x0000, 0x0000, 0x0000, 0x0000, 0x0000, 0x0000, 0x0000,
    0x0000, 0x0000, 0x0000, 0x0000, 0x0000, 0x0000, 0x0000, 0x0000, 0xFFFF, 0xFFFF, 0xFFFF, 0xFFFF, 0xFFFF, 0xFFFF, 0x0000, 0x0000,
    0x0000, 0x0000, 0x0000, 0x0000, 0x0000, 0x0000, 0x0000, 0x0000, 0x0000, 0x0000, 0xFFFF, 0xFFFF, 0xFFFF, 0xFFFF, 0xFFFF, 0xFFFF,
    0xFFFF, 0xFFFF, 0xFFFF, 0xFFFF, 0xFFFF, 0xFFFF, 0xFFFF, 0xFFFF, 0xFFFF, 0xFFFF, 0xFFFF, 0xFFFF, 0xFFFF, 0xFFFF, 0xFFFF, 0xFFFF,
    0xFFFF, 0xFFFF, 0xFFFF, 0xFFFF, 0xFFFF, 0xFFFF, 0xFFFF, 0xFFFF, 0xFFFF, 0xFFFF, 0xFFFF, 0xAD9A, 0x4AF4, 0x4AB4, 0x4AB4, 0x4AB4,
    0x4AB4, 0x4AB4, 0x4AB4, 0x4AB4, 0x4AB4, 0x5315, 0xA57E, 0xADFF, 0xADFF, 0xADFF, 0xADFF, 0xADFF, 0xADFF, 0xADFF, 0xADFF, 0xADFF,
    0xADFF, 0xADFF, 0xADFF, 0xADFF, 0xADFF, 0xADFF, 0xADFF, 0xADFF, 0xADFF, 0xADFF, 0xADFF, 0xADFF, 0xADFF, 0xADFF, 0xADFF, 0xADFF,
    0xADFF, 0xADFF, 0xADFF, 0xADFF, 0xADFF, 0xADFF, 0xADFF, 0xADFF, 0xADFF, 0xADFF, 0xADFF, 0xADFF, 0xADFF, 0xADFF, 0xADFF, 0xADFF,
    0xADFF, 0xA59E, 0x5335, 0x4AB4, 0x4AB4, 0x4AB4, 0x4AB4, 0x4AB4, 0x8CFC, 0xADFF, 0xADFF, 0xADFF, 0xADFF, 0xADFF, 0xADFF, 0xADFF,
    0xADFF, 0xADFF, 0xADFF, 0xADFF, 0xADFF, 0xADFF, 0xADFF, 0xADFF, 0xADFF, 0xADFF, 0xADFF, 0xADFF, 0xADFF, 0xADFF, 0xADFF, 0xADFF,
    0xADFF, 0xADFF, 0xADFF, 0xADFF, 0xADFF, 0x8CBB, 0x4AD4, 0x4AB4, 0x4AB4, 0x4AB4, 0x4AB4, 0x4AB4, 0x4AB4, 0x4AB4, 0x4AB4, 0x4AB4,
    0x4AB4, 0x4AB4, 0x4AB4, 0x4AB4, 0x4AB4, 0x4AB4, 0x4AB4, 0x4AB4, 0x4AB4, 0x4AB4, 0x4AB4, 0x4AB4, 0x4AB4, 0x4AB4, 0x7C37, 0xF7BF,
    0xFFFF, 0xFFFF, 0xFFFF, 0xFFFF, 0xFFFF, 0xFFFF, 0xFFFF, 0xFFFF, 0xFFFF, 0xFFFF, 0xFFFF, 0xFFFF, 0xFFFF, 0xFFFF, 0xFFFF, 0xFFFF,
    0xFFFF, 0xFFFF, 0xFFFF, 0xFFFF, 0x0000, 0x0000, 0x0000, 0x0000, 0x0000, 0x0000, 0xFFFF, 0xFFFF, 0xFFFF, 0xFFFF, 0xFFFF, 0xFFFF,
    0xFFFF, 0xFFFF, 0xFFFF, 0xFFFF, 0xFFFF, 0xFFFF, 0x0000, 0x0000, 0x0000, 0x0000, 0x0000, 0x0000, 0x0000, 0x0000, 0x0000, 0x0000,
    0x0000, 0x0000, 0x0000, 0x0000, 0x0000, 0x0000, 0x0000, 0x0000, 0x0000, 0x0000, 0x0000, 0x0000, 0x0000, 0x0000, 0x0000, 0x0000,
    0x0000, 0x0000, 0x0000, 0x0000, 0x0000, 0x0000, 0x0000, 0x0000, 0x0000, 0x0000, 0x0000, 0x0000, 0x0000, 0x0000, 0x0000, 0x0000,
    0x0000, 0x0000, 0x0000, 0x0000, 0x0000, 0x0000, 0xFFFF, 0xFFFF, 0xFFFF, 0xFFFF, 0xFFFF, 0xFFFF, 0xFFFF, 0xFFFF, 0xFFFF, 0xFFFF,
    0xFFFF, 0xFFFF, 0xFFFF, 0xFFFF, 0xFFFF, 0xFFFF, 0xFFFF, 0xFFFF, 0x0000, 0x0000, 0x0000, 0x0000, 0x0000, 0x0000, 0x0000, 0x0000,
    0x0000, 0x0000, 0x0000, 0x0000, 0x0000, 0x0000, 0x0000, 0x0000, 0x0000, 0x0000, 0xFFFF, 0xFFFF, 0xFFFF, 0xFFFF, 0xFFFF, 0xFFFF,
    0xFFFF, 0xFFFF, 0xFFFF, 0xFFFF, 0xFFFF, 0xFFFF, 0x0000, 0x0000, 0x0000, 0x0000, 0x0000, 0x0000, 0x0000, 0x0000, 0x0000, 0x0000,
    0x0000, 0x0000, 0x0000, 0x0000, 0x0000, 0x0000, 0x0000, 0x0000, 0xFFFF, 0xFFFF, 0xFFFF, 0xFFFF, 0xFFFF, 0xFFFF, 0x0000, 0x0000,
    0x0000, 0x0000, 0x0000, 0x0000, 0x0000, 0x0000, 0x0000, 0x0000, 0x0000, 0x0000, 0xFFFF, 0xFFFF, 0xFFFF, 0xFFFF, 0xFFFF, 0xFFFF,
    0xFFFF, 0xFFFF, 0xFFFF, 0xFFFF, 0xFFFF, 0xFFFF, 0xFFFF, 0xFFFF, 0xFFFF, 0xFFFF, 0xFFFF, 0xFFFF, 0xFFFF, 0xFFFF, 0xFFFF, 0xFFFF,
    0xFFFF, 0xFFFF, 0xFFFF, 0xFFFF, 0xFFFF, 0xFFFF, 0xFFFF, 0xFFFF, 0xFFFF, 0xFFFF, 0xFFFF, 0xAD9A, 0x4AF4, 0x4AB4, 0x4AB4, 0x4AB4,
    0x4AB4, 0x4AB4, 0x4AB4, 0x4AB4, 0x4AB4, 0x5315, 0xA57E, 0xADFF, 0xADFF, 0xADFF, 0xADFF, 0xADFF, 0xADFF, 0xADFF, 0x951C, 0x7C59,
    0x7C59, 0x7C59, 0x7C59, 0x7C59, 0x8CFC, 0xADDF, 0xADFF, 0xADFF, 0xADFF, 0xADFF, 0xADFF, 0xADFF, 0xADFF, 0xADFF, 0xADFF, 0xADFF,
    0xADFF, 0xADFF, 0xADFF, 0xADFF, 0xADFF, 0xADFF, 0xADFF, 0xADFF, 0xADFF, 0xADFF, 0xADFF, 0xADFF, 0xADFF, 0xADFF, 0xADFF, 0xADFF,
    0xADFF, 0xADBF, 0x849A, 0x7C59, 0x7C59, 0x7C59, 0x7C59, 0x7C59, 0x9D7E, 0xADFF, 0xADFF, 0xADFF, 0xADFF, 0xADFF, 0xADFF, 0xADFF,
    0xADFF, 0xADFF, 0xADFF, 0xADFF, 0xADFF, 0xADFF, 0xADFF, 0xADFF, 0xADFF, 0xADFF, 0xADFF, 0xADFF, 0xADFF, 0xADFF, 0xADFF, 0xADFF,
    0xADFF, 0xADFF, 0xADFF, 0xADFF, 0xADFF, 0x8CBB, 0x4AD4, 0x4AB4, 0x4AB4, 0x4AB4, 0x4AB4, 0x4AB4, 0x4AB4, 0x4AB4, 0x4AB4, 0x4AB4,
    0x4AB4, 0x4AB4, 0x4AB4, 0x4AB4, 0x4AB4, 0x4AB4, 0x4AB4, 0x4AB4, 0x4AB4, 0x4AB4, 0x4AB4, 0x4AB4, 0x4AB4, 0x4AB4, 0x7C37, 0xF7BF,
    0xFFFF, 0xFFFF, 0xFFFF, 0xFFFF, 0xFFFF, 0xFFFF, 0xFFFF, 0xFFFF, 0xFFFF, 0xFFFF, 0xFFFF, 0xFFFF, 0xFFFF, 0xFFFF, 0xFFFF, 0xFFFF,
    0xFFFF, 0xFFFF, 0xFFFF, 0xFFFF, 0x0000, 0x0000, 0x0000, 0x0000, 0x0000, 0x0000, 0xFFFF, 0xFFFF, 0xFFFF, 0xFFFF, 0xFFFF, 0xFFFF,
    0xFFFF, 0xFFFF, 0xFFFF, 0xFFFF, 0xFFFF, 0xFFFF, 0x0000, 0x0000, 0x0000, 0x0000, 0x0000, 0x0000, 0x0000, 0x0000, 0x0000, 0x0000,
    0x0000, 0x0000, 0x0000, 0x0000, 0x0000, 0x0000, 0x0000, 0x0000, 0x0000, 0x0000, 0x0000, 0x0000, 0x0000, 0x0000, 0x0000, 0x0000,
    0x0000, 0x0000, 0x0000, 0x0000, 0x0000, 0x0000, 0x0000, 0x0000, 0x0000, 0x0000, 0x0000, 0x0000, 0x0000, 0x0000, 0x0000, 0x0000,
    0x0000, 0x0000, 0x0000, 0x0000, 0x0000, 0x0000, 0xFFFF, 0xFFFF, 0xFFFF, 0xFFFF, 0xFFFF, 0xFFFF, 0xFFFF, 0xFFFF, 0xFFFF, 0xFFFF,
    0xFFFF, 0xFFFF, 0xFFFF, 0xFFFF, 0xFFFF, 0xFFFF, 0xFFFF, 0xFFFF, 0x0000, 0x0000, 0x0000, 0x0000, 0x0000, 0x0000, 0x0000, 0x0000,
    0x0000, 0x0000, 0x0000, 0x0000, 0x0000, 0x0000, 0x0000, 0x0000, 0x0000, 0x0000, 0xFFFF, 0xFFFF, 0xFFFF, 0xFFFF, 0xFFFF, 0xFFFF,
    0xFFFF, 0xFFFF, 0xFFFF, 0xFFFF, 0xFFFF, 0xFFFF, 0x0000, 0x0000, 0x0000, 0x0000, 0x0000, 0x0000, 0x0000, 0x0000, 0x0000, 0x0000,
    0x0000, 0x0000, 0x0000, 0x0000, 0x0000, 0x0000, 0x0000, 0x0000, 0xFFFF, 0xFFFF, 0xFFFF, 0xFFFF, 0xFFFF, 0xFFFF, 0x0000, 0x0000,
    0x0000, 0x0000, 0x0000, 0x0000, 0x0000, 0x0000, 0x0000, 0x0000, 0x0000, 0x0000, 0xFFFF, 0xFFFF, 0xFFFF, 0xFFFF, 0xFFFF, 0xFFFF,
    0xFFFF, 0xFFFF, 0xFFFF, 0xFFFF, 0xFFFF, 0xFFFF, 0xFFFF, 0xFFFF, 0xFFFF, 0xFFFF, 0xFFFF, 0xFFFF, 0xFFFF, 0xFFFF, 0xFFFF, 0xFFFF,
    0xFFFF, 0xFFFF, 0xFFFF, 0xFFFF, 0xFFFF, 0xFFFF, 0xFFFF, 0xFFFF, 0xFFFF, 0xFFFF, 0xFFFF, 0xAD9A, 0x4AF4, 0x4AB4, 0x4AB4, 0x4AB4,
    0x4AB4, 0x4AB4, 0x4AB4, 0x4AB4, 0x4AB4, 0x5315, 0xA57E, 0xADFF, 0xADFF, 0xADFF, 0xADFF, 0xADFF, 0xADFF, 0xADFF, 0x7439, 0x4AB4,
    0x4AB4, 0x4AB4, 0x4AB4, 0x4AB4, 0x6BF8, 0xADBF, 0xADFF, 0xADFF, 0xADFF, 0xADFF, 0xADFF, 0xADFF, 0xADFF, 0xADFF, 0xADFF, 0xADFF,
    0xADFF, 0xADFF, 0xADFF, 0xADFF, 0xADFF, 0xADFF, 0xADFF, 0xADFF, 0xADFF, 0xADFF, 0xADFF, 0xADFF, 0xADFF, 0xADFF, 0xADFF, 0xADFF,
    0xADFF, 0xADFF, 0xADFF, 0xADFF, 0xADFF, 0xADFF, 0xADFF, 0xADFF, 0xADFF, 0xADFF, 0xADFF, 0xADFF, 0xADFF, 0xADFF, 0xADFF, 0xADFF,
    0xADFF, 0xADFF, 0xADFF, 0xADFF, 0xADFF, 0xADFF, 0xADFF, 0xADFF, 0xADFF, 0xADFF, 0xADFF, 0xADFF, 0xADFF, 0xADFF, 0xADFF, 0xADFF,
    0xADFF, 0xADFF, 0xADFF, 0xADFF, 0xADFF, 0x8CBB, 0x4AD4, 0x4AB4, 0x4AB4, 0x4AB4, 0x4AB4, 0x4AB4, 0x4AB4, 0x4AB4, 0x4AB4, 0x4AB4,
    0x4AB4, 0x4AB4, 0x4AB4, 0x4AB4, 0x4AB4, 0x4AB4, 0x4AB4, 0x4AB4, 0x4AB4, 0x4AB4, 0x4AB4, 0x4AB4, 0x4AB4, 0x4AB4, 0x7C37, 0xF7BF,
    0xFFFF, 0xFFFF, 0xFFFF, 0xFFFF, 0xFFFF, 0xFFFF, 0xFFFF, 0xFFFF, 0xFFFF, 0xFFFF, 0xFFFF, 0xFFFF, 0xFFFF, 0xFFFF, 0xFFFF, 0xFFFF,
    0xFFFF, 0xFFFF, 0xFFFF, 0xFFFF, 0x0000, 0x0000, 0x0000, 0x0000, 0x0000, 0x0000, 0xFFFF, 0xFFFF, 0xFFFF, 0xFFFF, 0xFFFF, 0xFFFF,
    0xFFFF, 0xFFFF, 0xFFFF, 0xFFFF, 0xFFFF, 0xFFFF, 0x0000, 0x0000, 0x0000, 0x0000, 0x0000, 0x0000, 0x0000, 0x0000, 0x0000, 0x0000,
    0x0000, 0x0000, 0x0000, 0x0000, 0x0000, 0x0000, 0x0000, 0x0000, 0x0000, 0x0000, 0x0000, 0x0000, 0x0000, 0x0000, 0x0000, 0x0000,
    0x0000, 0x0000, 0x0000, 0x0000, 0x0000, 0x0000, 0x0000, 0x0000, 0x0000, 0x0000, 0x0000, 0x0000, 0x0000, 0x0000, 0x0000, 0x0000,
    0x0000, 0x0000, 0x0000, 0x0000, 0x0000, 0x0000, 0xFFFF, 0xFFFF, 0xFFFF, 0xFFFF, 0xFFFF, 0xFFFF, 0xFFFF, 0xFFFF, 0xFFFF, 0xFFFF,
    0xFFFF, 0xFFFF, 0xFFFF, 0xFFFF, 0xFFFF, 0xFFFF, 0xFFFF, 0xFFFF, 0x0000, 0x0000, 0x0000, 0x0000, 0x0000, 0x0000, 0x0000, 0x0000,
    0x0000, 0x0000, 0x0000, 0x0000, 0x0000, 0x0000, 0x0000, 0x0000, 0x0000, 0x0000, 0xFFFF, 0xFFFF, 0xFFFF, 0xFFFF, 0xFFFF, 0xFFFF,
    0xFFFF, 0xFFFF, 0xFFFF, 0xFFFF, 0xFFFF, 0xFFFF, 0x0000, 0x0000, 0x0000, 0x0000, 0x0000, 0x0000, 0x0000, 0x0000, 0x0000, 0x0000,
    0x0000, 0x0000, 0x0000, 0x0000, 0x0000, 0x0000, 0x0000, 0x0000, 0xFFFF, 0xFFFF, 0xFFFF, 0xFFFF, 0xFFFF, 0xFFFF, 0x0000, 0x0000,
    0x0000, 0x0000, 0x0000, 0x0000, 0x0000, 0x0000, 0x0000, 0x0000, 0x0000, 0x0000, 0xFFFF, 0xFFFF, 0xFFFF, 0xFFFF, 0xFFFF, 0xFFFF,
    0xFFFF, 0xFFFF, 0xFFFF, 0xFFFF, 0xFFFF, 0xFFFF, 0xFFFF, 0xFFFF, 0xFFFF, 0xFFFF, 0xFFFF, 0xFFFF, 0xFFFF, 0xFFFF, 0xFFFF, 0xFFFF,
    0xFFFF, 0xFFFF, 0xFFFF, 0xFFFF, 0xFFFF, 0xFFFF, 0xFFFF, 0xD6BC, 0xBE1B, 0xBE1B, 0xBE1B, 0x8498, 0x4AD4, 0x4AB4, 0x4AB4, 0x4AB4,
    0x4AB4, 0x4AB4, 0x4AB4, 0x5315, 0x6BD7, 0x7419, 0xA5BE, 0xADFF, 0xADFF, 0xADFF, 0xADFF, 0xADFF, 0xADFF, 0xADFF, 0x7439, 0x4AB4,
    0x4AB4, 0x4AB4, 0x4AB4, 0x4AB4, 0x6BF8, 0xADBF, 0xADFF, 0xADFF, 0xADFF, 0xADFF, 0xADFF, 0xADFF, 0xADFF, 0xADFF, 0xADFF, 0xADFF,
    0xADFF, 0xADFF, 0xADFF, 0xADFF, 0xADFF, 0xADFF, 0xADFF, 0xADFF, 0xADFF, 0xADFF, 0xADFF, 0xADFF, 0xADFF, 0xADFF, 0xADFF, 0xADFF,
    0xADFF, 0xADFF, 0xADFF, 0xADFF, 0xADFF, 0xADFF, 0xADFF, 0xADFF, 0xADFF, 0xADFF, 0xADFF, 0xADFF, 0xADFF, 0xADFF, 0xADFF, 0xADFF,
    0xADFF, 0xADFF, 0xADFF, 0xADFF, 0xADFF, 0xADFF, 0xADFF, 0xADFF, 0xADFF, 0xADFF, 0xADFF, 0xADFF, 0xADFF, 0xADFF, 0xADFF, 0xADFF,
    0xADFF, 0xADFF, 0xADFF, 0xADFF, 0xADFF, 0x8CBB, 0x4AD4, 0x4AB4, 0x4AB4, 0x4AB4, 0x4AB4, 0x4AB4, 0x4AB4, 0x4AB4, 0x4AB4, 0x4AB4,
    0x4AB4, 0x4AB4, 0x4AB4, 0x4AB4, 0x4AB4, 0x4AB4, 0x4AB4, 0x4AB4, 0x4AB4, 0x4AB4, 0x4AB4, 0x4AB4, 0x6375, 0x8C98, 0xADBA, 0xF7BF,
    0xFFFF, 0xFFFF, 0xFFFF, 0xFFFF, 0xFFFF, 0xFFFF, 0xFFFF, 0xFFFF, 0xFFFF, 0xFFFF, 0xFFFF, 0xFFFF, 0xFFFF, 0xFFFF, 0xFFFF, 0xFFFF,
    0xFFFF, 0xFFFF, 0xFFFF, 0xFFFF, 0x0000, 0x0000, 0x0000, 0x0000, 0x0000, 0x0000, 0xFFFF, 0xFFFF, 0xFFFF, 0xFFFF, 0xFFFF, 0xFFFF,
    0x0000, 0x0000, 0x0000, 0x0000, 0x0000, 0x0000, 0x0000, 0x0000, 0x0000, 0x0000, 0x0000, 0x0000, 0xFFFF, 0xFFFF, 0xFFFF, 0xFFFF,
    0xFFFF, 0xFFFF, 0x0000, 0x0000, 0x0000, 0x0000, 0x0000, 0x0000, 0xFFFF, 0xFFFF, 0xFFFF, 0xFFFF, 0xFFFF, 0xFFFF, 0x0000, 0x0000,
    0x0000, 0x0000, 0x0000, 0x0000, 0x0000, 0x0000, 0x0000, 0x0000, 0x0000, 0x0000, 0xFFFF, 0xFFFF, 0xFFFF, 0xFFFF, 0xFFFF, 0xFFFF,
    0xFFFF, 0xFFFF, 0xFFFF, 0xFFFF, 0xFFFF, 0xFFFF, 0xFFFF, 0xFFFF, 0xFFFF, 0xFFFF, 0xFFFF, 0xFFFF, 0x0000, 0x0000, 0x0000, 0x0000,
    0x0000, 0x0000, 0xFFFF, 0xFFFF, 0xFFFF, 0xFFFF, 0xFFFF, 0xFFFF, 0x0000, 0x0000, 0x0000, 0x0000, 0x0000, 0x0000, 0xFFFF, 0xFFFF,
    0xFFFF, 0xFFFF, 0xFFFF, 0xFFFF, 0xFFFF, 0xFFFF, 0xFFFF, 0xFFFF, 0xFFFF, 0xFFFF, 0x0000, 0x0000, 0x0000, 0x0000, 0x0000, 0x0000,
    0x0000, 0x0000, 0x0000, 0x0000, 0x0000, 0x0000, 0x0000, 0x0000, 0x0000, 0x0000, 0x0000, 0x0000, 0xFFFF, 0xFFFF, 0xFFFF, 0xFFFF,
    0xFFFF, 0xFFFF, 0xFFFF, 0xFFFF, 0xFFFF, 0xFFFF, 0xFFFF, 0xFFFF, 0xFFFF, 0xFFFF, 0xFFFF, 0xFFFF, 0xFFFF, 0xFFFF, 0x0000, 0x0000,
    0x0000, 0x0000, 0x0000, 0x0000, 0xFFFF, 0xFFFF, 0xFFFF, 0xFFFF, 0xFFFF, 0xFFFF, 0xFFFF, 0xFFFF, 0xFFFF, 0xFFFF, 0xFFFF, 0xFFFF,
    0xFFFF, 0xFFFF, 0xFFFF, 0xFFFF, 0xFFFF, 0xFFFF, 0xFFFF, 0xFFFF, 0xFFFF, 0xFFFF, 0xFFFF, 0xFFFF, 0xFFFF, 0xFFFF, 0xFFFF, 0xFFFF,
    0xFFFF, 0xFFFF, 0xFFFF, 0xFFFF, 0xFFFF, 0xFFFF, 0xFFFF, 0x94D8, 0x4AB4, 0x4AB4, 0x4AB4, 0x4AB4, 0x4AB4, 0x4AB4, 0x4AB4, 0x4AB4,
    0x4AB4, 0x4AB4, 0x4AB4, 0x5B56, 0xA57E, 0xADFF, 0xADFF, 0xADFF, 0xADFF, 0xADFF, 0xADFF, 0xADFF, 0xADFF, 0xADFF, 0x7439, 0x4AB4,
    0x4AB4, 0x4AB4, 0x4AB4, 0x4AB4, 0x6BF8, 0xADBF, 0xADFF, 0xADFF, 0xADFF, 0xADFF, 0xADFF, 0xADFF, 0xADFF, 0xADFF, 0xADFF, 0xADFF,
    0xADFF, 0xADFF, 0xADFF, 0xADFF, 0xADFF, 0xADFF, 0xADFF, 0xADFF, 0xADFF, 0xADFF, 0xADFF, 0xADFF, 0xADFF, 0xADFF, 0xADFF, 0xADFF,
    0xADFF, 0xADFF, 0xADFF, 0xADFF, 0xADFF, 0xADFF, 0xADFF, 0xADFF, 0xADFF, 0xADFF, 0xADFF, 0xADFF, 0xADFF, 0xADFF, 0xADFF, 0xADFF,
    0xADFF, 0xADFF, 0xADFF, 0xADFF, 0xADFF, 0xADFF, 0xADFF, 0xADFF, 0xADFF, 0xADFF, 0xADFF, 0xADFF, 0xADFF, 0xADFF, 0xADFF, 0xADFF,
    0xADFF, 0xADFF, 0xADFF, 0xADFF, 0xADFF, 0x8CBB, 0x4AD4, 0x4AB4, 0x4AB4, 0x4AB4, 0x4AB4, 0x4AB4, 0x4AB4, 0x4AB4, 0x4AB4, 0x4AB4,
    0x4AB4, 0x4AB4, 0x4AB4, 0x4AB4, 0x4AB4, 0x4AB4, 0x4AB4, 0x4AB4, 0x4AB4, 0x4AB4, 0x4AB4, 0x4AB4, 0x8CB8, 0xFFDF, 0xFFFF, 0xFFFF,
    0xFFFF, 0xFFFF, 0xFFFF, 0xFFFF, 0xFFFF, 0xFFFF, 0xFFFF, 0xFFFF, 0xFFFF, 0xFFFF, 0xFFFF, 0xFFFF, 0xFFFF, 0xFFFF, 0xFFFF, 0xFFFF,
    0xFFFF, 0xFFFF, 0xFFFF, 0xFFFF, 0x0000, 0x0000, 0x0000, 0x0000, 0x0000, 0x0000, 0xFFFF, 0xFFFF, 0xFFFF, 0xFFFF, 0xFFFF, 0xFFFF,
    0x0000, 0x0000, 0x0000, 0x0000, 0x0000, 0x0000, 0x0000, 0x0000, 0x0000, 0x0000, 0x0000, 0x0000, 0xFFFF, 0xFFFF, 0xFFFF, 0xFFFF,
    0xFFFF, 0xFFFF, 0x0000, 0x0000, 0x0000, 0x0000, 0x0000, 0x0000, 0xFFFF, 0xFFFF, 0xFFFF, 0xFFFF, 0xFFFF, 0xFFFF, 0x0000, 0x0000,
    0x0000, 0x0000, 0x0000, 0x0000, 0x0000, 0x0000, 0x0000, 0x0000, 0x0000, 0x0000, 0xFFFF, 0xFFFF, 0xFFFF, 0xFFFF, 0xFFFF, 0xFFFF,
    0xFFFF, 0xFFFF, 0xFFFF, 0xFFFF, 0xFFFF, 0xFFFF, 0xFFFF, 0xFFFF, 0xFFFF, 0xFFFF, 0xFFFF, 0xFFFF, 0x0000, 0x0000, 0x0000, 0x0000,
    0x0000, 0x0000, 0xFFFF, 0xFFFF, 0xFFFF, 0xFFFF, 0xFFFF, 0xFFFF, 0x0000, 0x0000, 0x0000, 0x0000, 0x0000, 0x0000, 0xFFFF, 0xFFFF,
    0xFFFF, 0xFFFF, 0xFFFF, 0xFFFF, 0xFFFF, 0xFFFF, 0xFFFF, 0xFFFF, 0xFFFF, 0xFFFF, 0x0000, 0x0000, 0x0000, 0x0000, 0x0000, 0x0000,
    0x0000, 0x0000, 0x0000, 0x0000, 0x0000, 0x0000, 0x0000, 0x0000, 0x0000, 0x0000, 0x0000, 0x0000, 0xFFFF, 0xFFFF, 0xFFFF, 0xFFFF,
    0xFFFF, 0xFFFF, 0xFFFF, 0xFFFF, 0xFFFF, 0xFFFF, 0xFFFF, 0xFFFF, 0xFFFF, 0xFFFF, 0xFFFF, 0xFFFF, 0xFFFF, 0xFFFF, 0x0000, 0x0000,
    0x0000, 0x0000, 0x0000, 0x0000, 0xFFFF, 0xFFFF, 0xFFFF, 0xFFFF, 0xFFFF, 0xFFFF, 0xFFFF, 0xFFFF, 0xFFFF, 0xFFFF, 0xFFFF, 0xFFFF,
    0xFFFF, 0xFFFF, 0xFFFF, 0xFFFF, 0xFFFF, 0xFFFF, 0xFFFF, 0xFFFF, 0xFFFF, 0xFFFF, 0xFFFF, 0xFFFF, 0xFFFF, 0xFFFF, 0xFFFF, 0xFFFF,
    0xFFFF, 0xFFFF, 0xFFFF, 0xFFFF, 0xFFFF, 0xFFFF, 0xFFFF, 0x94D8, 0x4AB4, 0x4AB4, 0x4AB4, 0x4AB4, 0x4AB4, 0x4AB4, 0x4AB4, 0x4AB4,
    0x4AB4, 0x4AB4, 0x4AB4, 0x5B56, 0xA57E, 0xADFF, 0xADFF, 0xADFF, 0xADFF, 0xADFF, 0xADFF, 0xADFF, 0xADFF, 0xADFF, 0x7439, 0x4AB4,
    0x4AB4, 0x4AB4, 0x4AB4, 0x4AB4, 0x6BF8, 0xADBF, 0xADFF, 0xADFF, 0xADFF, 0xADFF, 0xADFF, 0xADFF, 0xADFF, 0xADFF, 0xADFF, 0xADFF,
    0xADFF, 0xADFF, 0xADFF, 0xADFF, 0xADFF, 0xADFF, 0xADFF, 0xADFF, 0xADFF, 0xADFF, 0xADFF, 0xADFF, 0xADFF, 0xADFF, 0xADFF, 0xADFF,
    0xADFF, 0xADFF, 0xADFF, 0xADFF, 0xADFF, 0xADFF, 0xADFF, 0xADFF, 0xADFF, 0xADFF, 0xADFF, 0xADFF, 0xADFF, 0xADFF, 0xADFF, 0xADFF,
    0xADFF, 0xADFF, 0xADFF, 0xADFF, 0xADFF, 0xADFF, 0xADFF, 0xADFF, 0xADFF, 0xADFF, 0xADFF, 0xADFF, 0xADFF, 0xADFF, 0xADFF, 0xADFF,
    0xADFF, 0xADFF, 0xADFF, 0xADFF, 0xADFF, 0x8CBB, 0x4AD4, 0x4AB4, 0x4AB4, 0x4AB4, 0x4AB4, 0x4AF5, 0x6398, 0x63B8, 0x63B8, 0x63B8,
    0x63B8, 0x63B8, 0x63B8, 0x63B8, 0x5315, 0x4AB4, 0x4AB4, 0x4AB4, 0x4AB4, 0x4AB4, 0x4AB4, 0x4AB4, 0x8CB8, 0xFFDF, 0xFFFF, 0xFFFF,
    0xFFFF, 0xFFFF, 0xFFFF, 0xFFFF, 0xFFFF, 0xFFFF, 0xFFFF, 0xFFFF, 0xFFFF, 0xFFFF, 0xFFFF, 0xFFFF, 0xFFFF, 0xFFFF, 0xFFFF, 0xFFFF,
    0xFFFF, 0xFFFF, 0xFFFF, 0xFFFF, 0x0000, 0x0000, 0x0000, 0x0000, 0x0000, 0x0000, 0xFFFF, 0xFFFF, 0xFFFF, 0xFFFF, 0xFFFF, 0xFFFF,
    0x0000, 0x0000, 0x0000, 0x0000, 0x0000, 0x0000, 0x0000, 0x0000, 0x0000, 0x0000, 0x0000, 0x0000, 0xFFFF, 0xFFFF, 0xFFFF, 0xFFFF,
    0xFFFF, 0xFFFF, 0x0000, 0x0000, 0x0000, 0x0000, 0x0000, 0x0000, 0xFFFF, 0xFFFF, 0xFFFF, 0xFFFF, 0xFFFF, 0xFFFF, 0x0000, 0x0000,
    0x0000, 0x0000, 0x0000, 0x0000, 0x0000, 0x0000, 0x0000, 0x0000, 0x0000, 0x0000, 0xFFFF, 0xFFFF, 0xFFFF, 0xFFFF, 0xFFFF, 0xFFFF,
    0xFFFF, 0xFFFF, 0xFFFF, 0xFFFF, 0xFFFF, 0xFFFF, 0xFFFF, 0xFFFF, 0xFFFF, 0xFFFF, 0xFFFF, 0xFFFF, 0x0000, 0x0000, 0x0000, 0x0000,
    0x0000, 0x0000, 0xFFFF, 0xFFFF, 0xFFFF, 0xFFFF, 0xFFFF, 0xFFFF, 0x0000, 0x0000, 0x0000, 0x0000, 0x0000, 0x0000, 0xFFFF, 0xFFFF,
    0xFFFF, 0xFFFF, 0xFFFF, 0xFFFF, 0xFFFF, 0xFFFF, 0xFFFF, 0xFFFF, 0xFFFF, 0xFFFF, 0x0000, 0x0000, 0x0000, 0x0000, 0x0000, 0x0000,
    0x0000, 0x0000, 0x0000, 0x0000, 0x0000, 0x0000, 0x0000, 0x0000, 0x0000, 0x0000, 0x0000, 0x0000, 0xFFFF, 0xFFFF, 0xFFFF, 0xFFFF,
    0xFFFF, 0xFFFF, 0xFFFF, 0xFFFF, 0xFFFF, 0xFFFF, 0xFFFF, 0xFFFF, 0xFFFF, 0xFFFF, 0xFFFF, 0xFFFF, 0xFFFF, 0xFFFF, 0x0000, 0x0000,
    0x0000, 0x0000, 0x0000, 0x0000, 0xFFFF, 0xFFFF, 0xFFFF, 0xFFFF, 0xFFFF, 0xFFFF, 0xFFFF, 0xFFFF, 0xFFFF, 0xFFFF, 0xFFFF, 0xFFFF,
    0xFFFF, 0xFFFF, 0xFFFF, 0xFFFF, 0xFFFF, 0xFFFF, 0xFFFF, 0xFFFF, 0xFFFF, 0xFFFF, 0xFFFF, 0xFFFF, 0xFFFF, 0xFFFF, 0xFFFF, 0xFFFF,
    0xFFFF, 0xFFFF, 0xFFFF, 0xFFFF, 0xFFFF, 0xFFFF, 0xFFFF, 0x94D8, 0x4AB4, 0x4AB4, 0x4AB4, 0x4AB4, 0x4AB4, 0x4AB4, 0x4AB4, 0x4AB4,
    0x4AB4, 0x4AB4, 0x4AB4, 0x5B56, 0xA57E, 0xADFF, 0xADFF, 0xADFF, 0xADFF, 0xADFF, 0xADFF, 0xADFF, 0xADFF, 0xADFF, 0x7439, 0x4AB4,
    0x4AB4, 0x4AB4, 0x4AB4, 0x4AB4, 0x6BF8, 0xADBF, 0xADFF, 0xADFF, 0xADFF, 0xADFF, 0xADFF, 0xADFF, 0xADFF, 0xADFF, 0xADFF, 0xADFF,
    0xADFF, 0xADFF, 0xADFF, 0xADFF, 0xADFF, 0xADFF, 0xADFF, 0xADFF, 0xADFF, 0xADFF, 0xADFF, 0xADFF, 0xADFF, 0xADFF, 0xADFF, 0xADFF,
    0xADFF, 0xADFF, 0xADFF, 0xADFF, 0xADFF, 0xADFF, 0xADFF, 0xADFF, 0xADFF, 0xADFF, 0xADFF, 0xADFF, 0xADFF, 0xADFF, 0xADFF, 0xADFF,
    0xADFF, 0xADFF, 0xADFF, 0xADFF, 0xADFF, 0xADFF, 0xADFF, 0xADFF, 0xADFF, 0xADFF, 0xADFF, 0xADFF, 0xADFF, 0xADFF, 0xADFF, 0xADFF,
    0xADFF, 0xADFF, 0xADFF, 0xADFF, 0xADFF, 0x8CBB, 0x4AD4, 0x4AB4, 0x4AB4, 0x4AB4, 0x4AB4, 0x5336, 0x8CFE, 0x953F, 0x953F, 0x953F,
    0x953F, 0x953F, 0x953F, 0x953F, 0x5B77, 0x4AB4, 0x4AB4, 0x4AB4, 0x4AB4, 0x4AB4, 0x4AB4, 0x4AB4, 0x8CB8, 0xFFDF, 0xFFFF, 0xFFFF,
    0xFFFF, 0xFFFF, 0xFFFF, 0xFFFF, 0xFFFF, 0xFFFF, 0xFFFF, 0xFFFF, 0xFFFF, 0xFFFF, 0xFFFF, 0xFFFF, 0xFFFF, 0xFFFF, 0xFFFF, 0xFFFF,
    0xFFFF, 0xFFFF, 0xFFFF, 0xFFFF, 0x0000, 0x0000, 0x0000, 0x0000, 0x0000, 0x0000, 0xFFFF, 0xFFFF, 0xFFFF, 0xFFFF, 0xFFFF, 0xFFFF,
    0x0000, 0x0000, 0x0000, 0x0000, 0x0000, 0x0000, 0x0000, 0x0000, 0x0000, 0x0000, 0x0000, 0x0000, 0xFFFF, 0xFFFF, 0xFFFF, 0xFFFF,
    0xFFFF, 0xFFFF, 0x0000, 0x0000, 0x0000, 0x0000, 0x0000, 0x0000, 0xFFFF, 0xFFFF, 0xFFFF, 0xFFFF, 0xFFFF, 0xFFFF, 0x0000, 0x0000,
    0x0000, 0x0000, 0x0000, 0x0000, 0x0000, 0x0000, 0x0000, 0x0000, 0x0000, 0x0000, 0xFFFF, 0xFFFF, 0xFFFF, 0xFFFF, 0xFFFF, 0xFFFF,
    0xFFFF, 0xFFFF, 0xFFFF, 0xFFFF, 0xFFFF, 0xFFFF, 0xFFFF, 0xFFFF, 0xFFFF, 0xFFFF, 0xFFFF, 0xFFFF, 0x0000, 0x0000, 0x0000, 0x0000,
    0x0000, 0x0000, 0xFFFF, 0xFFFF, 0xFFFF, 0xFFFF, 0xFFFF, 0xFFFF, 0x0000, 0x0000, 0x0000, 0x0000, 0x0000, 0x0000, 0xFFFF, 0xFFFF,
    0xFFFF, 0xFFFF, 0xFFFF, 0xFFFF, 0xFFFF, 0xFFFF, 0xFFFF, 0xFFFF, 0xFFFF, 0xFFFF, 0x0000, 0x0000, 0x0000, 0x0000, 0x0000, 0x0000,
    0x0000, 0x0000, 0x0000, 0x0000, 0x0000, 0x0000, 0x0000, 0x0000, 0x0000, 0x0000, 0x0000, 0x0000, 0xFFFF, 0xFFFF, 0xFFFF, 0xFFFF,
    0xFFFF, 0xFFFF, 0xFFFF, 0xFFFF, 0xFFFF, 0xFFFF, 0xFFFF, 0xFFFF, 0xFFFF, 0xFFFF, 0xFFFF, 0xFFFF, 0xFFFF, 0xFFFF, 0x0000, 0x0000,
    0x0000, 0x0000, 0x0000, 0x0000, 0xFFFF, 0xFFFF, 0xFFFF, 0xFFFF, 0xFFFF, 0xFFFF, 0xFFFF, 0xFFFF, 0xFFFF, 0xFFFF, 0xFFFF, 0xFFFF,
    0xFFFF, 0xFFFF, 0xFFFF, 0xFFFF, 0xFFFF, 0xFFFF, 0xFFFF, 0xFFFF, 0xFFFF, 0xFFFF, 0xFFFF, 0xFFFF, 0xFFFF, 0xFFFF, 0xFFFF, 0xFFFF,
    0xFFFF, 0xDEFD, 0xD6BC, 0xD6BC, 0xD6BC, 0xD6BC, 0xD6BC, 0x7C57, 0x4AB4, 0x4AB4, 0x4AB4, 0x4AB4, 0x4AB4, 0x4AB4, 0x4AB4, 0x4AB4,
    0x4AB4, 0x4AB4, 0x4AB4, 0x5B56, 0xA57E, 0xADFF, 0xADFF, 0xADFF, 0xADFF, 0xADFF, 0xADFF, 0xADFF, 0xADFF, 0xADFF, 0x7439, 0x4AB4,
    0x4AB4, 0x4AB4, 0x4AB4, 0x4AB4, 0x6BF8, 0xADBF, 0xADFF, 0xADFF, 0xADFF, 0xADFF, 0xADFF, 0xADFF, 0xADFF, 0xADFF, 0xADFF, 0xADFF,
    0xADFF, 0xADFF, 0xADFF, 0xADFF, 0xADFF, 0xADFF, 0xADFF, 0xADFF, 0xADFF, 0xADFF, 0xADFF, 0xADFF, 0xADFF, 0xADFF, 0xADFF, 0xADBF,
    0x953D, 0x951C, 0x951C, 0x951C, 0x951C, 0x951C, 0xADBF, 0xADFF, 0xADFF, 0xADFF, 0xADFF, 0xADFF, 0xADFF, 0xADFF, 0xADFF, 0xADFF,
    0xADFF, 0xADFF, 0xADFF, 0xADFF, 0xADFF, 0xADFF, 0xADFF, 0xADFF, 0xADFF, 0xADFF, 0xADFF, 0xADFF, 0xADFF, 0xADFF, 0xADFF, 0xADFF,
    0xADFF, 0xADFF, 0xADFF, 0xADFF, 0xADFF, 0x8CBB, 0x4AD4, 0x4AB4, 0x4AB4, 0x4AB4, 0x4AB4, 0x5336, 0x8CFE, 0x953F, 0x953F, 0x953F,
    0x953F, 0x953F, 0x84BD, 0x849C, 0x5336, 0x4AB4, 0x4AB4, 0x4AB4, 0x4AB4, 0x4AB4, 0x5B35, 0x73F6, 0xAD9A, 0xFFFF, 0xFFFF, 0xFFFF,
    0xFFFF, 0xFFFF, 0xFFFF, 0xFFFF, 0xFFFF, 0xFFFF, 0xFFFF, 0xFFFF, 0xFFFF, 0xFFFF, 0xFFFF, 0xFFFF, 0xFFFF, 0xFFFF, 0xFFFF, 0xFFFF,
    0xFFFF, 0xFFFF, 0xFFFF, 0xFFFF, 0x0000, 0x0000, 0x0000, 0x0000, 0x0000, 0x0000, 0xFFFF, 0xFFFF, 0xFFFF, 0xFFFF, 0xFFFF, 0xFFFF,
    0x0000, 0x0000, 0x0000, 0x0000, 0x0000, 0x0000, 0x0000, 0x0000, 0x0000, 0x0000, 0x0000, 0x0000, 0xFFFF, 0xFFFF, 0xFFFF, 0xFFFF,
    0xFFFF, 0xFFFF, 0x0000, 0x0000, 0x0000, 0x0000, 0x0000, 0x0000, 0xFFFF, 0xFFFF, 0xFFFF, 0xFFFF, 0xFFFF, 0xFFFF, 0x0000, 0x0000,
    0x0000, 0x0000, 0x0000, 0x0000, 0x0000, 0x0000, 0x0000, 0x0000, 0x0000, 0x0000, 0xFFFF, 0xFFFF, 0xFFFF, 0xFFFF, 0xFFFF, 0xFFFF,
    0xFFFF, 0xFFFF, 0xFFFF, 0xFFFF, 0xFFFF, 0xFFFF, 0xFFFF, 0xFFFF, 0xFFFF, 0xFFFF, 0xFFFF, 0xFFFF, 0x0000, 0x0000, 0x0000, 0x0000,
    0x0000, 0x0000, 0xFFFF, 0xFFFF, 0xFFFF, 0xFFFF, 0xFFFF, 0xFFFF, 0x0000, 0x0000, 0x0000, 0x0000, 0x0000, 0x0000, 0xFFFF, 0xFFFF,
    0xFFFF, 0xFFFF, 0xFFFF, 0xFFFF, 0xFFFF, 0xFFFF, 0xFFFF, 0xFFFF, 0xFFFF, 0xFFFF, 0x0000, 0x0000, 0x0000, 0x0000, 0x0000, 0x0000,
    0x0000, 0x0000, 0x0000, 0x0000, 0x0000, 0x0000, 0x0000, 0x0000, 0x0000, 0x0000, 0x0000, 0x0000, 0xFFFF, 0xFFFF, 0xFFFF, 0xFFFF,
    0xFFFF, 0xFFFF, 0xFFFF, 0xFFFF, 0xFFFF, 0xFFFF, 0xFFFF, 0xFFFF, 0xFFFF, 0xFFFF, 0xFFFF, 0xFFFF, 0xFFFF, 0xFFFF, 0x0000, 0x0000,
    0x0000, 0x0000, 0x0000, 0x0000, 0xFFFF, 0xFFFF, 0xFFFF, 0xFFFF, 0xFFFF, 0xFFFF, 0xFFFF, 0xFFFF, 0xFFFF, 0xFFFF, 0xFFFF, 0xFFFF,
    0xFFFF, 0xFFFF, 0xFFFF, 0xFFFF, 0xFFFF, 0xFFFF, 0xFFFF, 0xFFFF, 0xFFFF, 0xFFFF, 0xFFFF, 0xFFFF, 0xFFFF, 0xFFFF, 0xFFFF, 0xFFFF,
    0xEF7E, 0x6395, 0x4AB4, 0x4AB4, 0x4AB4, 0x4AB4, 0x4AB4, 0x4AB4, 0x4AB4, 0x4AB4, 0x4AB4, 0x4AB4, 0x4AB4, 0x4AB4, 0x4AB4, 0x4AB4,
    0x4AB4, 0x4AB4, 0x4AB4, 0x5B56, 0xA57E, 0xADFF, 0xADFF, 0xADFF, 0xADFF, 0xADFF, 0xADFF, 0xADFF, 0xADFF, 0xADFF, 0x7439, 0x4AB4,
    0x4AB4, 0x4AB4, 0x4AB4, 0x4AB4, 0x6BF8, 0xADBF, 0xADFF, 0xADFF, 0xADFF, 0xADFF, 0xADFF, 0xADFF, 0xADFF, 0xADFF, 0xADFF, 0xADFF,
    0xADFF, 0xADFF, 0xADFF, 0xADFF, 0xADFF, 0xADFF, 0xADFF, 0xADFF, 0xADFF, 0xADFF, 0xADFF, 0xADFF, 0xADFF, 0xADFF, 0xADFF, 0x9D5D,
    0x5335, 0x4AB4, 0x4AB4, 0x4AB4, 0x4AB4, 0x4AB4, 0x9D5D, 0xADFF, 0xADFF, 0xADFF, 0xADFF, 0xADFF, 0xADFF, 0xADFF, 0xADFF, 0xADFF,
    0xADFF, 0xADFF, 0xADFF, 0xADFF, 0xADFF, 0xADFF, 0xADFF, 0xADFF, 0xADFF, 0xADFF, 0xADFF, 0xADFF, 0xADFF, 0xADFF, 0xADFF, 0xADFF,
    0xADFF, 0xADFF, 0xADFF, 0xADFF, 0xADFF, 0x8CBB, 0x4AD4, 0x4AB4, 0x4AB4, 0x4AB4, 0x4AB4, 0x5336, 0x8CFE, 0x953F, 0x953F, 0x953F,
    0x953F, 0x953F, 0x5336, 0x4AB4, 0x4AB4, 0x4AB4, 0x4AB4, 0x4AB4, 0x4AB4, 0x4AB4, 0x9D39, 0xFFDF, 0xFFFF, 0xFFFF, 0xFFFF, 0xFFFF,
    0xFFFF, 0xFFFF, 0xFFFF, 0xFFFF, 0xFFFF, 0xFFFF, 0xFFFF, 0xFFFF, 0xFFFF, 0xFFFF, 0xFFFF, 0xFFFF, 0xFFFF, 0xFFFF, 0xFFFF, 0xFFFF,
    0xFFFF, 0xFFFF, 0xFFFF, 0xFFFF, 0x0000, 0x0000, 0x0000, 0x0000, 0x0000, 0x0000, 0xFFFF, 0xFFFF, 0xFFFF, 0xFFFF, 0xFFFF, 0xFFFF,
    0x0000, 0x0000, 0x0000, 0x0000, 0x0000, 0x0000, 0x0000, 0x0000, 0x0000, 0x0000, 0x0000, 0x0000, 0xFFFF, 0xFFFF, 0xFFFF, 0xFFFF,
    0xFFFF, 0xFFFF, 0x0000, 0x0000, 0x0000, 0x0000, 0x0000, 0x0000, 0xFFFF, 0xFFFF, 0xFFFF, 0xFFFF, 0xFFFF, 0xFFFF, 0x0000, 0x0000,
    0x0000, 0x0000, 0x0000, 0x0000, 0x0000, 0x0000, 0x0000, 0x0000, 0x0000, 0x0000, 0xFFFF, 0xFFFF, 0xFFFF, 0xFFFF, 0xFFFF, 0xFFFF,
    0xFFFF, 0xFFFF, 0xFFFF, 0xFFFF, 0xFFFF, 0xFFFF, 0xFFFF, 0xFFFF, 0xFFFF, 0xFFFF, 0xFFFF, 0xFFFF, 0x0000, 0x0000, 0x0000, 0x0000,
    0x0000, 0x0000, 0xFFFF, 0xFFFF, 0xFFFF, 0xFFFF, 0xFFFF, 0xFFFF, 0x0000, 0x0000, 0x0000, 0x0000, 0x0000, 0x0000, 0xFFFF, 0xFFFF,
    0xFFFF, 0xFFFF, 0xFFFF, 0xFFFF, 0xFFFF, 0xFFFF, 0xFFFF, 0xFFFF, 0xFFFF, 0xFFFF, 0x0000, 0x0000, 0x0000, 0x0000, 0x0000, 0x0000,
    0x0000, 0x0000, 0x0000, 0x0000, 0x0000, 0x0000, 0x0000, 0x0000, 0x0000, 0x0000, 0x0000, 0x0000, 0xFFFF, 0xFFFF, 0xFFFF, 0xFFFF,
    0xFFFF, 0xFFFF, 0xFFFF, 0xFFFF, 0xFFFF, 0xFFFF, 0xFFFF, 0xFFFF, 0xFFFF, 0xFFFF, 0xFFFF, 0xFFFF, 0xFFFF, 0xFFFF, 0x0000, 0x0000,
    0x0000, 0x0000, 0x0000, 0x0000, 0xFFFF, 0xFFFF, 0xFFFF, 0xFFFF, 0xFFFF, 0xFFFF, 0xFFFF, 0xFFFF, 0xFFFF, 0xFFFF, 0xFFFF, 0xFFFF,
    0xFFFF, 0xFFFF, 0xFFFF, 0xFFFF, 0xFFFF, 0xFFFF, 0xFFFF, 0xFFFF, 0xFFFF, 0xFFFF, 0xF7BF, 0xEF7E, 0xEF5E, 0xEF5E, 0xEF5E, 0xEF5E,
    0xD6DD, 0x6375, 0x4AB4, 0x4AB4, 0x4AB4, 0x4AB4, 0x4AB4, 0x4AB4, 0x4AB4, 0x4AB4, 0x4AB4, 0x4AD4, 0x5315, 0x4AF4, 0x4AB4, 0x4AB4,
    0x4AB4, 0x4AB4, 0x4AB4, 0x5B56, 0xA57E, 0xADFF, 0xADFF, 0xADFF, 0xADFF, 0xADFF, 0xADFF, 0xADFF, 0xADFF, 0xADFF, 0x7439, 0x4AB4,
    0x4AB4, 0x4AB4, 0x4AB4, 0x4AB4, 0x6BF8, 0xADBF, 0xADFF, 0xADFF, 0xADFF, 0xADFF, 0xADFF, 0xADFF, 0xADFF, 0xADFF, 0xADFF, 0xADFF,
    0xADFF, 0xADFF, 0xADFF, 0xADFF, 0xADFF, 0xADFF, 0xADFF, 0xADFF, 0xADFF, 0xADFF, 0xADFF, 0xADFF, 0xADFF, 0xADFF, 0xADFF, 0x9D5D,
    0x5335, 0x4AB4, 0x4AB4, 0x4AB4, 0x4AB4, 0x4AB4, 0x9D5D, 0xADFF, 0xADFF, 0xADFF, 0xADFF, 0xADFF, 0xADFF, 0xADFF, 0xADFF, 0xADFF,
    0xADFF, 0xADFF, 0xADFF, 0xADFF, 0xADFF, 0xADFF, 0xADFF, 0xADFF, 0xADFF, 0xADFF, 0xADFF, 0xADFF, 0xADFF, 0xADFF, 0xADFF, 0xADFF,
    0xADFF, 0xADFF, 0xADFF, 0xADFF, 0xADFF, 0x8CBB, 0x4AD4, 0x4AB4, 0x4AB4, 0x4AB4, 0x4AB4, 0x5336, 0x8CFE, 0x953F, 0x953F, 0x953F,
    0x8CFE, 0x8CFE, 0x5336, 0x4AB4, 0x4AB4, 0x4AB4, 0x4AB4, 0x4AB4, 0x5B35, 0x5B75, 0xAD9A, 0xFFDF, 0xFFFF, 0xFFFF, 0xFFFF, 0xFFFF,
    0xFFFF, 0xFFFF, 0xFFFF, 0xFFFF, 0xFFFF, 0xFFFF, 0xFFFF, 0xFFFF, 0xFFFF, 0xFFFF, 0xFFFF, 0xFFFF, 0xFFFF, 0xFFFF, 0xFFFF, 0xFFFF,
    0xFFFF, 0xFFFF, 0xFFFF, 0xFFFF, 0x0000, 0x0000, 0x0000, 0x0000, 0x0000, 0x0000, 0xFFFF, 0xFFFF, 0xFFFF, 0xFFFF, 0xFFFF, 0xFFFF,
    0x0000, 0x0000, 0x0000, 0x0000, 0x0000, 0x0000, 0xFFFF, 0xFFFF, 0xFFFF, 0xFFFF, 0xFFFF, 0xFFFF, 0x0000, 0x0000, 0x0000, 0x0000,
    0x0000, 0x0000, 0xFFFF, 0xFFFF, 0xFFFF, 0xFFFF, 0xFFFF, 0xFFFF, 0x0000, 0x0000, 0x0000, 0x0000, 0x0000, 0x0000, 0x0000, 0x0000,
    0x0000, 0x0000, 0x0000, 0x0000, 0x0000, 0x0000, 0x0000, 0x0000, 0x0000, 0x0000, 0xFFFF, 0xFFFF, 0xFFFF, 0xFFFF, 0xFFFF, 0xFFFF,
    0xFFFF, 0xFFFF, 0xFFFF, 0xFFFF, 0xFFFF, 0xFFFF, 0xFFFF, 0xFFFF, 0xFFFF, 0xFFFF, 0xFFFF, 0xFFFF, 0xFFFF, 0xFFFF, 0xFFFF, 0xFFFF,
    0xFFFF, 0xFFFF, 0x0000, 0x0000, 0x0000, 0x0000, 0x0000, 0x0000, 0x0000, 0x0000, 0x0000, 0x0000, 0x0000, 0x0000, 0x0000, 0x0000,
    0x0000, 0x0000, 0x0000, 0x0000, 0x0000, 0x0000, 0x0000, 0x0000, 0x0000, 0x0000, 0x0000, 0x0000, 0x0000, 0x0000, 0x0000, 0x0000,
    0x0000, 0x0000, 0x0000, 0x0000, 0x0000, 0x0000, 0x0000, 0x0000, 0x0000, 0x0000, 0x0000, 0x0000, 0x0000, 0x0000, 0x0000, 0x0000,
    0x0000, 0x0000, 0xFFFF, 0xFFFF, 0xFFFF, 0xFFFF, 0xFFFF, 0xFFFF, 0x0000, 0x0000, 0x0000, 0x0000, 0x0000, 0x0000, 0xFFFF, 0xFFFF,
    0xFFFF, 0xFFFF, 0xFFFF, 0xFFFF, 0x0000, 0x0000, 0x0000, 0x0000, 0x0000, 0x0000, 0xFFFF, 0xFFFF, 0xFFFF, 0xFFFF, 0xFFFF, 0xFFFF,
    0xFFFF, 0xFFFF, 0xFFFF, 0xFFFF, 0xFFFF, 0xFFFF, 0xFFFF, 0xFFFF, 0xFFFF, 0xFFFF, 0xCE9C, 0x5B35, 0x4AB4, 0x4AB4, 0x4AB4, 0x4AB4,
    0x4AB4, 0x4AB4, 0x4AB4, 0x4AB4, 0x4AB4, 0x4AB4, 0x4AB4, 0x4AB4, 0x4AB4, 0x4AB4, 0x4AB4, 0x6BF9, 0x953F, 0x7C5B, 0x4AD4, 0x4AB4,
    0x4AB4, 0x4AB4, 0x4AB4, 0x5B56, 0xA57E, 0xADFF, 0xADFF, 0xADFF, 0xADFF, 0xADFF, 0xADFF, 0xADFF, 0xADFF, 0xADFF, 0x7439, 0x4AB4,
    0x4AB4, 0x4AB4, 0x4AB4, 0x4AB4, 0x6BF8, 0xADBF, 0xADFF, 0xADFF, 0xADFF, 0xADFF, 0xADFF, 0xADFF, 0xADFF, 0xADFF, 0xADFF, 0xADFF,
    0xADFF, 0xADFF, 0xADFF, 0xADFF, 0xADFF, 0xADFF, 0xADFF, 0xADFF, 0xADFF, 0xADFF, 0xADFF, 0xADFF, 0xADFF, 0xADFF, 0xADFF, 0x9D5D,
    0x5335, 0x4AB4, 0x4AB4, 0x4AB4, 0x4AB4, 0x4AB4, 0x9D5D, 0xADFF, 0xADFF, 0xADFF, 0xADFF, 0xADFF, 0xADFF, 0xADFF, 0xADFF, 0xADFF,
    0xADFF, 0xADFF, 0xADFF, 0xADFF, 0xADFF, 0xADFF, 0xADFF, 0xADFF, 0xADFF, 0xADFF, 0xADFF, 0xADFF, 0xADFF, 0xADFF, 0xADFF, 0xADFF,
    0xADFF, 0xADFF, 0xADFF, 0xADFF, 0xADFF, 0x8CBB, 0x4AD4, 0x4AB4, 0x4AB4, 0x4AB4, 0x4AB4, 0x5336, 0x8CFE, 0x953F, 0x953F, 0x8CFE,
    0x5315, 0x4AB4, 0x4AB4, 0x4AB4, 0x4AB4, 0x4AB4, 0x4AB4, 0x4AB4, 0xADBA, 0xFFFF, 0xFFFF, 0xFFFF, 0xFFFF, 0xFFFF, 0xFFFF, 0xFFFF,
    0xFFFF, 0xFFFF, 0xFFFF, 0xFFFF, 0xFFFF, 0xFFFF, 0xFFFF, 0xFFFF, 0xFFFF, 0xFFFF, 0xFFFF, 0xFFFF, 0xFFFF, 0xFFFF, 0xFFFF, 0xFFFF,
    0xFFFF, 0xFFFF, 0xFFFF, 0xFFFF, 0x0000, 0x0000, 0x0000, 0x0000, 0x0000, 0x0000, 0xFFFF, 0xFFFF, 0xFFFF, 0xFFFF, 0xFFFF, 0xFFFF,
    0x0000, 0x0000, 0x0000, 0x0000, 0x0000, 0x0000, 0xFFFF, 0xFFFF, 0xFFFF, 0xFFFF, 0xFFFF, 0xFFFF, 0x0000, 0x0000, 0x0000, 0x0000,
    0x0000, 0x0000, 0xFFFF, 0xFFFF, 0xFFFF, 0xFFFF, 0xFFFF, 0xFFFF, 0x0000, 0x0000, 0x0000, 0x0000, 0x0000, 0x0000, 0x0000, 0x0000,
    0x0000, 0x0000, 0x0000, 0x0000, 0x0000, 0x0000, 0x0000, 0x0000, 0x0000, 0x0000, 0xFFFF, 0xFFFF, 0xFFFF, 0xFFFF, 0xFFFF, 0xFFFF,
    0xFFFF, 0xFFFF, 0xFFFF, 0xFFFF, 0xFFFF, 0xFFFF, 0xFFFF, 0xFFFF, 0xFFFF, 0xFFFF, 0xFFFF, 0xFFFF, 0xFFFF, 0xFFFF, 0xFFFF, 0xFFFF,
    0xFFFF, 0xFFFF, 0x0000, 0x0000, 0x0000, 0x0000, 0x0000, 0x0000, 0x0000, 0x0000, 0x0000, 0x0000, 0x0000, 0x0000, 0x0000, 0x0000,
    0x0000, 0x0000, 0x0000, 0x0000, 0x0000, 0x0000, 0x0000, 0x0000, 0x0000, 0x0000, 0x0000, 0x0000, 0x0000, 0x0000, 0x0000, 0x0000,
    0x0000, 0x0000, 0x0000, 0x0000, 0x0000, 0x0000, 0x0000, 0x0000, 0x0000, 0x0000, 0x0000, 0x0000, 0x0000, 0x0000, 0x0000, 0x0000,
    0x0000, 0x0000, 0xFFFF, 0xFFFF, 0xFFFF, 0xFFFF, 0xFFFF, 0xFFFF, 0x0000, 0x0000, 0x0000, 0x0000, 0x0000, 0x0000, 0xFFFF, 0xFFFF,
    0xFFFF, 0xFFFF, 0xFFFF, 0xFFFF, 0x0000, 0x0000, 0x0000, 0x0000, 0x0000, 0x0000, 0xFFFF, 0xFFFF, 0xFFFF, 0xFFFF, 0xFFFF, 0xFFFF,
    0xFFFF, 0xFFFF, 0xFFFF, 0xFFFF, 0xFFFF, 0xFFFF, 0xFFFF, 0xFFFF, 0xFFFF, 0xFFFF, 0xCE9C, 0x5B35, 0x4AB4, 0x4AB4, 0x4AB4, 0x4AB4,
    0x4AB4, 0x4AB4, 0x4AB4, 0x4AB4, 0x4AB4, 0x4AB4, 0x4AB4, 0x4AB4, 0x4AB4, 0x4AB4, 0x4AB4, 0x6BF9, 0x953F, 0x7C5B, 0x4AD4, 0x4AB4,
    0x4AB4, 0x4AB4, 0x4AB4, 0x5B56, 0xA57E, 0xADFF, 0xADFF, 0xADFF, 0xADFF, 0xADFF, 0xADFF, 0xADFF, 0xADFF, 0xADFF, 0x7439, 0x4AB4,
    0x4AB4, 0x4AB4, 0x4AB4, 0x4AB4, 0x6BF8, 0xADBF, 0xADFF, 0xADFF, 0xADFF, 0xADFF, 0xADFF, 0xADFF, 0xADFF, 0xADFF, 0xADFF, 0xADFF,
    0xADFF, 0xADFF, 0xADFF, 0xADFF, 0xADFF, 0xADFF, 0xADFF, 0xADFF, 0xADFF, 0xADFF, 0xADFF, 0xADFF, 0xADFF, 0xADFF, 0xADFF, 0x9D5D,
    0x5335, 0x4AB4, 0x4AB4, 0x4AB4, 0x4AB4, 0x4AB4, 0x9D5D, 0xADFF, 0xADFF, 0xADFF, 0xADFF, 0xADFF, 0xADFF, 0xADFF, 0xADFF, 0xADFF,
    0xADFF, 0xADFF, 0xADFF, 0xADFF, 0xADFF, 0xADFF, 0xADFF, 0xADFF, 0xADFF, 0xADFF, 0xADFF, 0xADFF, 0xADFF, 0xADFF, 0xADFF, 0xADFF,
    0xADFF, 0xADFF, 0xADFF, 0xADFF, 0xADFF, 0x8CBB, 0x4AD4, 0x4AB4, 0x4AB4, 0x4AB4, 0x4AB4, 0x5336, 0x8CFE, 0x953F, 0x953F, 0x8CFE,
    0x5315, 0x4AB4, 0x4AB4, 0x4AB4, 0x4AB4, 0x4AB4, 0x4AB4, 0x4AB4, 0xADBA, 0xFFFF, 0xFFFF, 0xFFFF, 0xFFFF, 0xFFFF, 0xFFFF, 0xFFFF,
    0xFFFF, 0xFFFF, 0xFFFF, 0xFFFF, 0xFFFF, 0xFFFF, 0xFFFF, 0xFFFF, 0xFFFF, 0xFFFF, 0xFFFF, 0xFFFF, 0xFFFF, 0xFFFF, 0xFFFF, 0xFFFF,
    0xFFFF, 0xFFFF, 0xFFFF, 0xFFFF, 0x0000, 0x0000, 0x0000, 0x0000, 0x0000, 0x0000, 0xFFFF, 0xFFFF, 0xFFFF, 0xFFFF, 0xFFFF, 0xFFFF,
    0x0000, 0x0000, 0x0000, 0x0000, 0x0000, 0x0000, 0xFFFF, 0xFFFF, 0xFFFF, 0xFFFF, 0xFFFF, 0xFFFF, 0x0000, 0x0000, 0x0000, 0x0000,
    0x0000, 0x0000, 0xFFFF, 0xFFFF, 0xFFFF, 0xFFFF, 0xFFFF, 0xFFFF, 0x0000, 0x0000, 0x0000, 0x0000, 0x0000, 0x0000, 0x0000, 0x0000,
    0x0000, 0x0000, 0x0000, 0x0000, 0x0000, 0x0000, 0x0000, 0x0000, 0x0000, 0x0000, 0xFFFF, 0xFFFF, 0xFFFF, 0xFFFF, 0xFFFF, 0xFFFF,
    0xFFFF, 0xFFFF, 0xFFFF, 0xFFFF, 0xFFFF, 0xFFFF, 0xFFFF, 0xFFFF, 0xFFFF, 0xFFFF, 0xFFFF, 0xFFFF, 0xFFFF, 0xFFFF, 0xFFFF, 0xFFFF,
    0xFFFF, 0xFFFF, 0x0000, 0x0000, 0x0000, 0x0000, 0x0000, 0x0000, 0x0000, 0x0000, 0x0000, 0x0000, 0x0000, 0x0000, 0x0000, 0x0000,
    0x0000, 0x0000, 0x0000, 0x0000, 0x0000, 0x0000, 0x0000, 0x0000, 0x0000, 0x0000, 0x0000, 0x0000, 0x0000, 0x0000, 0x0000, 0x0000,
    0x0000, 0x0000, 0x0000, 0x0000, 0x0000, 0x0000, 0x0000, 0x0000, 0x0000, 0x0000, 0x0000, 0x0000, 0x0000, 0x0000, 0x0000, 0x0000,
    0x0000, 0x0000, 0xFFFF, 0xFFFF, 0xFFFF, 0xFFFF, 0xFFFF, 0xFFFF, 0x0000, 0x0000, 0x0000, 0x0000, 0x0000, 0x0000, 0xFFFF, 0xFFFF,
    0xFFFF, 0xFFFF, 0xFFFF, 0xFFFF, 0x0000, 0x0000, 0x0000, 0x0000, 0x0000, 0x0000, 0xFFFF, 0xFFFF, 0xFFFF, 0xFFFF, 0xFFFF, 0xFFFF,
    0xFFFF, 0xFFFF, 0xFFFF, 0xFFFF, 0xFFFF, 0xFFFF, 0xFFFF, 0xFFFF, 0xFFFF, 0xFFFF, 0xCE9C, 0x5B35, 0x4AB4, 0x4AB4, 0x4AB4, 0x4AB4,
    0x4AB4, 0x4AB4, 0x4AB4, 0x4AB4, 0x4AB4, 0x4AB4, 0x4AB4, 0x4AB4, 0x4AB4, 0x741A, 0x953F, 0x953F, 0x953F, 0x7C5B, 0x4AD4, 0x4AB4,
    0x4AB4, 0x4AB4, 0x4AB4, 0x5B56, 0xA57E, 0xADFF, 0xADFF, 0xADFF, 0xADFF, 0xADFF, 0xADFF, 0xADFF, 0xADFF, 0xADFF, 0xADFF, 0xADFF,
    0xADFF, 0xADFF, 0xADFF, 0xADFF, 0xADFF, 0xADFF, 0xADFF, 0xADFF, 0xADFF, 0xADFF, 0xADFF, 0xADFF, 0xADFF, 0xADFF, 0xADFF, 0xADFF,
    0xADFF, 0x63B7, 0x4AB4, 0x4AB4, 0x4AB4, 0x4AB4, 0x4AB4, 0x4AB4, 0x4AB4, 0x6BF8, 0xADDF, 0xADFF, 0xADFF, 0x951C, 0x5315, 0x4AB4,
    0x4AB4, 0x4AB4, 0x4AB4, 0x4AB4, 0x4AB4, 0x4AB4, 0x9D5D, 0xADFF, 0xADFF, 0xADFF, 0xADFF, 0xADFF, 0xADFF, 0xADFF, 0xADFF, 0xADFF,
    0xADFF, 0xADFF, 0xADFF, 0xADFF, 0xADFF, 0xADFF, 0xADFF, 0xADFF, 0xADFF, 0xADFF, 0xADFF, 0xADFF, 0xADFF, 0xADFF, 0xADFF, 0xADFF,
    0xADFF, 0xADFF, 0xADFF, 0x7C7A, 0x4AB4, 0x4AB4, 0x4AB4, 0x4AB4, 0x4AB4, 0x5B77, 0x8CFE, 0x953F, 0x953F, 0x953F, 0x953F, 0x8CFE,
    0x5315, 0x4AB4, 0x4AB4, 0x4AB4, 0x4AB4, 0x4AB4, 0x4AB4, 0x4AB4, 0x4AB4, 0x4AB4, 0x9D39, 0xFFDF, 0xFFFF, 0xFFFF, 0xFFFF, 0xFFFF,
    0xFFFF, 0xFFFF, 0xFFFF, 0xFFFF, 0xFFFF, 0xFFFF, 0xFFFF, 0xFFFF, 0xFFFF, 0xFFFF, 0xFFFF, 0xFFFF, 0xFFFF, 0xFFFF, 0xFFFF, 0xFFFF,
    0xFFFF, 0xFFFF, 0xFFFF, 0xFFFF, 0x0000, 0x0000, 0x0000, 0x0000, 0x0000, 0x0000, 0xFFFF, 0xFFFF, 0xFFFF, 0xFFFF, 0xFFFF, 0xFFFF,
    0x0000, 0x0000, 0x0000, 0x0000, 0x0000, 0x0000, 0xFFFF, 0xFFFF, 0xFFFF, 0xFFFF, 0xFFFF, 0xFFFF, 0x0000, 0x0000, 0x0000, 0x0000,
    0x0000, 0x0000, 0xFFFF, 0xFFFF, 0xFFFF, 0xFFFF, 0xFFFF, 0xFFFF, 0x0000, 0x0000, 0x0000, 0x0000, 0x0000, 0x0000, 0x0000, 0x0000,
    0x0000, 0x0000, 0x0000, 0x0000, 0x0000, 0x0000, 0x0000, 0x0000, 0x0000, 0x0000, 0xFFFF, 0xFFFF, 0xFFFF, 0xFFFF, 0xFFFF, 0xFFFF,
    0xFFFF, 0xFFFF, 0xFFFF, 0xFFFF, 0xFFFF, 0xFFFF, 0xFFFF, 0xFFFF, 0xFFFF, 0xFFFF, 0xFFFF, 0xFFFF, 0xFFFF, 0xFFFF, 0xFFFF, 0xFFFF,
    0xFFFF, 0xFFFF, 0x0000, 0x0000, 0x0000, 0x0000, 0x0000, 0x0000, 0x0000, 0x0000, 0x0000, 0x0000, 0x0000, 0x0000, 0x0000, 0x0000,
    0x0000, 0x0000, 0x0000, 0x0000, 0x0000, 0x0000, 0x0000, 0x0000, 0x0000, 0x0000, 0x0000, 0x0000, 0x0000, 0x0000, 0x0000, 0x0000,
    0x0000, 0x0000, 0x0000, 0x0000, 0x0000, 0x0000, 0x0000, 0x0000, 0x0000, 0x0000, 0x0000, 0x0000, 0x0000, 0x0000, 0x0000, 0x0000,
    0x0000, 0x0000, 0xFFFF, 0xFFFF, 0xFFFF, 0xFFFF, 0xFFFF, 0xFFFF, 0x0000, 0x0000, 0x0000, 0x0000, 0x0000, 0x0000, 0xFFFF, 0xFFFF,
    0xFFFF, 0xFFFF, 0xFFFF, 0xFFFF, 0x0000, 0x0000, 0x0000, 0x0000, 0x0000, 0x0000, 0xFFFF, 0xFFFF, 0xFFFF, 0xFFFF, 0xFFFF, 0xFFFF,
    0xFFFF, 0xFFFF, 0xFFFF, 0xFFFF, 0xFFFF, 0xFFFF, 0xFFFF, 0xFFFF, 0xFFFF, 0xFFFF, 0xCE9C, 0x5B35, 0x4AB4, 0x4AB4, 0x4AB4, 0x4AB4,
    0x4AB4, 0x4AB4, 0x4AB4, 0x4AB4, 0x4AB4, 0x4AB4, 0x4AB4, 0x4AB4, 0x4AB4, 0x741A, 0x953F, 0x953F, 0x953F, 0x7C5B, 0x4AD4, 0x4AB4,
    0x4AB4, 0x4AB4, 0x4AB4, 0x5B56, 0xA57E, 0xADFF, 0xADFF, 0xADFF, 0xADFF, 0xADFF, 0xADFF, 0xADFF, 0xADFF, 0xADFF, 0xADFF, 0xADFF,
    0xADFF, 0xADFF, 0xADFF, 0xADFF, 0xADFF, 0xADFF, 0xADFF, 0xADFF, 0xADFF, 0xADFF, 0xADFF, 0xADFF, 0xADFF, 0xADFF, 0xADFF, 0xADFF,
    0xADFF, 0x63B7, 0x4AB4, 0x4AB4, 0x4AB4, 0x4AB4, 0x4AB4, 0x4AB4, 0x4AB4, 0x6BF8, 0xADDF, 0xADFF, 0xADFF, 0x951C, 0x5315, 0x4AB4,
    0x4AB4, 0x4AB4, 0x4AB4, 0x4AB4, 0x4AB4, 0x4AB4, 0x9D5D, 0xADFF, 0xADFF, 0xADFF, 0xADFF, 0xADFF, 0xADFF, 0xADFF, 0xADFF, 0xADFF,
    0xADFF, 0xADFF, 0xADFF, 0xADFF, 0xADFF, 0xADFF, 0xADFF, 0xADFF, 0xADFF, 0xADFF, 0xADFF, 0xADFF, 0xADFF, 0xADFF, 0xADFF, 0xADFF,
    0xADFF, 0xADFF, 0xADFF, 0x7C7A, 0x4AB4, 0x4AB4, 0x4AB4, 0x4AB4, 0x4AB4, 0x5B77, 0x8CFE, 0x953F, 0x953F, 0x953F, 0x953F, 0x8CFE,
    0x5315, 0x4AB4, 0x4AB4, 0x4AB4, 0x4AB4, 0x4AB4, 0x4AB4, 0x4AB4, 0x4AB4, 0x4AB4, 0x9D39, 0xFFDF, 0xFFFF, 0xFFFF, 0xFFFF, 0xFFFF,
    0xFFFF, 0xFFFF, 0xFFFF, 0xFFFF, 0xFFFF, 0xFFFF, 0xFFFF, 0xFFFF, 0xFFFF, 0xFFFF, 0xFFFF, 0xFFFF, 0xFFFF, 0xFFFF, 0xFFFF, 0xFFFF,
    0xFFFF, 0xFFFF, 0xFFFF, 0xFFFF, 0x0000, 0x0000, 0x0000, 0x0000, 0x0000, 0x0000, 0xFFFF, 0xFFFF, 0xFFFF, 0xFFFF, 0xFFFF, 0xFFFF,
    0x0000, 0x0000, 0x0000, 0x0000, 0x0000, 0x0000, 0xFFFF, 0xFFFF, 0xFFFF, 0xFFFF, 0xFFFF, 0xFFFF, 0x0000, 0x0000, 0x0000, 0x0000,
    0x0000, 0x0000, 0xFFFF, 0xFFFF, 0xFFFF, 0xFFFF, 0xFFFF, 0xFFFF, 0x0000, 0x0000, 0x0000, 0x0000, 0x0000, 0x0000, 0x0000, 0x0000,
    0x0000, 0x0000, 0x0000, 0x0000, 0x0000, 0x0000, 0x0000, 0x0000, 0x0000, 0x0000, 0xFFFF, 0xFFFF, 0xFFFF, 0xFFFF, 0xFFFF, 0xFFFF,
    0xFFFF, 0xFFFF, 0xFFFF, 0xFFFF, 0xFFFF, 0xFFFF, 0xFFFF, 0xFFFF, 0xFFFF, 0xFFFF, 0xFFFF, 0xFFFF, 0xFFFF, 0xFFFF, 0xFFFF, 0xFFFF,
    0xFFFF, 0xFFFF, 0x0000, 0x0000, 0x0000, 0x0000, 0x0000, 0x0000, 0x0000, 0x0000, 0x0000, 0x0000, 0x0000, 0x0000, 0x0000, 0x0000,
    0x0000, 0x0000, 0x0000, 0x0000, 0x0000, 0x0000, 0x0000, 0x0000, 0x0000, 0x0000, 0x0000, 0x0000, 0x0000, 0x0000, 0x0000, 0x0000,
    0x0000, 0x0000, 0x0000, 0x0000, 0x0000, 0x0000, 0x0000, 0x0000, 0x0000, 0x0000, 0x0000, 0x0000, 0x0000, 0x0000, 0x0000, 0x0000,
    0x0000, 0x0000, 0xFFFF, 0xFFFF, 0xFFFF, 0xFFFF, 0xFFFF, 0xFFFF, 0x0000, 0x0000, 0x0000, 0x0000, 0x0000, 0x0000, 0xFFFF, 0xFFFF,
    0xFFFF, 0xFFFF, 0xFFFF, 0xFFFF, 0x0000, 0x0000, 0x0000, 0x0000, 0x0000, 0x0000, 0xFFFF, 0xFFFF, 0xFFFF, 0xFFFF, 0xFFFF, 0xFFFF,
    0xFFFF, 0xFFFF, 0xFFFF, 0xFFFF, 0xFFFF, 0xFFFF, 0xFFFF, 0xFFFF, 0xFFFF, 0xFFFF, 0xCE9C, 0x5B35, 0x4AB4, 0x4AB4, 0x4AB4, 0x4AB4,
    0x4AB4, 0x4AB4, 0x4AB4, 0x4AB4, 0x4AB4, 0x4AB4, 0x4AB4, 0x743B, 0x953F, 0x953F, 0x953F, 0x953F, 0x953F, 0x7C5B, 0x4AD4, 0x4AB4,
    0x4AB4, 0x4AB4, 0x4AB4, 0x5B56, 0xA57E, 0xADFF, 0xADFF, 0xADFF, 0xADFF, 0xADFF, 0xADFF, 0xADFF, 0xADFF, 0xADFF, 0xADFF, 0xADFF,
    0xADFF, 0xADFF, 0xADFF, 0xADFF, 0xADFF, 0xADFF, 0xADFF, 0xADFF, 0xADFF, 0xADFF, 0xADFF, 0xADFF, 0xADFF, 0xADFF, 0xADFF, 0x5B56,
    0x4AB4, 0x4AB4, 0x4AB4, 0x4AB4, 0x4AB4, 0x4AB4, 0x4AB4, 0x4AB4, 0x4AB4, 0x4AB4, 0x4AB4, 0x4AB4, 0x4AB4, 0x4AB4, 0x4AB4, 0x4AB4,
    0x4AB4, 0x4AB4, 0x4AB4, 0x5315, 0x9D7E, 0xADFF, 0xADFF, 0xADFF, 0xADFF, 0xADFF, 0xADFF, 0xADFF, 0xADFF, 0xADFF, 0xADFF, 0xADFF,
    0xADFF, 0xADFF, 0xADFF, 0xADFF, 0xADFF, 0xADFF, 0xADFF, 0xADFF, 0xADFF, 0xADFF, 0xADFF, 0xADFF, 0xADFF, 0xADFF, 0xADFF, 0xADFF,
    0xADFF, 0xADFF, 0xADFF, 0x7C7A, 0x4AB4, 0x4AB4, 0x4AB4, 0x4AB4, 0x4AB4, 0x5B77, 0x8CFE, 0x953F, 0x953F, 0x953F, 0x953F, 0x953F,
    0x953F, 0x953F, 0x5336, 0x4AB4, 0x4AB4, 0x4AB4, 0x4AB4, 0x4AB4, 0x4AB4, 0x4AB4, 0x4AB4, 0x4AB4, 0x8CB8, 0xFFDF, 0xFFFF, 0xFFFF,
    0xFFFF, 0xFFFF, 0xFFFF, 0xFFFF, 0xFFFF, 0xFFFF, 0xFFFF, 0xFFFF, 0xFFFF, 0xFFFF, 0xFFFF, 0xFFFF, 0xFFFF, 0xFFFF, 0xFFFF, 0xFFFF,
    0xFFFF, 0xFFFF, 0xFFFF, 0xFFFF, 0x0000, 0x0000, 0x0000, 0x0000, 0x0000, 0x0000, 0xFFFF, 0xFFFF, 0xFFFF, 0xFFFF, 0xFFFF, 0xFFFF,
    0x0000, 0x0000, 0x0000, 0x0000, 0x0000, 0x0000, 0xFFFF, 0xFFFF, 0xFFFF, 0xFFFF, 0xFFFF, 0xFFFF, 0x0000, 0x0000, 0x0000, 0x0000,
    0x0000, 0x0000, 0xFFFF, 0xFFFF, 0xFFFF, 0xFFFF, 0xFFFF, 0xFFFF, 0x0000, 0x0000, 0x0000, 0x0000, 0x0000, 0x0000, 0x0000, 0x0000,
    0x0000, 0x0000, 0x0000, 0x0000, 0x0000, 0x0000, 0x0000, 0x0000, 0x0000, 0x0000, 0xFFFF, 0xFFFF, 0xFFFF, 0xFFFF, 0xFFFF, 0xFFFF,
    0xFFFF, 0xFFFF, 0xFFFF, 0xFFFF, 0xFFFF, 0xFFFF, 0xFFFF, 0xFFFF, 0xFFFF, 0xFFFF, 0xFFFF, 0xFFFF, 0xFFFF, 0xFFFF, 0xFFFF, 0xFFFF,
    0xFFFF, 0xFFFF, 0x0000, 0x0000, 0x0000, 0x0000, 0x0000, 0x0000, 0x0000, 0x0000, 0x0000, 0x0000, 0x0000, 0x0000, 0x0000, 0x0000,
    0x0000, 0x0000, 0x0000, 0x0000, 0x0000, 0x0000, 0x0000, 0x0000, 0x0000, 0x0000, 0x0000, 0x0000, 0x0000, 0x0000, 0x0000, 0x0000,
    0x0000, 0x0000, 0x0000, 0x0000, 0x0000, 0x0000, 0x0000, 0x0000, 0x0000, 0x0000, 0x0000, 0x0000, 0x0000, 0x0000, 0x0000, 0x0000,
    0x0000, 0x0000, 0xFFFF, 0xFFFF, 0xFFFF, 0xFFFF, 0xFFFF, 0xFFFF, 0x0000, 0x0000, 0x0000, 0x0000, 0x0000, 0x0000, 0xFFFF, 0xFFFF,
    0xFFFF, 0xFFFF, 0xFFFF, 0xFFFF, 0x0000, 0x0000, 0x0000, 0x0000, 0x0000, 0x0000, 0xFFFF, 0xFFFF, 0xFFFF, 0xFFFF, 0xFFFF, 0xFFFF,
    0xFFFF, 0xFFFF, 0xFFFF, 0xFFFF, 0xFFFF, 0xFFFF, 0xFFFF, 0xFFFF, 0xFFFF, 0xFFFF, 0xCE9C, 0x5B35, 0x4AB4, 0x4AB4, 0x4AB4, 0x4AB4,
    0x4AB4, 0x4AB4, 0x4AB4, 0x4AB4, 0x4AB4, 0x4AB4, 0x4AB4, 0x743B, 0x953F, 0x953F, 0x953F, 0x953F, 0x953F, 0x7C5B, 0x4AD4, 0x4AB4,
    0x4AB4, 0x4AB4, 0x4AB4, 0x5B56, 0xA57E, 0xADFF, 0xADFF, 0xADFF, 0xADFF, 0xADFF, 0xADFF, 0xADFF, 0xADFF, 0xADFF, 0xADFF, 0xADFF,
    0xADFF, 0xADFF, 0xADFF, 0xADFF, 0xADFF, 0xADFF, 0xADFF, 0xADFF, 0xADFF, 0xADFF, 0xADFF, 0xADFF, 0xADFF, 0xADFF, 0xADFF, 0x5B56,
    0x4AB4, 0x4AB4, 0x4AB4, 0x4AB4, 0x4AB4, 0x4AB4, 0x4AB4, 0x4AB4, 0x4AB4, 0x4AB4, 0x4AB4, 0x4AB4, 0x4AB4, 0x4AB4, 0x4AB4, 0x4AB4,
    0x4AB4, 0x4AB4, 0x4AB4, 0x5315, 0x9D7E, 0xADFF, 0xADFF, 0xADFF, 0xADFF, 0xADFF, 0xADFF, 0xADFF, 0xADFF, 0xADFF, 0xADFF, 0xADFF,
    0xADFF, 0xADFF, 0xADFF, 0xADFF, 0xADFF, 0xADFF, 0xADFF, 0xADFF, 0xADFF, 0xADFF, 0xADFF, 0xADFF, 0xADFF, 0xADFF, 0xADFF, 0xADFF,
    0xADFF, 0xADFF, 0xADFF, 0x7C7A, 0x4AB4, 0x4AB4, 0x4AB4, 0x4AB4, 0x4AB4, 0x5B77, 0x8CFE, 0x953F, 0x953F, 0x953F, 0x953F, 0x953F,
    0x953F, 0x953F, 0x5336, 0x4AB4, 0x4AB4, 0x4AB4, 0x4AB4, 0x4AB4, 0x4AB4, 0x4AB4, 0x4AB4, 0x4AB4, 0x8CB8, 0xFFDF, 0xFFFF, 0xFFFF,
    0xFFFF, 0xFFFF, 0xFFFF, 0xFFFF, 0xFFFF, 0xFFFF, 0xFFFF, 0xFFFF, 0xFFFF, 0xFFFF, 0xFFFF, 0xFFFF, 0xFFFF, 0xFFFF, 0xFFFF, 0xFFFF,
    0xFFFF, 0xFFFF, 0xFFFF, 0xFFFF, 0xFFFF, 0xFFFF, 0xFFFF, 0xFFFF, 0xFFFF, 0xFFFF, 0xFFFF, 0xFFFF, 0xFFFF, 0xFFFF, 0xFFFF, 0xFFFF,
    0xFFFF, 0xFFFF, 0xFFFF, 0xFFFF, 0xFFFF, 0xFFFF, 0xFFFF, 0xFFFF, 0xFFFF, 0xFFFF, 0xFFFF, 0xFFFF, 0xFFFF, 0xFFFF, 0xFFFF, 0xFFFF,
    0xFFFF, 0xFFFF, 0xFFFF, 0xFFFF, 0xFFFF, 0xFFFF, 0xFFFF, 0xFFFF, 0xFFFF, 0xFFFF, 0xFFFF, 0xFFFF, 0xFFFF, 0xFFFF, 0xFFFF, 0xFFFF,
    0xFFFF, 0xFFFF, 0xFFFF, 0xFFFF, 0x0000, 0x0000, 0x0000, 0x0000, 0x0000, 0x0000, 0x0000, 0x0000, 0x0000, 0x0000, 0x0000, 0x0000,
    0x0000, 0x0000, 0x0000, 0x0000, 0x0000, 0x0000, 0x0000, 0x0000, 0x0000, 0x0000, 0x0000, 0x0000, 0x0000, 0x0000, 0x0000, 0x0000,
    0x0000, 0x0000, 0xFFFF, 0xFFFF, 0xFFFF, 0xFFFF, 0xFFFF, 0xFFFF, 0x0000, 0x0000, 0x0000, 0x0000, 0x0000, 0x0000, 0x0000, 0x0000,
    0x0000, 0x0000, 0x0000, 0x0000, 0x0000, 0x0000, 0x0000, 0x0000, 0x0000, 0x0000, 0xFFFF, 0xFFFF, 0xFFFF, 0xFFFF, 0xFFFF, 0xFFFF,
    0xFFFF, 0xFFFF, 0xFFFF, 0xFFFF, 0xFFFF, 0xFFFF, 0xFFFF, 0xFFFF, 0xFFFF, 0xFFFF, 0xFFFF, 0xFFFF, 0x0000, 0x0000, 0x0000, 0x0000,
    0x0000, 0x0000, 0x0000, 0x0000, 0x0000, 0x0000, 0x0000, 0x0000, 0xFFFF, 0xFFFF, 0xFFFF, 0xFFFF, 0xFFFF, 0xFFFF, 0x0000, 0x0000,
    0x0000, 0x0000, 0x0000, 0x0000, 0xFFFF, 0xFFFF, 0xFFFF, 0xFFFF, 0xFFFF, 0xFFFF, 0xFFFF, 0xFFFF, 0xFFFF, 0xFFFF, 0xFFFF, 0xFFFF,
    0xFFFF, 0xFFFF, 0xFFFF, 0xFFFF, 0xFFFF, 0xFFFF, 0xFFFF, 0xFFFF, 0xFFFF, 0xFFFF, 0xF7BF, 0xEF7E, 0xC65C, 0x5334, 0x4AB4, 0x4AB4,
    0x4AB4, 0x4AB4, 0x4AB4, 0x4AB4, 0x4AB4, 0x4AB4, 0x4AB4, 0x4AD4, 0x5315, 0x7C5B, 0x953F, 0x953F, 0x953F, 0x7C5B, 0x4AD4, 0x4AB4,
    0x4AB4, 0x4AB4, 0x4AB4, 0x5B56, 0xA57E, 0xADFF, 0xADFF, 0xADFF, 0xADFF, 0xADFF, 0xADFF, 0xADFF, 0xADFF, 0xADFF, 0xADFF, 0xADFF,
    0xADFF, 0xADFF, 0xADFF, 0xADFF, 0xADFF, 0xADFF, 0xADFF, 0xADFF, 0xADFF, 0xADFF, 0xADFF, 0xADFF, 0xADFF, 0xADFF, 0xADFF, 0x5B56,
    0x4AB4, 0x4AB4, 0x4AB4, 0x4AB4, 0x4AB4, 0x4AB4, 0x4AB4, 0x4AB4, 0x4AB4, 0x4AB4, 0x4AB4, 0x4AB4, 0x4AB4, 0x4AB4, 0x4AB4, 0x4AB4,
    0x4AB4, 0x5315, 0x953D, 0xA57E, 0xADDF, 0xADFF, 0xADFF, 0xADFF, 0xADFF, 0xADFF, 0xADFF, 0xADFF, 0xADFF, 0xADFF, 0xADFF, 0xADFF,
    0xADFF, 0xADFF, 0xADFF, 0xADFF, 0xADFF, 0xADFF, 0xADFF, 0xADFF, 0xADFF, 0xADFF, 0xADFF, 0xADFF, 0xADFF, 0xADFF, 0xADFF, 0xADFF,
    0xADFF, 0x7C59, 0x5335, 0x52F4, 0x4AB4, 0x4AB4, 0x4AB4, 0x4AB4, 0x4AB4, 0x5B77, 0x8CFE, 0x953F, 0x953F, 0x8CFE, 0x5B56, 0x5315,
    0x5315, 0x5315, 0x849C, 0x8CFE, 0x8CFE, 0x8CFE, 0x6397, 0x4AB4, 0x4AB4, 0x4AB4, 0x4AB4, 0x4AB4, 0x52F4, 0x5B75, 0x8C98, 0xF7BF,
    0xFFFF, 0xFFFF, 0xFFFF, 0xFFFF, 0xFFFF, 0xFFFF, 0xFFFF, 0xFFFF, 0xFFFF, 0xFFFF, 0xFFFF, 0xFFFF, 0xFFFF, 0xFFFF, 0xFFFF, 0xFFFF,
    0xFFFF, 0xFFFF, 0xFFFF, 0xFFFF, 0xFFFF, 0xFFFF, 0xFFFF, 0xFFFF, 0xFFFF, 0xFFFF, 0xFFFF, 0xFFFF, 0xFFFF, 0xFFFF, 0xFFFF, 0xFFFF,
    0xFFFF, 0xFFFF, 0xFFFF, 0xFFFF, 0xFFFF, 0xFFFF, 0xFFFF, 0xFFFF, 0xFFFF, 0xFFFF, 0xFFFF, 0xFFFF, 0xFFFF, 0xFFFF, 0xFFFF, 0xFFFF,
    0xFFFF, 0xFFFF, 0xFFFF, 0xFFFF, 0xFFFF, 0xFFFF, 0xFFFF, 0xFFFF, 0xFFFF, 0xFFFF, 0xFFFF, 0xFFFF, 0xFFFF, 0xFFFF, 0xFFFF, 0xFFFF,
    0xFFFF, 0xFFFF, 0xFFFF, 0xFFFF, 0x0000, 0x0000, 0x0000, 0x0000, 0x0000, 0x0000, 0x0000, 0x0000, 0x0000, 0x0000, 0x0000, 0x0000,
    0x0000, 0x0000, 0x0000, 0x0000, 0x0000, 0x0000, 0x0000, 0x0000, 0x0000, 0x0000, 0x0000, 0x0000, 0x0000, 0x0000, 0x0000, 0x0000,
    0x0000, 0x0000, 0xFFFF, 0xFFFF, 0xFFFF, 0xFFFF, 0xFFFF, 0xFFFF, 0x0000, 0x0000, 0x0000, 0x0000, 0x0000, 0x0000, 0x0000, 0x0000,
    0x0000, 0x0000, 0x0000, 0x0000, 0x0000, 0x0000, 0x0000, 0x0000, 0x0000, 0x0000, 0xFFFF, 0xFFFF, 0xFFFF, 0xFFFF, 0xFFFF, 0xFFFF,
    0xFFFF, 0xFFFF, 0xFFFF, 0xFFFF, 0xFFFF, 0xFFFF, 0xFFFF, 0xFFFF, 0xFFFF, 0xFFFF, 0xFFFF, 0xFFFF, 0x0000, 0x0000, 0x0000, 0x0000,
    0x0000, 0x0000, 0x0000, 0x0000, 0x0000, 0x0000, 0x0000, 0x0000, 0xFFFF, 0xFFFF, 0xFFFF, 0xFFFF, 0xFFFF, 0xFFFF, 0x0000, 0x0000,
    0x0000, 0x0000, 0x0000, 0x0000, 0xFFFF, 0xFFFF, 0xFFFF, 0xFFFF, 0xFFFF, 0xFFFF, 0xFFFF, 0xFFFF, 0xFFFF, 0xFFFF, 0xFFFF, 0xFFFF,
    0xFFFF, 0xFFFF, 0xFFFF, 0xFFFF, 0xFFFF, 0xFFFF, 0xFFFF, 0xFFFF, 0xFFFF, 0xFFFF, 0xFFFF, 0xFFFF, 0xDEFD, 0x5B35, 0x4AB4, 0x4AB4,
    0x4AB4, 0x4AB4, 0x4AB4, 0x4AB4, 0x4AB4, 0x4AB4, 0x4AB4, 0x4AB4, 0x4AB4, 0x741A, 0x953F, 0x953F, 0x953F, 0x7C5B, 0x4AD4, 0x4AB4,
    0x4AB4, 0x4AB4, 0x4AB4, 0x5B56, 0xA57E, 0xADFF, 0xADFF, 0xADFF, 0xADFF, 0xADFF, 0xADFF, 0xADFF, 0xADFF, 0xADFF, 0xADFF, 0xADFF,
    0xADFF, 0xADFF, 0xADFF, 0xADFF, 0xADFF, 0xADFF, 0xADFF, 0xADFF, 0xADFF, 0xADFF, 0xADFF, 0xADFF, 0xADFF, 0xADFF, 0xADFF, 0x5B56,
    0x4AB4, 0x4AB4, 0x4AB4, 0x4AB4, 0x4AB4, 0x4AB4, 0x4AB4, 0x4AB4, 0x4AB4, 0x4AB4, 0x4AB4, 0x4AB4, 0x4AB4, 0x4AB4, 0x4AB4, 0x4AB4,
    0x4AB4, 0x5315, 0xA57E, 0xADFF, 0xADFF, 0xADFF, 0xADFF, 0xADFF, 0xADFF, 0xADFF, 0xADFF, 0xADFF, 0xADFF, 0xADFF, 0xADFF, 0xADFF,
    0xADFF, 0xADFF, 0xADFF, 0xADFF, 0xADFF, 0xADFF, 0xADFF, 0xADFF, 0xADFF, 0xADFF, 0xADFF, 0xADFF, 0xADFF, 0xADFF, 0xADFF, 0xADFF,
    0xADFF, 0x7439, 0x4AB4, 0x4AB4, 0x4AB4, 0x4AB4, 0x4AB4, 0x4AB4, 0x4AB4, 0x5B77, 0x8CFE, 0x953F, 0x953F, 0x8CFE, 0x5315, 0x4AB4,
    0x4AB4, 0x4AB4, 0x84BD, 0x953F, 0x953F, 0x953F, 0x6BD8, 0x4AB4, 0x4AB4, 0x4AB4, 0x4AB4, 0x4AB4, 0x4AB4, 0x4AB4, 0x7C37, 0xF7BF,
    0xFFFF, 0xFFFF, 0xFFFF, 0xFFFF, 0xFFFF, 0xFFFF, 0xFFFF, 0xFFFF, 0xFFFF, 0xFFFF, 0xFFFF, 0xFFFF, 0xFFFF, 0xFFFF, 0xFFFF, 0xFFFF,
    0xFFFF, 0xFFFF, 0xFFFF, 0xFFFF, 0xFFFF, 0xFFFF, 0xFFFF, 0xFFFF, 0xFFFF, 0xFFFF, 0xFFFF, 0xFFFF, 0xFFFF, 0xFFFF, 0xFFFF, 0xFFFF,
    0xFFFF, 0xFFFF, 0xFFFF, 0xFFFF, 0xFFFF, 0xFFFF, 0xFFFF, 0xFFFF, 0xFFFF, 0xFFFF, 0xFFFF, 0xFFFF, 0xFFFF, 0xFFFF, 0xFFFF, 0xFFFF,
    0xFFFF, 0xFFFF, 0xFFFF, 0xFFFF, 0xFFFF, 0xFFFF, 0xFFFF, 0xFFFF, 0xFFFF, 0xFFFF, 0xFFFF, 0xFFFF, 0xFFFF, 0xFFFF, 0xFFFF, 0xFFFF,
    0xFFFF, 0xFFFF, 0xFFFF, 0xFFFF, 0x0000, 0x0000, 0x0000, 0x0000, 0x0000, 0x0000, 0x0000, 0x0000, 0x0000, 0x0000, 0x0000, 0x0000,
    0x0000, 0x0000, 0x0000, 0x0000, 0x0000, 0x0000, 0x0000, 0x0000, 0x0000, 0x0000, 0x0000, 0x0000, 0x0000, 0x0000, 0x0000, 0x0000,
    0x0000, 0x0000, 0xFFFF, 0xFFFF, 0xFFFF, 0xFFFF, 0xFFFF, 0xFFFF, 0x0000, 0x0000, 0x0000, 0x0000, 0x0000, 0x0000, 0x0000, 0x0000,
    0x0000, 0x0000, 0x0000, 0x0000, 0x0000, 0x0000, 0x0000, 0x0000, 0x0000, 0x0000, 0xFFFF, 0xFFFF, 0xFFFF, 0xFFFF, 0xFFFF, 0xFFFF,
    0xFFFF, 0xFFFF, 0xFFFF, 0xFFFF, 0xFFFF, 0xFFFF, 0xFFFF, 0xFFFF, 0xFFFF, 0xFFFF, 0xFFFF, 0xFFFF, 0x0000, 0x0000, 0x0000, 0x0000,
    0x0000, 0x0000, 0x0000, 0x0000, 0x0000, 0x0000, 0x0000, 0x0000, 0xFFFF, 0xFFFF, 0xFFFF, 0xFFFF, 0xFFFF, 0xFFFF, 0x0000, 0x0000,
    0x0000, 0x0000, 0x0000, 0x0000, 0xFFFF, 0xFFFF, 0xFFFF, 0xFFFF, 0xFFFF, 0xFFFF, 0xFFFF, 0xFFFF, 0xFFFF, 0xFFFF, 0xFFFF, 0xFFFF,
    0xFFFF, 0xFFFF, 0xFFFF, 0xFFFF, 0xFFFF, 0xFFFF, 0xFFFF, 0xFFFF, 0xFFFF, 0xFFFF, 0xFFFF, 0xFFFF, 0xF7BF, 0xD6BD, 0xD6BC, 0xD6BC,
    0xCE7C, 0x5B75, 0x4AB4, 0x4AB4, 0x4AB4, 0x4AB4, 0x4AB4, 0x4AB4, 0x4AB4, 0x741A, 0x953F, 0x953F, 0x953F, 0x7C5B, 0x4AD4, 0x4AB4,
    0x4AB4, 0x4AB4, 0x4AB4, 0x5B56, 0xA57E, 0xADFF, 0xADFF, 0xADFF, 0xADFF, 0xADFF, 0xADFF, 0xADFF, 0xADFF, 0xADFF, 0xADFF, 0xADFF,
    0xADFF, 0xADFF, 0xADFF, 0xADFF, 0x951C, 0x63B7, 0x6397, 0x6397, 0x6397, 0x6397, 0x73F8, 0xA59E, 0xADBF, 0x6BF8, 0x6397, 0x4AF4,
    0x4AB4, 0x4AB4, 0x4AB4, 0x4AB4, 0x4AB4, 0x4AB4, 0x4AB4, 0x4AB4, 0x4AB4, 0x4AB4, 0x4AB4, 0x4AB4, 0x4AB4, 0x4AB4, 0x4AB4, 0x4AB4,
    0x4AB4, 0x4AF4, 0x5B76, 0x63B7, 0xA57E, 0xADFF, 0xADFF, 0xADFF, 0xADFF, 0xADFF, 0xADFF, 0xADFF, 0xADFF, 0xADFF, 0xADFF, 0xADFF,
    0xADFF, 0xADFF, 0xADFF, 0xADFF, 0xADFF, 0xADFF, 0xADFF, 0xADFF, 0xADFF, 0xADFF, 0xADFF, 0xADFF, 0xADFF, 0xADFF, 0xADFF, 0x7C5A,
    0x6397, 0x5315, 0x4AB4, 0x4AB4, 0x4AB4, 0x4AB4, 0x4AB4, 0x5B77, 0x7C7C, 0x8CDD, 0x953F, 0x8CDE, 0x6397, 0x5B36, 0x4AD4, 0x4AB4,
    0x4AB4, 0x4AB4, 0x5B36, 0x5B56, 0x5B56, 0x5B56, 0x4AF5, 0x4AB4, 0x4AB4, 0x4AB4, 0x4AB4, 0x4AB4, 0x4AB4, 0x4AB4, 0x5B35, 0x73F6,
    0xFFFF, 0xFFFF, 0xFFFF, 0xFFFF, 0xFFFF, 0xFFFF, 0xFFFF, 0xFFFF, 0xFFFF, 0xFFFF, 0xFFFF, 0xFFFF, 0xFFFF, 0xFFFF, 0xFFFF, 0xFFFF,
    0xFFFF, 0xFFFF, 0xFFFF, 0xFFFF, 0xFFFF, 0xFFFF, 0xFFFF, 0xFFFF, 0xFFFF, 0xFFFF, 0xFFFF, 0xFFFF, 0xFFFF, 0xFFFF, 0xFFFF, 0xFFFF,
    0xFFFF, 0xFFFF, 0xFFFF, 0xFFFF, 0xFFFF, 0xFFFF, 0xFFFF, 0xFFFF, 0xFFFF, 0xFFFF, 0xFFFF, 0xFFFF, 0xFFFF, 0xFFFF, 0xFFFF, 0xFFFF,
    0xFFFF, 0xFFFF, 0xFFFF, 0xFFFF, 0xFFFF, 0xFFFF, 0xFFFF, 0xFFFF, 0xFFFF, 0xFFFF, 0xFFFF, 0xFFFF, 0xFFFF, 0xFFFF, 0xFFFF, 0xFFFF,
    0xFFFF, 0xFFFF, 0xFFFF, 0xFFFF, 0x0000, 0x0000, 0x0000, 0x0000, 0x0000, 0x0000, 0x0000, 0x0000, 0x0000, 0x0000, 0x0000, 0x0000,
    0x0000, 0x0000, 0x0000, 0x0000, 0x0000, 0x0000, 0x0000, 0x0000, 0x0000, 0x0000, 0x0000, 0x0000, 0x0000, 0x0000, 0x0000, 0x0000,
    0x0000, 0x0000, 0xFFFF, 0xFFFF, 0xFFFF, 0xFFFF, 0xFFFF, 0xFFFF, 0x0000, 0x0000, 0x0000, 0x0000, 0x0000, 0x0000, 0x0000, 0x0000,
    0x0000, 0x0000, 0x0000, 0x0000, 0x0000, 0x0000, 0x0000, 0x0000, 0x0000, 0x0000, 0xFFFF, 0xFFFF, 0xFFFF, 0xFFFF, 0xFFFF, 0xFFFF,
    0xFFFF, 0xFFFF, 0xFFFF, 0xFFFF, 0xFFFF, 0xFFFF, 0xFFFF, 0xFFFF, 0xFFFF, 0xFFFF, 0xFFFF, 0xFFFF, 0x0000, 0x0000, 0x0000, 0x0000,
    0x0000, 0x0000, 0x0000, 0x0000, 0x0000, 0x0000, 0x0000, 0x0000, 0xFFFF, 0xFFFF, 0xFFFF, 0xFFFF, 0xFFFF, 0xFFFF, 0x0000, 0x0000,
    0x0000, 0x0000, 0x0000, 0x0000, 0xFFFF, 0xFFFF, 0xFFFF, 0xFFFF, 0xFFFF, 0xFFFF, 0xFFFF, 0xFFFF, 0xFFFF, 0xFFFF, 0xFFFF, 0xFFFF,
    0xFFFF, 0xFFFF, 0xFFFF, 0xFFFF, 0xFFFF, 0xFFFF, 0xFFFF, 0xFFFF, 0xFFFF, 0xFFFF, 0xFFFF, 0xFFFF, 0xFFFF, 0xFFFF, 0xFFFF, 0xFFFF,
    0xEF7E, 0x6395, 0x4AB4, 0x4AB4, 0x4AB4, 0x4AB4, 0x4AB4, 0x4AB4, 0x4AB4, 0x741A, 0x953F, 0x953F, 0x953F, 0x7C5B, 0x4AD4, 0x4AB4,
    0x4AB4, 0x4AB4, 0x4AB4, 0x5B56, 0xA57E, 0xADFF, 0xADFF, 0xADFF, 0xADFF, 0xADFF, 0xADFF, 0xADFF, 0xADFF, 0xADFF, 0xADFF, 0xADFF,
    0xADFF, 0xADFF, 0xADFF, 0xADFF, 0x8CBB, 0x4AF4, 0x4AB4, 0x4AB4, 0x4AB4, 0x4AB4, 0x5B56, 0xA57E, 0xA59E, 0x5B35, 0x4AB4, 0x4AB4,
    0x4AB4, 0x4AB4, 0x4AB4, 0x4AB4, 0x4AB4, 0x4AB4, 0x4AB4, 0x4AB4, 0x4AB4, 0x4AB4, 0x4AB4, 0x4AB4, 0x4AB4, 0x4AB4, 0x4AB4, 0x4AB4,
    0x4AB4, 0x4AB4, 0x4AB4, 0x5315, 0x9D7E, 0xADFF, 0xADFF, 0xADFF, 0xADFF, 0xADFF, 0xADFF, 0xADFF, 0xADFF, 0xADFF, 0xADFF, 0xADFF,
    0xADFF, 0xADFF, 0xADFF, 0xADFF, 0xADFF, 0xADFF, 0xADFF, 0xADFF, 0xADFF, 0xADFF, 0xADFF, 0xADFF, 0xADFF, 0xADFF, 0xADFF, 0x6BD7,
    0x4AB4, 0x4AB4, 0x4AB4, 0x4AB4, 0x4AB4, 0x4AB4, 0x4AB4, 0x63B8, 0x951F, 0x953F, 0x953F, 0x84BD, 0x52F5, 0x4AB4, 0x4AB4, 0x4AB4,
    0x4AB4, 0x4AB4, 0x4AB4, 0x4AB4, 0x4AB4, 0x4AB4, 0x4AB4, 0x4AB4, 0x4AB4, 0x4AB4, 0x4AB4, 0x4AB4, 0x4AB4, 0x4AB4, 0x4AB4, 0x4AB4,
    0xFFFF, 0xFFFF, 0xFFFF, 0xFFFF, 0xFFFF, 0xFFFF, 0xFFFF, 0xFFFF, 0xFFFF, 0xFFFF, 0xFFFF, 0xFFFF, 0xFFFF, 0xFFFF, 0xFFFF, 0xFFFF,
    0xFFFF, 0xFFFF, 0xFFFF, 0xFFFF, 0xFFFF, 0xFFFF, 0xFFFF, 0xFFFF, 0xFFFF, 0xFFFF, 0xFFFF, 0xFFFF, 0xFFFF, 0xFFFF, 0xFFFF, 0xFFFF,
    0xFFFF, 0xFFFF, 0xFFFF, 0xFFFF, 0xFFFF, 0xFFFF, 0xFFFF, 0xFFFF, 0xFFFF, 0xFFFF, 0xFFFF, 0xFFFF, 0xFFFF, 0xFFFF, 0xFFFF, 0xFFFF,
    0xFFFF, 0xFFFF, 0xFFFF, 0xFFFF, 0xFFFF, 0xFFFF, 0xFFFF, 0xFFFF, 0xFFFF, 0xFFFF, 0xFFFF, 0xFFFF, 0xFFFF, 0xFFFF, 0xFFFF, 0xFFFF,
    0xFFFF, 0xFFFF, 0xFFFF, 0xFFFF, 0x0000, 0x0000, 0x0000, 0x0000, 0x0000, 0x0000, 0x0000, 0x0000, 0x0000, 0x0000, 0x0000, 0x0000,
    0x0000, 0x0000, 0x0000, 0x0000, 0x0000, 0x0000, 0x0000, 0x0000, 0x0000, 0x0000, 0x0000, 0x0000, 0x0000, 0x0000, 0x0000, 0x0000,
    0x0000, 0x0000, 0xFFFF, 0xFFFF, 0xFFFF, 0xFFFF, 0xFFFF, 0xFFFF, 0x0000, 0x0000, 0x0000, 0x0000, 0x0000, 0x0000, 0x0000, 0x0000,
    0x0000, 0x0000, 0x0000, 0x0000, 0x0000, 0x0000, 0x0000, 0x0000, 0x0000, 0x0000, 0xFFFF, 0xFFFF, 0xFFFF, 0xFFFF, 0xFFFF, 0xFFFF,
    0xFFFF, 0xFFFF, 0xFFFF, 0xFFFF, 0xFFFF, 0xFFFF, 0xFFFF, 0xFFFF, 0xFFFF, 0xFFFF, 0xFFFF, 0xFFFF, 0x0000, 0x0000, 0x0000, 0x0000,
    0x0000, 0x0000, 0x0000, 0x0000, 0x0000, 0x0000, 0x0000, 0x0000, 0xFFFF, 0xFFFF, 0xFFFF, 0xFFFF, 0xFFFF, 0xFFFF, 0x0000, 0x0000,
    0x0000, 0x0000, 0x0000, 0x0000, 0xFFFF, 0xFFFF, 0xFFFF, 0xFFFF, 0xFFFF, 0xFFFF, 0xFFFF, 0xFFFF, 0xFFFF, 0xFFFF, 0xFFFF, 0xFFFF,
    0xFFFF, 0xFFFF, 0xFFFF, 0xFFFF, 0xFFFF, 0xFFFF, 0xFFFF, 0xFFFF, 0xFFFF, 0xFFFF, 0xFFFF, 0xFFFF, 0xFFFF, 0xFFFF, 0xFFFF, 0xFFFF,
    0xF7BF, 0xC65C, 0xBE1B, 0x5B55, 0x4AB4, 0x4AB4, 0x4AB4, 0x4AB4, 0x4AB4, 0x741A, 0x953F, 0x953F, 0x953F, 0x7C5B, 0x4AD4, 0x4AB4,
    0x4AB4, 0x4AB4, 0x4AB4, 0x4AF4, 0x6BD7, 0x7419, 0xA5BE, 0xADFF, 0xADFF, 0xADFF, 0xADFF, 0xADFF, 0xADFF, 0xADFF, 0xADFF, 0xADFF,
    0xADFF, 0xADFF, 0xADFF, 0xADFF, 0x8CBB, 0x4AF4, 0x4AB4, 0x4AB4, 0x4AB4, 0x4AB4, 0x4AF4, 0x6BD7, 0x6BD7, 0x4AF4, 0x4AB4, 0x4AB4,
    0x4AB4, 0x4AB4, 0x4AB4, 0x4AB4, 0x4AB4, 0x8BB4, 0xBC34, 0xBC34, 0xBC34, 0xBC34, 0xBC34, 0xBC34, 0xBC34, 0x9BD4, 0x52F4, 0x4AB4,
    0x4AB4, 0x4AB4, 0x4AB4, 0x5315, 0x9D7E, 0xADFF, 0xADFF, 0xADFF, 0xADFF, 0xADFF, 0xADFF, 0xADFF, 0xADFF, 0xADFF, 0xADFF, 0xADFF,
    0xADFF, 0xADFF, 0xADFF, 0xADFF, 0xADFF, 0xADFF, 0xADFF, 0xADFF, 0xADFF, 0xADFF, 0xADFF, 0xADFF, 0xADFF, 0x7C59, 0x6BF8, 0x5335,
    0x4AB4, 0x4AB4, 0x4AB4, 0x4AB4, 0x4AB4, 0x5B56, 0x743B, 0x84BD, 0x951F, 0x953F, 0x953F, 0x84BD, 0x52F5, 0x4AB4, 0x4AB4, 0x4AB4,
    0x4AB4, 0x4AB4, 0x4AB4, 0x4AB4, 0x4AB4, 0x4AB4, 0x4AB4, 0x4AB4, 0x4AB4, 0x4AB4, 0x4AB4, 0x4AB4, 0x4AB4, 0x4AB4, 0x4AB4, 0x4AB4,
    0xFFFF, 0xFFFF, 0xFFFF, 0xFFFF, 0xFFFF, 0xFFFF, 0xFFFF, 0xFFFF, 0xFFFF, 0xFFFF, 0xFFFF, 0xFFFF, 0xFFFF, 0xFFFF, 0xFFFF, 0xFFFF,
    0xFFFF, 0xFFFF, 0xFFFF, 0xFFFF, 0xFFFF, 0xFFFF, 0xFFFF, 0xFFFF, 0xFFFF, 0xFFFF, 0xFFFF, 0xFFFF, 0xFFFF, 0xFFFF, 0xFFFF, 0xFFFF,
    0xFFFF, 0xFFFF, 0xFFFF, 0xFFFF, 0xFFFF, 0xFFFF, 0xFFFF, 0xFFFF, 0xFFFF, 0xFFFF, 0xFFFF, 0xFFFF, 0xFFFF, 0xFFFF, 0xFFFF, 0xFFFF,
    0xFFFF, 0xFFFF, 0xFFFF, 0xFFFF, 0xFFFF, 0xFFFF, 0xFFFF, 0xFFFF, 0xFFFF, 0xFFFF, 0xFFFF, 0xFFFF, 0xFFFF, 0xFFFF, 0xFFFF, 0xFFFF,
    0xFFFF, 0xFFFF, 0xFFFF, 0xFFFF, 0x0000, 0x0000, 0x0000, 0x0000, 0x0000, 0x0000, 0x0000, 0x0000, 0x0000, 0x0000, 0x0000, 0x0000,
    0x0000, 0x0000, 0x0000, 0x0000, 0x0000, 0x0000, 0x0000, 0x0000, 0x0000, 0x0000, 0x0000, 0x0000, 0x0000, 0x0000, 0x0000, 0x0000,
    0x0000, 0x0000, 0xFFFF, 0xFFFF, 0xFFFF, 0xFFFF, 0xFFFF, 0xFFFF, 0x0000, 0x0000, 0x0000, 0x0000, 0x0000, 0x0000, 0x0000, 0x0000,
    0x0000, 0x0000, 0x0000, 0x0000, 0x0000, 0x0000, 0x0000, 0x0000, 0x0000, 0x0000, 0xFFFF, 0xFFFF, 0xFFFF, 0xFFFF, 0xFFFF, 0xFFFF,
    0xFFFF, 0xFFFF, 0xFFFF, 0xFFFF, 0xFFFF, 0xFFFF, 0xFFFF, 0xFFFF, 0xFFFF, 0xFFFF, 0xFFFF, 0xFFFF, 0x0000, 0x0000, 0x0000, 0x0000,
    0x0000, 0x0000, 0x0000, 0x0000, 0x0000, 0x0000, 0x0000, 0x0000, 0xFFFF, 0xFFFF, 0xFFFF, 0xFFFF, 0xFFFF, 0xFFFF, 0x0000, 0x0000,
    0x0000, 0x0000, 0x0000, 0x0000, 0xFFFF, 0xFFFF, 0xFFFF, 0xFFFF, 0xFFFF, 0xFFFF, 0xFFFF, 0xFFFF, 0xFFFF, 0xFFFF, 0xFFFF, 0xFFFF,
    0xFFFF, 0xFFFF, 0xFFFF, 0xFFFF, 0xFFFF, 0xFFFF, 0xFFFF, 0xFFFF, 0xFFFF, 0xFFFF, 0xFFFF, 0xFFFF, 0xFFFF, 0xFFFF, 0xFFFF, 0xFFFF,
    0xFFFF, 0xFFFF, 0xFFFF, 0x6BB6, 0x4AB4, 0x4AB4, 0x4AB4, 0x4AB4, 0x4AB4, 0x741A, 0x953F, 0x953F, 0x953F, 0x7C5B, 0x4AD4, 0x4AB4,
    0x4AB4, 0x4AB4, 0x4AB4, 0x4AB4, 0x4AB4, 0x5315, 0xA57E, 0xADFF, 0xADFF, 0xADFF, 0xADFF, 0xADFF, 0xADFF, 0xADFF, 0xADFF, 0xADFF,
    0xADFF, 0xADFF, 0xADFF, 0xADFF, 0x8CBB, 0x4AF4, 0x4AB4, 0x4AB4, 0x4AB4, 0x4AB4, 0x4AB4, 0x4AB4, 0x4AB4, 0x4AB4, 0x4AB4, 0x4AB4,
    0x4AB4, 0x4AB4, 0x4AB4, 0x4AB4, 0x4AB4, 0xAC14, 0xFD15, 0xFD15, 0xFD15, 0xFD15, 0xFD15, 0xFD15, 0xFD15, 0xCC74, 0x5AF4, 0x4AB4,
    0x4AB4, 0x4AB4, 0x4AB4, 0x5315, 0x9D7E, 0xADFF, 0xADFF, 0xADFF, 0xADFF, 0xADFF, 0xADFF, 0xADFF, 0xADFF, 0xADFF, 0xADFF, 0xADFF,
    0xADFF, 0xADFF, 0xADFF, 0xADFF, 0xADFF, 0xADFF, 0xADFF, 0xADFF, 0xADFF, 0xADFF, 0xADFF, 0xADFF, 0xADFF, 0x5B56, 0x4AB4, 0x4AB4,
    0x4AB4, 0x4AB4, 0x4AB4, 0x4AB4, 0x4AB4, 0x63B8, 0x953F, 0x953F, 0x953F, 0x953F, 0x953F, 0x84BD, 0x52F5, 0x4AB4, 0x4AB4, 0x4AB4,
    0x4AB4, 0x4AB4, 0x4AB4, 0x4AB4, 0x4AB4, 0x4AB4, 0x4AB4, 0x4AB4, 0x4AB4, 0x4AB4, 0x4AB4, 0x4AB4, 0x4AB4, 0x4AB4, 0x4AB4, 0x4AB4,
    0xFFFF, 0xFFFF, 0xFFFF, 0xFFFF, 0xFFFF, 0xFFFF, 0xFFFF, 0xFFFF, 0xFFFF, 0xFFFF, 0xFFFF, 0xFFFF, 0xFFFF, 0xFFFF, 0xFFFF, 0xFFFF,
    0xFFFF, 0xFFFF, 0xFFFF, 0xFFFF, 0x0000, 0x0000, 0x0000, 0x0000, 0x0000, 0x0000, 0x0000, 0x0000, 0x0000, 0x0000, 0x0000, 0x0000,
    0x0000, 0x0000, 0x0000, 0x0000, 0x0000, 0x0000, 0x0000, 0x0000, 0x0000, 0x0000, 0x0000, 0x0000, 0x0000, 0x0000, 0x0000, 0x0000,
    0x0000, 0x0000, 0x0000, 0x0000, 0x0000, 0x0000, 0x0000, 0x0000, 0x0000, 0x0000, 0x0000, 0x0000, 0x0000, 0x0000, 0xFFFF, 0xFFFF,
    0xFFFF, 0xFFFF, 0xFFFF, 0xFFFF, 0x0000, 0x0000, 0x0000, 0x0000, 0x0000, 0x0000, 0x0000, 0x0000, 0x0000, 0x0000, 0x0000, 0x0000,
    0xFFFF, 0xFFFF, 0xFFFF, 0xFFFF, 0xFFFF, 0xFFFF, 0xFFFF, 0xFFFF, 0xFFFF, 0xFFFF, 0xFFFF, 0xFFFF, 0x0000, 0x0000, 0x0000, 0x0000,
    0x0000, 0x0000, 0xFFFF, 0xFFFF, 0xFFFF, 0xFFFF, 0xFFFF, 0xFFFF, 0xFFFF, 0xFFFF, 0xFFFF, 0xFFFF, 0xFFFF, 0xFFFF, 0xFFFF, 0xFFFF,
    0xFFFF, 0xFFFF, 0xFFFF, 0xFFFF, 0x0000, 0x0000, 0x0000, 0x0000, 0x0000, 0x0000, 0xFFFF, 0xFFFF, 0xFFFF, 0xFFFF, 0xFFFF, 0xFFFF,
    0x0000, 0x0000, 0x0000, 0x0000, 0x0000, 0x0000, 0xFFFF, 0xFFFF, 0xFFFF, 0xFFFF, 0xFFFF, 0xFFFF, 0x0000, 0x0000, 0x0000, 0x0000,
    0x0000, 0x0000, 0x0000, 0x0000, 0x0000, 0x0000, 0x0000, 0x0000, 0x0000, 0x0000, 0x0000, 0x0000, 0x0000, 0x0000, 0x0000, 0x0000,
    0x0000, 0x0000, 0x0000, 0x0000, 0x0000, 0x0000, 0x0000, 0x0000, 0x0000, 0x0000, 0xFFFF, 0xFFFF, 0xFFFF, 0xFFFF, 0xFFFF, 0xFFFF,
    0xFFFF, 0xFFFF, 0xFFFF, 0xFFFF, 0xFFFF, 0xFFFF, 0xFFFF, 0xFFFF, 0xFFFF, 0xFFFF, 0xFFFF, 0xFFFF, 0xFFFF, 0xFFFF, 0xFFFF, 0xFFFF,
    0xF7BF, 0x9D39, 0x8CB8, 0x5334, 0x4AB4, 0x4AB4, 0x4AB4, 0x4AB4, 0x4AB4, 0x741A, 0x953F, 0x953F, 0x953F, 0x7C5B, 0x4AD4, 0x4AB4,
    0x4AB4, 0x4AB4, 0x4AB4, 0x4AB4, 0x4AB4, 0x5315, 0xA57E, 0xADFF, 0xADFF, 0xADFF, 0xADFF, 0xADFF, 0xADFF, 0xADFF, 0xADFF, 0xADFF,
    0xADFF, 0xADFF, 0xADFF, 0xADFF, 0x8CBB, 0x4AF4, 0x4AB4, 0x4AB4, 0x4AB4, 0x4AB4, 0x4AB4, 0x4AB4, 0x4AB4, 0x4AB4, 0x4AB4, 0x4AB4,
    0x4AB4, 0x4AB4, 0x4AB4, 0x4AB4, 0x4AB4, 0xAC14, 0xFD15, 0xFD15, 0xFD15, 0xFD15, 0xFD15, 0xFD15, 0xFD15, 0xECF5, 0xC454, 0xA3F4,
    0x52F4, 0x4AB4, 0x4AB4, 0x5315, 0x9D7E, 0xADFF, 0xADFF, 0xADFF, 0xADFF, 0xADFF, 0xADFF, 0xADFF, 0xADFF, 0xADFF, 0xADFF, 0xADFF,
    0xADFF, 0xADFF, 0xADFF, 0xADFF, 0xADFF, 0xADFF, 0xADFF, 0xADFF, 0xADFF, 0xADFF, 0xADFF, 0x7C39, 0x6BF8, 0x52F4, 0x4AB4, 0x4AB4,
    0x4AB4, 0x4AB4, 0x4AB4, 0x4AB4, 0x4AB4, 0x63B8, 0x953F, 0x953F, 0x953F, 0x953F, 0x953F, 0x84BD, 0x52F5, 0x4AB4, 0x4AB4, 0x4AB4,
    0x4AB4, 0x4AB4, 0x4AB4, 0x4AB4, 0x4AB4, 0x4AB4, 0x4AB4, 0x4AB4, 0x4AB4, 0x4AB4, 0x4AB4, 0x4AB4, 0x4AB4, 0x4AB4, 0x4AB4, 0x4AB4,
    0xFFFF, 0xFFFF, 0xFFFF, 0xFFFF, 0xFFFF, 0xFFFF, 0xFFFF, 0xFFFF, 0xFFFF, 0xFFFF, 0xFFFF, 0xFFFF, 0xFFFF, 0xFFFF, 0xFFFF, 0xFFFF,
    0xFFFF, 0xFFFF, 0xFFFF, 0xFFFF, 0x0000, 0x0000, 0x0000, 0x0000, 0x0000, 0x0000, 0x0000, 0x0000, 0x0000, 0x0000, 0x0000, 0x0000,
    0x0000, 0x0000, 0x0000, 0x0000, 0x0000, 0x0000, 0x0000, 0x0000, 0x0000, 0x0000, 0x0000, 0x0000, 0x0000, 0x0000, 0x0000, 0x0000,
    0x0000, 0x0000, 0x0000, 0x0000, 0x0000, 0x0000, 0x0000, 0x0000, 0x0000, 0x0000, 0x0000, 0x0000, 0x0000, 0x0000, 0xFFFF, 0xFFFF,
    0xFFFF, 0xFFFF, 0xFFFF, 0xFFFF, 0x0000, 0x0000, 0x0000, 0x0000, 0x0000, 0x0000, 0x0000, 0x0000, 0x0000, 0x0000, 0x0000, 0x0000,
    0xFFFF, 0xFFFF, 0xFFFF, 0xFFFF, 0xFFFF, 0xFFFF, 0xFFFF, 0xFFFF, 0xFFFF, 0xFFFF, 0xFFFF, 0xFFFF, 0x0000, 0x0000, 0x0000, 0x0000,
    0x0000, 0x0000, 0xFFFF, 0xFFFF, 0xFFFF, 0xFFFF, 0xFFFF, 0xFFFF, 0xFFFF, 0xFFFF, 0xFFFF, 0xFFFF, 0xFFFF, 0xFFFF, 0xFFFF, 0xFFFF,
    0xFFFF, 0xFFFF, 0xFFFF, 0xFFFF, 0x0000, 0x0000, 0x0000, 0x0000, 0x0000, 0x0000, 0xFFFF, 0xFFFF, 0xFFFF, 0xFFFF, 0xFFFF, 0xFFFF,
    0x0000, 0x0000, 0x0000, 0x0000, 0x0000, 0x0000, 0xFFFF, 0xFFFF, 0xFFFF, 0xFFFF, 0xFFFF, 0xFFFF, 0x0000, 0x0000, 0x0000, 0x0000,
    0x0000, 0x0000, 0x0000, 0x0000, 0x0000, 0x0000, 0x0000, 0x0000, 0x0000, 0x0000, 0x0000, 0x0000, 0x0000, 0x0000, 0x0000, 0x0000,
    0x0000, 0x0000, 0x0000, 0x0000, 0x0000, 0x0000, 0x0000, 0x0000, 0x0000, 0x0000, 0xFFFF, 0xFFFF, 0xFFFF, 0xFFFF, 0xFFFF, 0xFFFF,
    0xFFFF, 0xFFFF, 0xFFFF, 0xFFFF, 0xFFFF, 0xFFFF, 0xFFFF, 0xFFFF, 0xFFFF, 0xFFFF, 0xFFFF, 0xFFFF, 0xFFFF, 0xFFFF, 0xFFFF, 0xFFFF,
    0xEF7E, 0x6395, 0x4AB4, 0x4AB4, 0x4AB4, 0x4AB4, 0x4AB4, 0x4AB4, 0x4AB4, 0x741A, 0x953F, 0x953F, 0x953F, 0x7C5B, 0x4AD4, 0x4AB4,
    0x4AB4, 0x4AB4, 0x4AB4, 0x4AB4, 0x4AB4, 0x5315, 0xA57E, 0xADFF, 0xADFF, 0xADFF, 0xADFF, 0xADFF, 0xADFF, 0xADFF, 0xADFF, 0xADFF,
    0xADFF, 0xADFF, 0xADFF, 0xADFF, 0x8CBB, 0x4AF4, 0x4AB4, 0x4AB4, 0x4AB4, 0x4AB4, 0x4AB4, 0x4AB4, 0x4AB4, 0x4AB4, 0x4AB4, 0x4AB4,
    0x4AB4, 0x4AB4, 0x4AB4, 0x4AB4, 0x4AB4, 0xAC14, 0xFD15, 0xFD15, 0xFD15, 0xFD15, 0xFD15, 0xFD15, 0xFD15, 0xFD15, 0xFD15, 0xDCB5,
    0x5B14, 0x4AB4, 0x4AB4, 0x5315, 0x9D7E, 0xADFF, 0xADFF, 0xADFF, 0xADFF, 0xADFF, 0xADFF, 0xADFF, 0xADFF, 0xADFF, 0xADFF, 0xADFF,
    0xADFF, 0xADFF, 0xADFF, 0xADFF, 0xADFF, 0xADFF, 0xADFF, 0xADFF, 0xADFF, 0xADFF, 0xADFF, 0x5B35, 0x4AB4, 0x4AB4, 0x4AB4, 0x4AB4,
    0x4AB4, 0x4AB4, 0x4AB4, 0x4AB4, 0x4AB4, 0x63B8, 0x953F, 0x953F, 0x953F, 0x953F, 0x953F, 0x84BD, 0x52F5, 0x4AB4, 0x4AB4, 0x4AB4,
    0x4AB4, 0x4AB4, 0x4AB4, 0x4AB4, 0x4AB4, 0x4AB4, 0x4AB4, 0x4AB4, 0x4AB4, 0x4AB4, 0x4AB4, 0x4AB4, 0x4AB4, 0x4AB4, 0x4AB4, 0x4AB4,
    0xFFFF, 0xFFFF, 0xFFFF, 0xFFFF, 0xFFFF, 0xFFFF, 0xFFFF, 0xFFFF, 0xFFFF, 0xFFFF, 0xFFFF, 0xFFFF, 0xFFFF, 0xFFFF, 0xFFFF, 0xFFFF,
    0xFFFF, 0xFFFF, 0xFFFF, 0xFFFF, 0x0000, 0x0000, 0x0000, 0x0000, 0x0000, 0x0000, 0x0000, 0x0000, 0x0000, 0x0000, 0x0000, 0x0000,
    0x0000, 0x0000, 0x0000, 0x0000, 0x0000, 0x0000, 0x0000, 0x0000, 0x0000, 0x0000, 0x0000, 0x0000, 0x0000, 0x0000, 0x0000, 0x0000,
    0x0000, 0x0000, 0x0000, 0x0000, 0x0000, 0x0000, 0x0000, 0x0000, 0x0000, 0x0000, 0x0000, 0x0000, 0x0000, 0x0000, 0xFFFF, 0xFFFF,
    0xFFFF, 0xFFFF, 0xFFFF, 0xFFFF, 0x0000, 0x0000, 0x0000, 0x0000, 0x0000, 0x0000, 0x0000, 0x0000, 0x0000, 0x0000, 0x0000, 0x0000,
    0xFFFF, 0xFFFF, 0xFFFF, 0xFFFF, 0xFFFF, 0xFFFF, 0xFFFF, 0xFFFF, 0xFFFF, 0xFFFF, 0xFFFF, 0xFFFF, 0x0000, 0x0000, 0x0000, 0x0000,
    0x0000, 0x0000, 0xFFFF, 0xFFFF, 0xFFFF, 0xFFFF, 0xFFFF, 0xFFFF, 0xFFFF, 0xFFFF, 0xFFFF, 0xFFFF, 0xFFFF, 0xFFFF, 0xFFFF, 0xFFFF,
    0xFFFF, 0xFFFF, 0xFFFF, 0xFFFF, 0x0000, 0x0000, 0x0000, 0x0000, 0x0000, 0x0000, 0xFFFF, 0xFFFF, 0xFFFF, 0xFFFF, 0xFFFF, 0xFFFF,
    0x0000, 0x0000, 0x0000, 0x0000, 0x0000, 0x0000, 0xFFFF, 0xFFFF, 0xFFFF, 0xFFFF, 0xFFFF, 0xFFFF, 0x0000, 0x0000, 0x0000, 0x0000,
    0x0000, 0x0000, 0x0000, 0x0000, 0x0000, 0x0000, 0x0000, 0x0000, 0x0000, 0x0000, 0x0000, 0x0000, 0x0000, 0x0000, 0x0000, 0x0000,
    0x0000, 0x0000, 0x0000, 0x0000, 0x0000, 0x0000, 0x0000, 0x0000, 0x0000, 0x0000, 0xFFFF, 0xFFFF, 0xFFFF, 0xFFFF, 0xFFFF, 0xFFFF,
    0xFFFF, 0xFFFF, 0xFFFF, 0xFFFF, 0xFFFF, 0xFFFF, 0xFFFF, 0xFFFF, 0xFFFF, 0xFFFF, 0xFFFF, 0xFFFF, 0xFFFF, 0xFFFF, 0xFFFF, 0xFFFF,
    0xEF7E, 0x6395, 0x4AB4, 0x4AB4, 0x4AB4, 0x4AB4, 0x4AB4, 0x5B77, 0x6BF9, 0x84BD, 0x953F, 0x953F, 0x953F, 0x84BD, 0x741A, 0x63B8,
    0x4AD4, 0x4AB4, 0x4AB4, 0x4AB4, 0x4AB4, 0x5315, 0xA57E, 0xADFF, 0xADFF, 0xADFF, 0xADFF, 0xADFF, 0xADFF, 0xADFF, 0xADFF, 0xADFF,
    0xADFF, 0xADFF, 0xADFF, 0xADFF, 0x9D5D, 0x7C7A, 0x7C59, 0x7C59, 0x7418, 0x4AF4, 0x4AB4, 0x4AB4, 0x4AB4, 0x4AB4, 0x4AB4, 0x4AB4,
    0x4AB4, 0x4AB4, 0x4AB4, 0x4AB4, 0x4AB4, 0x7B74, 0xA3F4, 0xA3F4, 0xA3F4, 0xC454, 0xFD15, 0xFD15, 0xFD15, 0xFD15, 0xFD15, 0xDCB5,
    0x5B14, 0x4AB4, 0x4AB4, 0x4AF4, 0x7419, 0x7C59, 0xA59E, 0xADFF, 0xADFF, 0xADFF, 0xADFF, 0xADFF, 0xADFF, 0xADFF, 0xADFF, 0xADFF,
    0xADFF, 0xADFF, 0xADFF, 0xADFF, 0xADFF, 0xADFF, 0xADFF, 0xADFF, 0xADBF, 0x849A, 0x7C59, 0x52F4, 0x4AB4, 0x4AB4, 0x4AB4, 0x4AB4,
    0x4AB4, 0x4AB4, 0x4AB4, 0x5B56, 0x6BF9, 0x7C7C, 0x953F, 0x953F, 0x953F, 0x8CDE, 0x741A, 0x6BB8, 0x4AD4, 0x4AB4, 0x4AB4, 0x4AB4,
    0x4AB4, 0x4AB4, 0x94D8, 0xA559, 0xA559, 0xA559, 0xA559, 0xA559, 0xA559, 0xA559, 0xA559, 0xA559, 0x8457, 0x4AD4, 0x4AB4, 0x4AB4,
    0xFFFF, 0xFFFF, 0xFFFF, 0xFFFF, 0xFFFF, 0xFFFF, 0xFFFF, 0xFFFF, 0xFFFF, 0xFFFF, 0xFFFF, 0xFFFF, 0xFFFF, 0xFFFF, 0xFFFF, 0xFFFF,
    0xFFFF, 0xFFFF, 0xFFFF, 0xFFFF, 0x0000, 0x0000, 0x0000, 0x0000, 0x0000, 0x0000, 0x0000, 0x0000, 0x0000, 0x0000, 0x0000, 0x0000,
    0x0000, 0x0000, 0x0000, 0x0000, 0x0000, 0x0000, 0x0000, 0x0000, 0x0000, 0x0000, 0x0000, 0x0000, 0x0000, 0x0000, 0x0000, 0x0000,
    0x0000, 0x0000, 0x0000, 0x0000, 0x0000, 0x0000, 0x0000, 0x0000, 0x0000, 0x0000, 0x0000, 0x0000, 0x0000, 0x0000, 0xFFFF, 0xFFFF,
    0xFFFF, 0xFFFF, 0xFFFF, 0xFFFF, 0x0000, 0x0000, 0x0000, 0x0000, 0x0000, 0x0000, 0x0000, 0x0000, 0x0000, 0x0000, 0x0000, 0x0000,
    0xFFFF, 0xFFFF, 0xFFFF, 0xFFFF, 0xFFFF, 0xFFFF, 0xFFFF, 0xFFFF, 0xFFFF, 0xFFFF, 0xFFFF, 0xFFFF, 0x0000, 0x0000, 0x0000, 0x0000,
    0x0000, 0x0000, 0xFFFF, 0xFFFF, 0xFFFF, 0xFFFF, 0xFFFF, 0xFFFF, 0xFFFF, 0xFFFF, 0xFFFF, 0xFFFF, 0xFFFF, 0xFFFF, 0xFFFF, 0xFFFF,
    0xFFFF, 0xFFFF, 0xFFFF, 0xFFFF, 0x0000, 0x0000, 0x0000, 0x0000, 0x0000, 0x0000, 0xFFFF, 0xFFFF, 0xFFFF, 0xFFFF, 0xFFFF, 0xFFFF,
    0x0000, 0x0000, 0x0000, 0x0000, 0x0000, 0x0000, 0xFFFF, 0xFFFF, 0xFFFF, 0xFFFF, 0xFFFF, 0xFFFF, 0x0000, 0x0000, 0x0000, 0x0000,
    0x0000, 0x0000, 0x0000, 0x0000, 0x0000, 0x0000, 0x0000, 0x0000, 0x0000, 0x0000, 0x0000, 0x0000, 0x0000, 0x0000, 0x0000, 0x0000,
    0x0000, 0x0000, 0x0000, 0x0000, 0x0000, 0x0000, 0x0000, 0x0000, 0x0000, 0x0000, 0xFFFF, 0xFFFF, 0xFFFF, 0xFFFF, 0xFFFF, 0xFFFF,
    0xFFFF, 0xFFFF, 0xFFFF, 0xFFFF, 0xFFFF, 0xFFFF, 0xFFFF, 0xFFFF, 0xFFFF, 0xFFFF, 0xFFFF, 0xFFFF, 0xFFFF, 0xFFFF, 0xFFFF, 0xFFFF,
    0xEF7E, 0x6395, 0x4AB4, 0x4AB4, 0x4AB4, 0x4AB4, 0x4AB4, 0x743B, 0x953F, 0x953F, 0x953F, 0x953F, 0x953F, 0x953F, 0x953F, 0x849C,
    0x4AF4, 0x4AB4, 0x4AB4, 0x4AB4, 0x4AB4, 0x5315, 0xA57E, 0xADFF, 0xADFF, 0xADFF, 0xADFF, 0xADFF, 0xADFF, 0xADFF, 0xADFF, 0xADFF,
    0xADFF, 0xADFF, 0xADFF, 0xADFF, 0xADFF, 0xADFF, 0xADFF, 0xADFF, 0x9D5D, 0x5315, 0x4AB4, 0x4AB4, 0x4AB4, 0x4AB4, 0x4AB4, 0x4AB4,
    0x4AB4, 0x4AB4, 0x4AB4, 0x4AB4, 0x4AB4, 0x4AB4, 0x4AB4, 0x4AB4, 0x4AB4, 0x8BB4, 0xFD15, 0xFD15, 0xFD15, 0xFD15, 0xFD15, 0xDCB5,
    0x5B14, 0x4AB4, 0x4AB4, 0x4AB4, 0x4AB4, 0x4AB4, 0x9D5D, 0xADFF, 0xADFF, 0xADFF, 0xADFF, 0xADFF, 0xADFF, 0xADFF, 0xADFF, 0xADFF,
    0xADFF, 0xADFF, 0xADFF, 0xADFF, 0xADFF, 0xADFF, 0xADFF, 0xADFF, 0xA59E, 0x5B35, 0x4AB4, 0x4AB4, 0x4AB4, 0x4AB4, 0x4AB4, 0x4AB4,
    0x4AB4, 0x4AB4, 0x4AB4, 0x6BF9, 0x953F, 0x953F, 0x953F, 0x953F, 0x953F, 0x849C, 0x52F5, 0x4AB4, 0x4AB4, 0x4AB4, 0x4AB4, 0x4AB4,
    0x4AB4, 0x4AB4, 0xDEFD, 0xFFFF, 0xFFFF, 0xFFFF, 0xFFFF, 0xFFFF, 0xFFFF, 0xFFFF, 0xFFFF, 0xFFFF, 0xBE1B, 0x4AF4, 0x4AB4, 0x4AB4,
    0xFFFF, 0xFFFF, 0xFFFF, 0xFFFF, 0xFFFF, 0xFFFF, 0xFFFF, 0xFFFF, 0xFFFF, 0xFFFF, 0xFFFF, 0xFFFF, 0xFFFF, 0xFFFF, 0xFFFF, 0xFFFF,
    0xFFFF, 0xFFFF, 0xFFFF, 0xFFFF, 0x0000, 0x0000, 0x0000, 0x0000, 0x0000, 0x0000, 0x0000, 0x0000, 0x0000, 0x0000, 0x0000, 0x0000,
    0x0000, 0x0000, 0x0000, 0x0000, 0x0000, 0x0000, 0x0000, 0x0000, 0x0000, 0x0000, 0x0000, 0x0000, 0x0000, 0x0000, 0x0000, 0x0000,
    0x0000, 0x0000, 0x0000, 0x0000, 0x0000, 0x0000, 0x0000, 0x0000, 0x0000, 0x0000, 0x0000, 0x0000, 0x0000, 0x0000, 0xFFFF, 0xFFFF,
    0xFFFF, 0xFFFF, 0xFFFF, 0xFFFF, 0x0000, 0x0000, 0x0000, 0x0000, 0x0000, 0x0000, 0x0000, 0x0000, 0x0000, 0x0000, 0x0000, 0x0000,
    0xFFFF, 0xFFFF, 0xFFFF, 0xFFFF, 0xFFFF, 0xFFFF, 0xFFFF, 0xFFFF, 0xFFFF, 0xFFFF, 0xFFFF, 0xFFFF, 0x0000, 0x0000, 0x0000, 0x0000,
    0x0000, 0x0000, 0xFFFF, 0xFFFF, 0xFFFF, 0xFFFF, 0xFFFF, 0xFFFF, 0xFFFF, 0xFFFF, 0xFFFF, 0xFFFF, 0xFFFF, 0xFFFF, 0xFFFF, 0xFFFF,
    0xFFFF, 0xFFFF, 0xFFFF, 0xFFFF, 0x0000, 0x0000, 0x0000, 0x0000, 0x0000, 0x0000, 0xFFFF, 0xFFFF, 0xFFFF, 0xFFFF, 0xFFFF, 0xFFFF,
    0x0000, 0x0000, 0x0000, 0x0000, 0x0000, 0x0000, 0xFFFF, 0xFFFF, 0xFFFF, 0xFFFF, 0xFFFF, 0xFFFF, 0x0000, 0x0000, 0x0000, 0x0000,
    0x0000, 0x0000, 0x0000, 0x0000, 0x0000, 0x0000, 0x0000, 0x0000, 0x0000, 0x0000, 0x0000, 0x0000, 0x0000, 0x0000, 0x0000, 0x0000,
    0x0000, 0x0000, 0x0000, 0x0000, 0x0000, 0x0000, 0x0000, 0x0000, 0x0000, 0x0000, 0xFFFF, 0xFFFF, 0xFFFF, 0xFFFF, 0xFFFF, 0xFFFF,
    0xFFFF, 0xFFFF, 0xFFFF, 0xFFFF, 0xFFFF, 0xFFFF, 0xFFFF, 0xFFFF, 0xFFFF, 0xFFFF, 0xFFFF, 0xFFFF, 0xFFFF, 0xFFFF, 0xF7BF, 0xC65C,
    0xB5DA, 0x5B35, 0x4AB4, 0x4AB4, 0x4AB4, 0x5B77, 0x63B8, 0x849C, 0x953F, 0x953F, 0x953F, 0x953F, 0x953F, 0x953F, 0x953F, 0x849C,
    0x4AF4, 0x4AB4, 0x4AB4, 0x4AB4, 0x4AB4, 0x4AF4, 0x847A, 0x8CBB, 0xADBF, 0xADFF, 0xADFF, 0xADFF, 0xADFF, 0xADFF, 0xADFF, 0xADFF,
    0xADFF, 0xADFF, 0xADFF, 0xADFF, 0xADFF, 0xADFF, 0xADFF, 0xADFF, 0xA59E, 0x7419, 0x6BF8, 0x6BF8, 0x6BF8, 0x6BF8, 0x6BF8, 0x6BF8,
    0x6BF8, 0x5315, 0x4AB4, 0x4AB4, 0x4AB4, 0x4AB4, 0x4AB4, 0x4AB4, 0x4AB4, 0x7354, 0xB434, 0xBC34, 0xBC34, 0xBC34, 0xBC34, 0xABF4,
    0x52F4, 0x4AB4, 0x4AB4, 0x4AB4, 0x4AB4, 0x4AB4, 0x9D5D, 0xADFF, 0xADFF, 0xADFF, 0xADFF, 0xADFF, 0xADFF, 0xADFF, 0xADFF, 0xADFF,
    0xADFF, 0xADFF, 0xADFF, 0xADFF, 0xADFF, 0xADFF, 0xA59E, 0x8CDC, 0x849A, 0x5315, 0x4AB4, 0x4AB4, 0x4AB4, 0x4AB4, 0x4AB4, 0x4AB4,
    0x4AB4, 0x5B56, 0x63B8, 0x7C5B, 0x953F, 0x953F, 0x953F, 0x8CDE, 0x7C5B, 0x6BD9, 0x4AF4, 0x4AB4, 0x4AB4, 0x4AB4, 0x4AB4, 0x4AB4,
    0x4AB4, 0x4AB4, 0xDEFD, 0xFFFF, 0xFFFF, 0xFFFF, 0xFFFF, 0xFFFF, 0xFFFF, 0xFFFF, 0xFFFF, 0xFFFF, 0xD6BD, 0x94D8, 0x8CB8, 0x8CB8,
    0xFFFF, 0xFFFF, 0xFFFF, 0xFFFF, 0xFFFF, 0xFFFF, 0xFFFF, 0xFFFF, 0xFFFF, 0xFFFF, 0xFFFF, 0xFFFF, 0xFFFF, 0xFFFF, 0xFFFF, 0xFFFF,
    0xFFFF, 0xFFFF, 0xFFFF, 0xFFFF, 0x0000, 0x0000, 0x0000, 0x0000, 0x0000, 0x0000, 0x0000, 0x0000, 0x0000, 0x0000, 0x0000, 0x0000,
    0x0000, 0x0000, 0x0000, 0x0000, 0x0000, 0x0000, 0x0000, 0x0000, 0x0000, 0x0000, 0x0000, 0x0000, 0x0000, 0x0000, 0x0000, 0x0000,
    0x0000, 0x0000, 0x0000, 0x0000, 0x0000, 0x0000, 0x0000, 0x0000, 0x0000, 0x0000, 0x0000, 0x0000, 0x0000, 0x0000, 0xFFFF, 0xFFFF,
    0xFFFF, 0xFFFF, 0xFFFF, 0xFFFF, 0x0000, 0x0000, 0x0000, 0x0000, 0x0000, 0x0000, 0x0000, 0x0000, 0x0000, 0x0000, 0x0000, 0x0000,
    0xFFFF, 0xFFFF, 0xFFFF, 0xFFFF, 0xFFFF, 0xFFFF, 0xFFFF, 0xFFFF, 0xFFFF, 0xFFFF, 0xFFFF, 0xFFFF, 0x0000, 0x0000, 0x0000, 0x0000,
    0x0000, 0x0000, 0xFFFF, 0xFFFF, 0xFFFF, 0xFFFF, 0xFFFF, 0xFFFF, 0xFFFF, 0xFFFF, 0xFFFF, 0xFFFF, 0xFFFF, 0xFFFF, 0xFFFF, 0xFFFF,
    0xFFFF, 0xFFFF, 0xFFFF, 0xFFFF, 0x0000, 0x0000, 0x0000, 0x0000, 0x0000, 0x0000, 0xFFFF, 0xFFFF, 0xFFFF, 0xFFFF, 0xFFFF, 0xFFFF,
    0x0000, 0x0000, 0x0000, 0x0000, 0x0000, 0x0000, 0xFFFF, 0xFFFF, 0xFFFF, 0xFFFF, 0xFFFF, 0xFFFF, 0x0000, 0x0000, 0x0000, 0x0000,
    0x0000, 0x0000, 0x0000, 0x0000, 0x0000, 0x0000, 0x0000, 0x0000, 0x0000, 0x0000, 0x0000, 0x0000, 0x0000, 0x0000, 0x0000, 0x0000,
    0x0000, 0x0000, 0x0000, 0x0000, 0x0000, 0x0000, 0x0000, 0x0000, 0x0000, 0x0000, 0xFFFF, 0xFFFF, 0xFFFF, 0xFFFF, 0xFFFF, 0xFFFF,
    0xFFFF, 0xFFFF, 0xFFFF, 0xFFFF, 0xFFFF, 0xFFFF, 0xFFFF, 0xFFFF, 0xFFFF, 0xFFFF, 0xFFFF, 0xFFFF, 0xFFFF, 0xFFFF, 0xEF7E, 0x5B75,
    0x4AB4, 0x4AB4, 0x4AB4, 0x4AB4, 0x4AB4, 0x847C, 0x953F, 0x953F, 0x953F, 0x953F, 0x953F, 0x953F, 0x953F, 0x953F, 0x953F, 0x849C,
    0x4AF4, 0x4AB4, 0x4AB4, 0x4AB4, 0x4AB4, 0x4AB4, 0x4AB4, 0x4AB4, 0x9D7E, 0xADFF, 0xADFF, 0xADFF, 0xADFF, 0xADFF, 0xADFF, 0xADFF,
    0xADFF, 0xADFF, 0xADFF, 0xADFF, 0xADFF, 0xADFF, 0xADFF, 0xADFF, 0xADFF, 0xADFF, 0xADFF, 0xADFF, 0xADFF, 0xADFF, 0xADFF, 0xADFF,
    0xADFF, 0x63B7, 0x4AB4, 0x4AB4, 0x4AB4, 0x4AB4, 0x4AB4, 0x4AB4, 0x4AB4, 0x4AB4, 0x4AB4, 0x4AB4, 0x4AB4, 0x4AB4, 0x4AB4, 0x4AB4,
    0x4AB4, 0x4AB4, 0x4AB4, 0x4AB4, 0x4AB4, 0x4AB4, 0x9D5D, 0xADFF, 0xADFF, 0xADFF, 0xADFF, 0xADFF, 0xADFF, 0xADFF, 0xADFF, 0xADFF,
    0xADFF, 0xADFF, 0xADFF, 0xADFF, 0xADFF, 0xADFF, 0x9D5D, 0x5335, 0x4AB4, 0x4AB4, 0x4AB4, 0x4AB4, 0x4AB4, 0x4AB4, 0x4AB4, 0x4AB4,
    0x4AB4, 0x741A, 0x953F, 0x953F, 0x953F, 0x953F, 0x953F, 0x7C5B, 0x4AF4, 0x4AB4, 0x4AB4, 0x4AB4, 0x4AB4, 0x4AB4, 0x4AB4, 0x4AB4,
    0x4AB4, 0x4AB4, 0xDEFD, 0xFFFF, 0xFFFF, 0xFFFF, 0xFFFF, 0xFFFF, 0xFFFF, 0xFFFF, 0xFFFF, 0xFFFF, 0xFFFF, 0xFFFF, 0xFFFF, 0xFFFF,
    0xFFFF, 0xFFFF, 0xFFFF, 0xFFFF, 0xFFFF, 0xFFFF, 0xFFFF, 0xFFFF, 0xFFFF, 0xFFFF, 0xFFFF, 0xFFFF, 0xFFFF, 0xFFFF, 0xFFFF, 0xFFFF,
    0xFFFF, 0xFFFF, 0xFFFF, 0xFFFF, 0x0000, 0x0000, 0x0000, 0x0000, 0x0000, 0x0000, 0xFFFF, 0xFFFF, 0xFFFF, 0xFFFF, 0xFFFF, 0xFFFF,
    0xFFFF, 0xFFFF, 0xFFFF, 0xFFFF, 0xFFFF, 0xFFFF, 0xFFFF, 0xFFFF, 0xFFFF, 0xFFFF, 0xFFFF, 0xFFFF, 0xFFFF, 0xFFFF, 0xFFFF, 0xFFFF,
    0xFFFF, 0xFFFF, 0xFFFF, 0xFFFF, 0xFFFF, 0xFFFF, 0xFFFF, 0xFFFF, 0x0000, 0x0000, 0x0000, 0x0000, 0x0000, 0x0000, 0xFFFF, 0xFFFF,
    0xFFFF, 0xFFFF, 0xFFFF, 0xFFFF, 0x0000, 0x0000, 0x0000, 0x0000, 0x0000, 0x0000, 0xFFFF, 0xFFFF, 0xFFFF, 0xFFFF, 0xFFFF, 0xFFFF,
    0xFFFF, 0xFFFF, 0xFFFF, 0xFFFF, 0xFFFF, 0xFFFF, 0x0000, 0x0000, 0x0000, 0x0000, 0x0000, 0x0000, 0xFFFF, 0xFFFF, 0xFFFF, 0xFFFF,
    0xFFFF, 0xFFFF, 0xFFFF, 0xFFFF, 0xFFFF, 0xFFFF, 0xFFFF, 0xFFFF, 0xFFFF, 0xFFFF, 0xFFFF, 0xFFFF, 0xFFFF, 0xFFFF, 0xFFFF, 0xFFFF,
    0xFFFF, 0xFFFF, 0xFFFF, 0xFFFF, 0x0000, 0x0000, 0x0000, 0x0000, 0x0000, 0x0000, 0xFFFF, 0xFFFF, 0xFFFF, 0xFFFF, 0xFFFF, 0xFFFF,
    0xFFFF, 0xFFFF, 0xFFFF, 0xFFFF, 0xFFFF, 0xFFFF, 0xFFFF, 0xFFFF, 0xFFFF, 0xFFFF, 0xFFFF, 0xFFFF, 0x0000, 0x0000, 0x0000, 0x0000,
    0x0000, 0x0000, 0xFFFF, 0xFFFF, 0xFFFF, 0xFFFF, 0xFFFF, 0xFFFF, 0xFFFF, 0xFFFF, 0xFFFF, 0xFFFF, 0xFFFF, 0xFFFF, 0xFFFF, 0xFFFF,
    0xFFFF, 0xFFFF, 0xFFFF, 0xFFFF, 0x0000, 0x0000, 0x0000, 0x0000, 0x0000, 0x0000, 0xFFFF, 0xFFFF, 0xFFFF, 0xFFFF, 0xFFFF, 0xFFFF,
    0xFFFF, 0xFFFF, 0xFFFF, 0xFFFF, 0xFFFF, 0xFFFF, 0xFFFF, 0xFFFF, 0xFFFF, 0xFFFF, 0xFFFF, 0xFFFF, 0xFFFF, 0xFFFF, 0xEF7E, 0x5B75,
    0x4AB4, 0x4AB4, 0x4AB4, 0x4AB4, 0x4AB4, 0x847C, 0x953F, 0x953F, 0x953F, 0x953F, 0x953F, 0x953F, 0x953F, 0x953F, 0x953F, 0x849C,
    0x4AF4, 0x4AB4, 0x4AB4, 0x4AB4, 0x4AB4, 0x4AB4, 0x4AB4, 0x4AB4, 0x9D7E, 0xADFF, 0xADFF, 0xADFF, 0xADFF, 0xADFF, 0xADFF, 0xADFF,
    0xADFF, 0xADFF, 0xADFF, 0xADFF, 0xADFF, 0xADFF, 0xADFF, 0xADFF, 0xADFF, 0xADFF, 0xADFF, 0xADFF, 0xADFF, 0xADFF, 0xADFF, 0xADFF,
    0xADFF, 0x7419, 0x6396, 0x5315, 0x4AB4, 0x4AB4, 0x4AB4, 0x4AB4, 0x4AB4, 0x4AB4, 0x4AB4, 0x4AB4, 0x4AB4, 0x4AB4, 0x4AB4, 0x4AB4,
    0x4AB4, 0x4AB4, 0x4AB4, 0x4AB4, 0x4AB4, 0x4AB4, 0x9D5D, 0xADFF, 0xADFF, 0xADFF, 0xADFF, 0xADFF, 0xADFF, 0xADFF, 0xADFF, 0xADFF,
    0xADFF, 0xADFF, 0xADFF, 0xADFF, 0xADBF, 0x953D, 0x84BB, 0x5315, 0x4AB4, 0x4AB4, 0x4AB4, 0x4AB4, 0x4AB4, 0x4AB4, 0x4AB4, 0x6375,
    0x7416, 0x951B, 0xADFF, 0xADFF, 0xADFF, 0xADFF, 0xADFF, 0x8CBB, 0x4AF4, 0x4AB4, 0x4AB4, 0x4AB4, 0x4AB4, 0x4AB4, 0x4AB4, 0x4AB4,
    0x4AB4, 0x4AB4, 0xDEFD, 0xFFFF, 0xFFFF, 0xFFFF, 0xFFFF, 0xFFFF, 0xFFFF, 0xFFFF, 0xFFFF, 0xFFFF, 0xFFFF, 0xFFFF, 0xFFFF, 0xFFFF,
    0xFFFF, 0xFFFF, 0xFFFF, 0xFFFF, 0xFFFF, 0xFFFF, 0xFFFF, 0xFFFF, 0xFFFF, 0xFFFF, 0xFFFF, 0xFFFF, 0xFFFF, 0xFFFF, 0xFFFF, 0xFFFF,
    0xFFFF, 0xFFFF, 0xFFFF, 0xFFFF, 0x0000, 0x0000, 0x0000, 0x0000, 0x0000, 0x0000, 0xFFFF, 0xFFFF, 0xFFFF, 0xFFFF, 0xFFFF, 0xFFFF,
    0xFFFF, 0xFFFF, 0xFFFF, 0xFFFF, 0xFFFF, 0xFFFF, 0xFFFF, 0xFFFF, 0xFFFF, 0xFFFF, 0xFFFF, 0xFFFF, 0xFFFF, 0xFFFF, 0xFFFF, 0xFFFF,
    0xFFFF, 0xFFFF, 0xFFFF, 0xFFFF, 0xFFFF, 0xFFFF, 0xFFFF, 0xFFFF, 0x0000, 0x0000, 0x0000, 0x0000, 0x0000, 0x0000, 0xFFFF, 0xFFFF,
    0xFFFF, 0xFFFF, 0xFFFF, 0xFFFF, 0x0000, 0x0000, 0x0000, 0x0000, 0x0000, 0x0000, 0xFFFF, 0xFFFF, 0xFFFF, 0xFFFF, 0xFFFF, 0xFFFF,
    0xFFFF, 0xFFFF, 0xFFFF, 0xFFFF, 0xFFFF, 0xFFFF, 0x0000, 0x0000, 0x0000, 0x0000, 0x0000, 0x0000, 0xFFFF, 0xFFFF, 0xFFFF, 0xFFFF,
    0xFFFF, 0xFFFF, 0xFFFF, 0xFFFF, 0xFFFF, 0xFFFF, 0xFFFF, 0xFFFF, 0xFFFF, 0xFFFF, 0xFFFF, 0xFFFF, 0xFFFF, 0xFFFF, 0xFFFF, 0xFFFF,
    0xFFFF, 0xFFFF, 0xFFFF, 0xFFFF, 0x0000, 0x0000, 0x0000, 0x0000, 0x0000, 0x0000, 0xFFFF, 0xFFFF, 0xFFFF, 0xFFFF, 0xFFFF, 0xFFFF,
    0xFFFF, 0xFFFF, 0xFFFF, 0xFFFF, 0xFFFF, 0xFFFF, 0xFFFF, 0xFFFF, 0xFFFF, 0xFFFF, 0xFFFF, 0xFFFF, 0x0000, 0x0000, 0x0000, 0x0000,
    0x0000, 0x0000, 0xFFFF, 0xFFFF, 0xFFFF, 0xFFFF, 0xFFFF, 0xFFFF, 0xFFFF, 0xFFFF, 0xFFFF, 0xFFFF, 0xFFFF, 0xFFFF, 0xFFFF, 0xFFFF,
    0xFFFF, 0xFFFF, 0xFFFF, 0xFFFF, 0x0000, 0x0000, 0x0000, 0x0000, 0x0000, 0x0000, 0xFFFF, 0xFFFF, 0xFFFF, 0xFFFF, 0xFFFF, 0xFFFF,
    0xFFFF, 0xFFFF, 0xFFFF, 0xFFFF, 0xFFFF, 0xFFFF, 0xFFFF, 0xFFFF, 0xFFFF, 0xFFFF, 0xFFFF, 0xFFFF, 0xFFFF, 0xFFFF, 0xEF7E, 0x5B75,
    0x4AB4, 0x4AB4, 0x4AB4, 0x4AB4, 0x4AB4, 0x847C, 0x953F, 0x953F, 0x953F, 0x953F, 0x953F, 0x953F, 0x953F, 0x953F, 0x953F, 0x849C,
    0x4AF4, 0x4AB4, 0x4AB4, 0x4AB4, 0x4AB4, 0x4AB4, 0x4AB4, 0x4AB4, 0x9D7E, 0xADFF, 0xADFF, 0xADFF, 0xADFF, 0xADFF, 0xADFF, 0xADFF,
    0xADFF, 0xADFF, 0xADFF, 0xADFF, 0xADFF, 0xADFF, 0xADFF, 0xADFF, 0xADFF, 0xADFF, 0xADFF, 0xADFF, 0xADFF, 0xADFF, 0xADFF, 0xADFF,
    0xADFF, 0xADFF, 0xADFF, 0x6BD7, 0x4AB4, 0x4AB4, 0x4AB4, 0x4AB4, 0x4AB4, 0x4AB4, 0x4AB4, 0x4AB4, 0x4AB4, 0x4AB4, 0x4AB4, 0x4AB4,
    0x4AB4, 0x4AB4, 0x4AB4, 0x4AB4, 0x4AB4, 0x4AB4, 0x9D5D, 0xADFF, 0xADFF, 0xADFF, 0xADFF, 0xADFF, 0xADFF, 0xADFF, 0xADFF, 0xADFF,
    0xADFF, 0xADFF, 0xADFF, 0xADFF, 0x951C, 0x5315, 0x4AB4, 0x4AB4, 0x4AB4, 0x4AB4, 0x4AB4, 0x4AB4, 0x4AB4, 0x4AB4, 0x4AB4, 0xC65C,
    0xFFFF, 0xFFFF, 0xFFFF, 0xFFFF, 0xFFFF, 0xFFFF, 0xFFFF, 0xBE1B, 0x5314, 0x4AB4, 0x4AB4, 0x4AB4, 0x4AB4, 0x4AB4, 0x4AB4, 0x4AB4,
    0x4AB4, 0x4AB4, 0xDEFD, 0xFFFF, 0xFFFF, 0xFFFF, 0xFFFF, 0xFFFF, 0xFFFF, 0xFFFF, 0xFFFF, 0xFFFF, 0xFFFF, 0xFFFF, 0xFFFF, 0xFFFF,
    0xFFFF, 0xFFFF, 0xFFFF, 0xFFFF, 0xFFFF, 0xFFFF, 0xFFFF, 0xFFFF, 0xFFFF, 0xFFFF, 0xFFFF, 0xFFFF, 0xFFFF, 0xFFFF, 0xFFFF, 0xFFFF,
    0xFFFF, 0xFFFF, 0xFFFF, 0xFFFF, 0x0000, 0x0000, 0x0000, 0x0000, 0x0000, 0x0000, 0xFFFF, 0xFFFF, 0xFFFF, 0xFFFF, 0xFFFF, 0xFFFF,
    0xFFFF, 0xFFFF, 0xFFFF, 0xFFFF, 0xFFFF, 0xFFFF, 0xFFFF, 0xFFFF, 0xFFFF, 0xFFFF, 0xFFFF, 0xFFFF, 0xFFFF, 0xFFFF, 0xFFFF, 0xFFFF,
    0xFFFF, 0xFFFF, 0xFFFF, 0xFFFF, 0xFFFF, 0xFFFF, 0xFFFF, 0xFFFF, 0x0000, 0x0000, 0x0000, 0x0000, 0x0000, 0x0000, 0xFFFF, 0xFFFF,
    0xFFFF, 0xFFFF, 0xFFFF, 0xFFFF, 0x0000, 0x0000, 0x0000, 0x0000, 0x0000, 0x0000, 0xFFFF, 0xFFFF, 0xFFFF, 0xFFFF, 0xFFFF, 0xFFFF,
    0xFFFF, 0xFFFF, 0xFFFF, 0xFFFF, 0xFFFF, 0xFFFF, 0x0000, 0x0000, 0x0000, 0x0000, 0x0000, 0x0000, 0xFFFF, 0xFFFF, 0xFFFF, 0xFFFF,
    0xFFFF, 0xFFFF, 0xFFFF, 0xFFFF, 0xFFFF, 0xFFFF, 0xFFFF, 0xFFFF, 0xFFFF, 0xFFFF, 0xFFFF, 0xFFFF, 0xFFFF, 0xFFFF, 0xFFFF, 0xFFFF,
    0xFFFF, 0xFFFF, 0xFFFF, 0xFFFF, 0x0000, 0x0000, 0x0000, 0x0000, 0x0000, 0x0000, 0xFFFF, 0xFFFF, 0xFFFF, 0xFFFF, 0xFFFF, 0xFFFF,
    0xFFFF, 0xFFFF, 0xFFFF, 0xFFFF, 0xFFFF, 0xFFFF, 0xFFFF, 0xFFFF, 0xFFFF, 0xFFFF, 0xFFFF, 0xFFFF, 0x0000, 0x0000, 0x0000, 0x0000,
    0x0000, 0x0000, 0xFFFF, 0xFFFF, 0xFFFF, 0xFFFF, 0xFFFF, 0xFFFF, 0xFFFF, 0xFFFF, 0xFFFF, 0xFFFF, 0xFFFF, 0xFFFF, 0xFFFF, 0xFFFF,
    0xFFFF, 0xFFFF, 0xFFFF, 0xFFFF, 0x0000, 0x0000, 0x0000, 0x0000, 0x0000, 0x0000, 0xFFFF, 0xFFFF, 0xFFFF, 0xFFFF, 0xFFFF, 0xFFFF,
    0xFFFF, 0xFFFF, 0xFFFF, 0xFFFF, 0xFFFF, 0xFFFF, 0xFFFF, 0xFFFF, 0xFFFF, 0xFFFF, 0xFFFF, 0xFFFF, 0xF7BF, 0xD6DD, 0xC63B, 0x5B35,
    0x4AB4, 0x4AB4, 0x4AB4, 0x5B56, 0x5B56, 0x84BD, 0x953F, 0x8CDE, 0x849C, 0x849C, 0x849C, 0x849C, 0x849C, 0x8CDD, 0x953F, 0x849D,
    0x5B77, 0x5B56, 0x4AD4, 0x4AB4, 0x4AB4, 0x4AB4, 0x4AB4, 0x4AB4, 0x8CDB, 0x951C, 0xADBF, 0xADFF, 0xADFF, 0xADFF, 0xADFF, 0xADFF,
    0xADFF, 0xADFF, 0xADFF, 0xADFF, 0xADFF, 0xADFF, 0xADFF, 0xADFF, 0xADFF, 0xADFF, 0xADFF, 0xADFF, 0xADFF, 0xADFF, 0xADFF, 0xADFF,
    0xADFF, 0xADFF, 0xADFF, 0x7439, 0x6396, 0x6396, 0x6396, 0x5B35, 0x4AD4, 0x4AB4, 0x4AB4, 0x4AB4, 0x4AB4, 0x4AB4, 0x4AB4, 0x4AB4,
    0x4AB4, 0x4AB4, 0x4AB4, 0x4AB4, 0x5B56, 0x6396, 0xA57E, 0xADFF, 0xADFF, 0xADFF, 0xADFF, 0xADFF, 0xADFF, 0xADFF, 0xADFF, 0xADFF,
    0xADFF, 0xADFF, 0xADBF, 0x953D, 0x7C7A, 0x4AF4, 0x4AB4, 0x4AB4, 0x4AB4, 0x4AB4, 0x4AB4, 0x4AB4, 0x4AB4, 0x6BD6, 0x7416, 0xDEFD,
    0xFFFF, 0xFFFF, 0xFFFF, 0xFFFF, 0xFFFF, 0xFFFF, 0xFFFF, 0xCE7C, 0x7C57, 0x7416, 0x7416, 0x6BD6, 0x4AF4, 0x4AB4, 0x73F6, 0x7416,
    0x7416, 0x7416, 0xE75E, 0xFFFF, 0xFFFF, 0xFFFF, 0xFFFF, 0xFFFF, 0xFFFF, 0xFFFF, 0xFFFF, 0xFFFF, 0xFFFF, 0xFFFF, 0xFFFF, 0xFFFF,
    0xFFFF, 0xFFFF, 0xFFFF, 0xFFFF, 0xFFFF, 0xFFFF, 0xFFFF, 0xFFFF, 0xFFFF, 0xFFFF, 0xFFFF, 0xFFFF, 0xFFFF, 0xFFFF, 0xFFFF, 0xFFFF,
    0xFFFF, 0xFFFF, 0xFFFF, 0xFFFF, 0x0000, 0x0000, 0x0000, 0x0000, 0x0000, 0x0000, 0xFFFF, 0xFFFF, 0xFFFF, 0xFFFF, 0xFFFF, 0xFFFF,
    0xFFFF, 0xFFFF, 0xFFFF, 0xFFFF, 0xFFFF, 0xFFFF, 0xFFFF, 0xFFFF, 0xFFFF, 0xFFFF, 0xFFFF, 0xFFFF, 0xFFFF, 0xFFFF, 0xFFFF, 0xFFFF,
    0xFFFF, 0xFFFF, 0xFFFF, 0xFFFF, 0xFFFF, 0xFFFF, 0xFFFF, 0xFFFF, 0x0000, 0x0000, 0x0000, 0x0000, 0x0000, 0x0000, 0xFFFF, 0xFFFF,
    0xFFFF, 0xFFFF, 0xFFFF, 0xFFFF, 0x0000, 0x0000, 0x0000, 0x0000, 0x0000, 0x0000, 0xFFFF, 0xFFFF, 0xFFFF, 0xFFFF, 0xFFFF, 0xFFFF,
    0xFFFF, 0xFFFF, 0xFFFF, 0xFFFF, 0xFFFF, 0xFFFF, 0x0000, 0x0000, 0x0000, 0x0000, 0x0000, 0x0000, 0xFFFF, 0xFFFF, 0xFFFF, 0xFFFF,
    0xFFFF, 0xFFFF, 0xFFFF, 0xFFFF, 0xFFFF, 0xFFFF, 0xFFFF, 0xFFFF, 0xFFFF, 0xFFFF, 0xFFFF, 0xFFFF, 0xFFFF, 0xFFFF, 0xFFFF, 0xFFFF,
    0xFFFF, 0xFFFF, 0xFFFF, 0xFFFF, 0x0000, 0x0000, 0x0000, 0x0000, 0x0000, 0x0000, 0xFFFF, 0xFFFF, 0xFFFF, 0xFFFF, 0xFFFF, 0xFFFF,
    0xFFFF, 0xFFFF, 0xFFFF, 0xFFFF, 0xFFFF, 0xFFFF, 0xFFFF, 0xFFFF, 0xFFFF, 0xFFFF, 0xFFFF, 0xFFFF, 0x0000, 0x0000, 0x0000, 0x0000,
    0x0000, 0x0000, 0xFFFF, 0xFFFF, 0xFFFF, 0xFFFF, 0xFFFF, 0xFFFF, 0xFFFF, 0xFFFF, 0xFFFF, 0xFFFF, 0xFFFF, 0xFFFF, 0xFFFF, 0xFFFF,
    0xFFFF, 0xFFFF, 0xFFFF, 0xFFFF, 0x0000, 0x0000, 0x0000, 0x0000, 0x0000, 0x0000, 0xFFFF, 0xFFFF, 0xFFFF, 0xFFFF, 0xFFFF, 0xFFFF,
    0xFFFF, 0xFFFF, 0xFFFF, 0xFFFF, 0xFFFF, 0xFFFF, 0xFFFF, 0xFFFF, 0xFFFF, 0xFFFF, 0xFFFF, 0xFFFF, 0xDEFD, 0x5B35, 0x4AB4, 0x4AB4,
    0x4AB4, 0x4AB4, 0x4AB4, 0x84BD, 0x953F, 0x953F, 0x953F, 0x6BD8, 0x4AB4, 0x4AB4, 0x4AB4, 0x4AB4, 0x4AB4, 0x63B8, 0x953F, 0x953F,
    0x953F, 0x849C, 0x52F5, 0x4AB4, 0x4AB4, 0x4AB4, 0x4AB4, 0x4AB4, 0x4AB4, 0x4AB4, 0x9D5D, 0xADFF, 0xADFF, 0xADFF, 0xADFF, 0xADFF,
    0xADFF, 0xADFF, 0xADFF, 0xADFF, 0xADFF, 0xADFF, 0xADFF, 0xADFF, 0xADFF, 0xADFF, 0xADFF, 0xADFF, 0xADFF, 0xADFF, 0xADFF, 0xADFF,
    0xADFF, 0xADFF, 0xADFF, 0xADFF, 0xADFF, 0xADFF, 0xADFF, 0x7C7A, 0x4AD4, 0x4AB4, 0x4AB4, 0x4AB4, 0x4AB4, 0x4AB4, 0x4AB4, 0x4AB4,
    0x4AB4, 0x4AB4, 0x4AB4, 0x5315, 0x9D7E, 0xADFF, 0xADFF, 0xADFF, 0xADFF, 0xADFF, 0xADFF, 0xADFF, 0xADFF, 0xADFF, 0xADFF, 0xADFF,
    0xADFF, 0xADFF, 0x951C, 0x4AF4, 0x4AB4, 0x4AB4, 0x4AB4, 0x4AB4, 0x4AB4, 0x4AB4, 0x4AB4, 0x4AB4, 0x4AB4, 0xDEFD, 0xFFFF, 0xFFFF,
    0xFFFF, 0xFFFF, 0xFFFF, 0xFFFF, 0xFFFF, 0xFFFF, 0xFFFF, 0xFFFF, 0xFFFF, 0xFFFF, 0xFFFF, 0xDEFD, 0x5B35, 0x5B35, 0xEF5E, 0xFFFF,
    0xFFFF, 0xFFFF, 0xFFFF, 0xFFFF, 0xFFFF, 0xFFFF, 0xFFFF, 0xFFFF, 0xFFFF, 0xFFFF, 0xFFFF, 0xFFFF, 0xFFFF, 0xFFFF, 0xFFFF, 0xFFFF,
    0xFFFF, 0xFFFF, 0xFFFF, 0xFFFF, 0xFFFF, 0xFFFF, 0xFFFF, 0xFFFF, 0xFFFF, 0xFFFF, 0xFFFF, 0xFFFF, 0xFFFF, 0xFFFF, 0xFFFF, 0xFFFF,
    0xFFFF, 0xFFFF, 0xFFFF, 0xFFFF, 0x0000, 0x0000, 0x0000, 0x0000, 0x0000, 0x0000, 0xFFFF, 0xFFFF, 0xFFFF, 0xFFFF, 0xFFFF, 0xFFFF,
    0xFFFF, 0xFFFF, 0xFFFF, 0xFFFF, 0xFFFF, 0xFFFF, 0xFFFF, 0xFFFF, 0xFFFF, 0xFFFF, 0xFFFF, 0xFFFF, 0xFFFF, 0xFFFF, 0xFFFF, 0xFFFF,
    0xFFFF, 0xFFFF, 0xFFFF, 0xFFFF, 0xFFFF, 0xFFFF, 0xFFFF, 0xFFFF, 0x0000, 0x0000, 0x0000, 0x0000, 0x0000, 0x0000, 0xFFFF, 0xFFFF,
    0xFFFF, 0xFFFF, 0xFFFF, 0xFFFF, 0x0000, 0x0000, 0x0000, 0x0000, 0x0000, 0x0000, 0xFFFF, 0xFFFF, 0xFFFF, 0xFFFF, 0xFFFF, 0xFFFF,
    0xFFFF, 0xFFFF, 0xFFFF, 0xFFFF, 0xFFFF, 0xFFFF, 0x0000, 0x0000, 0x0000, 0x0000, 0x0000, 0x0000, 0xFFFF, 0xFFFF, 0xFFFF, 0xFFFF,
    0xFFFF, 0xFFFF, 0xFFFF, 0xFFFF, 0xFFFF, 0xFFFF, 0xFFFF, 0xFFFF, 0xFFFF, 0xFFFF, 0xFFFF, 0xFFFF, 0xFFFF, 0xFFFF, 0xFFFF, 0xFFFF,
    0xFFFF, 0xFFFF, 0xFFFF, 0xFFFF, 0x0000, 0x0000, 0x0000, 0x0000, 0x0000, 0x0000, 0xFFFF, 0xFFFF, 0xFFFF, 0xFFFF, 0xFFFF, 0xFFFF,
    0xFFFF, 0xFFFF, 0xFFFF, 0xFFFF, 0xFFFF, 0xFFFF, 0xFFFF, 0xFFFF, 0xFFFF, 0xFFFF, 0xFFFF, 0xFFFF, 0x0000, 0x0000, 0x0000, 0x0000,
    0x0000, 0x0000, 0xFFFF, 0xFFFF, 0xFFFF, 0xFFFF, 0xFFFF, 0xFFFF, 0xFFFF, 0xFFFF, 0xFFFF, 0xFFFF, 0xFFFF, 0xFFFF, 0xFFFF, 0xFFFF,
    0xFFFF, 0xFFFF, 0xFFFF, 0xFFFF, 0x0000, 0x0000, 0x0000, 0x0000, 0x0000, 0x0000, 0xFFFF, 0xFFFF, 0xFFFF, 0xFFFF, 0xFFFF, 0xFFFF,
    0xFFFF, 0xFFFF, 0xFFFF, 0xFFFF, 0xFFFF, 0xFFFF, 0xFFFF, 0xFFFF, 0xFFFF, 0xFFFF, 0xFFFF, 0xFFFF, 0xDEFD, 0x5B35, 0x4AB4, 0x4AB4,
    0x4AB4, 0x4AB4, 0x4AB4, 0x7C7C, 0x8CFE, 0x8CFE, 0x8CFE, 0x63B8, 0x4AB4, 0x4AB4, 0x4AB4, 0x4AB4, 0x4AB4, 0x6397, 0x8CDE, 0x8CFE,
    0x953F, 0x849D, 0x5B36, 0x4AF4, 0x4AD4, 0x4AB4, 0x4AB4, 0x4AB4, 0x4AB4, 0x4AB4, 0x94FC, 0xA57E, 0xADDF, 0xADFF, 0xADFF, 0xADFF,
    0xADFF, 0xADFF, 0xADFF, 0xADFF, 0xADFF, 0xADFF, 0xADFF, 0xADFF, 0xADFF, 0xADFF, 0xADFF, 0xADFF, 0xADFF, 0xADFF, 0xADFF, 0xADFF,
    0xADFF, 0xADFF, 0xADFF, 0xADFF, 0xADFF, 0xADFF, 0xADFF, 0x849A, 0x5B35, 0x5335, 0x5335, 0x52F4, 0x4AB4, 0x4AB4, 0x4AB4, 0x4AB4,
    0x4AB4, 0x4AB4, 0x5315, 0x5B76, 0xA57E, 0xADFF, 0xADFF, 0xADFF, 0xADFF, 0xADFF, 0xADFF, 0xADFF, 0xADFF, 0xADFF, 0xADBF, 0xA57E,
    0xA57E, 0xA57E, 0x8CDB, 0x4AF4, 0x4AB4, 0x4AB4, 0x4AB4, 0x4AB4, 0x4AB4, 0x4AB4, 0x4AB4, 0x5B55, 0x5B75, 0xDF1D, 0xFFFF, 0xFFFF,
    0xFFFF, 0xFFFF, 0xFFFF, 0xFFFF, 0xFFFF, 0xFFFF, 0xFFFF, 0xFFFF, 0xFFFF, 0xFFFF, 0xFFFF, 0xE73E, 0x6BD6, 0x73F6, 0xEF7E, 0xFFFF,
    0xFFFF, 0xFFFF, 0xFFFF, 0xFFFF, 0xFFFF, 0xFFFF, 0xFFFF, 0xFFFF, 0xFFFF, 0xFFFF, 0xFFFF, 0xFFFF, 0xFFFF, 0xFFFF, 0xFFFF, 0xFFFF,
    0xFFFF, 0xFFFF, 0xFFFF, 0xFFFF, 0xFFFF, 0xFFFF, 0xFFFF, 0xFFFF, 0xFFFF, 0xFFFF, 0xFFFF, 0xFFFF, 0xFFFF, 0xFFFF, 0xFFFF, 0xFFFF,
    0xFFFF, 0xFFFF, 0xFFFF, 0xFFFF, 0x0000, 0x0000, 0x0000, 0x0000, 0x0000, 0x0000, 0xFFFF, 0xFFFF, 0xFFFF, 0xFFFF, 0xFFFF, 0xFFFF,
    0xFFFF, 0xFFFF, 0xFFFF, 0xFFFF, 0xFFFF, 0xFFFF, 0xFFFF, 0xFFFF, 0xFFFF, 0xFFFF, 0xFFFF, 0xFFFF, 0xFFFF, 0xFFFF, 0xFFFF, 0xFFFF,
    0xFFFF, 0xFFFF, 0xFFFF, 0xFFFF, 0xFFFF, 0xFFFF, 0xFFFF, 0xFFFF, 0x0000, 0x0000, 0x0000, 0x0000, 0x0000, 0x0000, 0xFFFF, 0xFFFF,
    0xFFFF, 0xFFFF, 0xFFFF, 0xFFFF, 0x0000, 0x0000, 0x0000, 0x0000, 0x0000, 0x0000, 0xFFFF, 0xFFFF, 0xFFFF, 0xFFFF, 0xFFFF, 0xFFFF,
    0xFFFF, 0xFFFF, 0xFFFF, 0xFFFF, 0xFFFF, 0xFFFF, 0x0000, 0x0000, 0x0000, 0x0000, 0x0000, 0x0000, 0xFFFF, 0xFFFF, 0xFFFF, 0xFFFF,
    0xFFFF, 0xFFFF, 0xFFFF, 0xFFFF, 0xFFFF, 0xFFFF, 0xFFFF, 0xFFFF, 0xFFFF, 0xFFFF, 0xFFFF, 0xFFFF, 0xFFFF, 0xFFFF, 0xFFFF, 0xFFFF,
    0xFFFF, 0xFFFF, 0xFFFF, 0xFFFF, 0x0000, 0x0000, 0x0000, 0x0000, 0x0000, 0x0000, 0xFFFF, 0xFFFF, 0xFFFF, 0xFFFF, 0xFFFF, 0xFFFF,
    0xFFFF, 0xFFFF, 0xFFFF, 0xFFFF, 0xFFFF, 0xFFFF, 0xFFFF, 0xFFFF, 0xFFFF, 0xFFFF, 0xFFFF, 0xFFFF, 0x0000, 0x0000, 0x0000, 0x0000,
    0x0000, 0x0000, 0xFFFF, 0xFFFF, 0xFFFF, 0xFFFF, 0xFFFF, 0xFFFF, 0xFFFF, 0xFFFF, 0xFFFF, 0xFFFF, 0xFFFF, 0xFFFF, 0xFFFF, 0xFFFF,
    0xFFFF, 0xFFFF, 0xFFFF, 0xFFFF, 0x0000, 0x0000, 0x0000, 0x0000, 0x0000, 0x0000, 0xFFFF, 0xFFFF, 0xFFFF, 0xFFFF, 0xFFFF, 0xFFFF,
    0xFFFF, 0xFFFF, 0xFFFF, 0xFFFF, 0xFFFF, 0xFFFF, 0xFFFF, 0xFFFF, 0xFFFF, 0xFFFF, 0xFFFF, 0xFFFF, 0xDEFD, 0x5B35, 0x4AB4, 0x4AB4,
    0x4AB4, 0x4AB4, 0x4AB4, 0x4AB4, 0x4AB4, 0x4AB4, 0x4AB4, 0x4AB4, 0x4AB4, 0x4AB4, 0x4AB4, 0x4AB4, 0x4AB4, 0x4AB4, 0x4AB4, 0x5B77,
    0x951F, 0x953F, 0x953F, 0x84BD, 0x5315, 0x4AB4, 0x4AB4, 0x4AB4, 0x4AB4, 0x4AB4, 0x4AB4, 0x4AB4, 0x8CFC, 0xADFF, 0xADFF, 0xADFF,
    0xADFF, 0xADFF, 0xADFF, 0xADFF, 0xADFF, 0xADFF, 0xADFF, 0xADFF, 0xADFF, 0xADFF, 0xADFF, 0xADFF, 0xADFF, 0xADFF, 0xADFF, 0xADFF,
    0xADFF, 0xADFF, 0xADFF, 0xADFF, 0xADFF, 0xADFF, 0xADFF, 0xADFF, 0xADFF, 0xADFF, 0xADFF, 0x8CBB, 0x4AF4, 0x4AB4, 0x4AB4, 0x4AB4,
    0x4AB4, 0x5315, 0xA57E, 0xADFF, 0xADFF, 0xADFF, 0xADFF, 0xADFF, 0xADFF, 0xADFF, 0xADFF, 0xADFF, 0xADFF, 0xADFF, 0x7C7A, 0x4AD4,
    0x4AB4, 0x4AB4, 0x4AB4, 0x4AB4, 0x4AB4, 0x4AB4, 0x4AB4, 0x4AB4, 0x4AB4, 0x4AB4, 0x4AB4, 0xE73E, 0xFFFF, 0xFFFF, 0xFFFF, 0xFFFF,
    0xFFFF, 0xFFFF, 0xFFFF, 0xFFFF, 0xFFFF, 0xFFFF, 0xFFFF, 0xFFFF, 0xFFFF, 0xFFFF, 0xFFFF, 0xFFFF, 0xFFFF, 0xFFFF, 0xFFFF, 0xFFFF,
    0xFFFF, 0xFFFF, 0xFFFF, 0xFFFF, 0xFFFF, 0xFFFF, 0xFFFF, 0xFFFF, 0xFFFF, 0xFFFF, 0xFFFF, 0xFFFF, 0xFFFF, 0xFFFF, 0xFFFF, 0xFFFF,
    0xFFFF, 0xFFFF, 0xFFFF, 0xFFFF, 0xFFFF, 0xFFFF, 0xFFFF, 0xFFFF, 0xFFFF, 0xFFFF, 0xFFFF, 0xFFFF, 0xFFFF, 0xFFFF, 0xFFFF, 0xFFFF,
    0xFFFF, 0xFFFF, 0xFFFF, 0xFFFF, 0x0000, 0x0000, 0x0000, 0x0000, 0x0000, 0x0000, 0xFFFF, 0xFFFF, 0xFFFF, 0xFFFF, 0xFFFF, 0xFFFF,
    0x0000, 0x0000, 0x0000, 0x0000, 0x0000, 0x0000, 0x0000, 0x0000, 0x0000, 0x0000, 0x0000, 0x0000, 0x0000, 0x0000, 0x0000, 0x0000,
    0x0000, 0x0000, 0xFFFF, 0xFFFF, 0xFFFF, 0xFFFF, 0xFFFF, 0xFFFF, 0x0000, 0x0000, 0x0000, 0x0000, 0x0000, 0x0000, 0xFFFF, 0xFFFF,
    0xFFFF, 0xFFFF, 0xFFFF, 0xFFFF, 0x0000, 0x0000, 0x0000, 0x0000, 0x0000, 0x0000, 0x0000, 0x0000, 0x0000, 0x0000, 0x0000, 0x0000,
    0xFFFF, 0xFFFF, 0xFFFF, 0xFFFF, 0xFFFF, 0xFFFF, 0xFFFF, 0xFFFF, 0xFFFF, 0xFFFF, 0xFFFF, 0xFFFF, 0x0000, 0x0000, 0x0000, 0x0000,
    0x0000, 0x0000, 0x0000, 0x0000, 0x0000, 0x0000, 0x0000, 0x0000, 0xFFFF, 0xFFFF, 0xFFFF, 0xFFFF, 0xFFFF, 0xFFFF, 0x0000, 0x0000,
    0x0000, 0x0000, 0x0000, 0x0000, 0x0000, 0x0000, 0x0000, 0x0000, 0x0000, 0x0000, 0x0000, 0x0000, 0x0000, 0x0000, 0x0000, 0x0000,
    0x0000, 0x0000, 0x0000, 0x0000, 0x0000, 0x0000, 0x0000, 0x0000, 0x0000, 0x0000, 0x0000, 0x0000, 0x0000, 0x0000, 0x0000, 0x0000,
    0x0000, 0x0000, 0xFFFF, 0xFFFF, 0xFFFF, 0xFFFF, 0xFFFF, 0xFFFF, 0x0000, 0x0000, 0x0000, 0x0000, 0x0000, 0x0000, 0xFFFF, 0xFFFF,
    0xFFFF, 0xFFFF, 0xFFFF, 0xFFFF, 0x0000, 0x0000, 0x0000, 0x0000, 0x0000, 0x0000, 0xFFFF, 0xFFFF, 0xFFFF, 0xFFFF, 0xFFFF, 0xFFFF,
    0xFFFF, 0xFFFF, 0xFFFF, 0xFFFF, 0xFFFF, 0xFFFF, 0xFFFF, 0xFFFF, 0xFFFF, 0xFFFF, 0xFFFF, 0xFFFF, 0xDEFD, 0x5B35, 0x4AB4, 0x4AB4,
    0x4AB4, 0x4AB4, 0x4AB4, 0x4AB4, 0x4AB4, 0x4AB4, 0x4AB4, 0x4AB4, 0x4AB4, 0x4AB4, 0x4AB4, 0x4AB4, 0x4AB4, 0x4AB4, 0x4AB4, 0x5B77,
    0x951F, 0x953F, 0x953F, 0x84BD, 0x5315, 0x4AB4, 0x4AB4, 0x4AB4, 0x4AB4, 0x4AB4, 0x4AB4, 0x4AB4, 0x8CFC, 0xADFF, 0xADFF, 0xADFF,
    0xADFF, 0xADFF, 0xADFF, 0xADFF, 0xADFF, 0xADFF, 0xADFF, 0xADFF, 0xADFF, 0xADFF, 0xADFF, 0xADFF, 0xADFF, 0xADFF, 0xADFF, 0xADFF,
    0xADFF, 0xADFF, 0xADFF, 0xADFF, 0xADFF, 0xADFF, 0xADFF, 0xADFF, 0xADFF, 0xADFF, 0xADFF, 0x8CBB, 0x4AF4, 0x4AB4, 0x4AB4, 0x4AB4,
    0x4AB4, 0x5315, 0xA57E, 0xADFF, 0xADFF, 0xADFF, 0xADFF, 0xADFF, 0xADFF, 0xADFF, 0xADFF, 0xADFF, 0xADFF, 0xADFF, 0x7C7A, 0x4AD4,
    0x4AB4, 0x4AB4, 0x4AB4, 0x4AB4, 0x4AB4, 0x4AB4, 0x4AB4, 0x4AB4, 0x4AB4, 0x4AB4, 0x4AB4, 0xE73E, 0xFFFF, 0xFFFF, 0xFFFF, 0xFFFF,
    0xFFFF, 0xFFFF, 0xFFFF, 0xFFFF, 0xFFFF, 0xFFFF, 0xFFFF, 0xFFFF, 0xFFFF, 0xFFFF, 0xFFFF, 0xFFFF, 0xFFFF, 0xFFFF, 0xFFFF, 0xFFFF,
    0xFFFF, 0xFFFF, 0xFFFF, 0xFFFF, 0xFFFF, 0xFFFF, 0xFFFF, 0xFFFF, 0xFFFF, 0xFFFF, 0xFFFF, 0xFFFF, 0xFFFF, 0xFFFF, 0xFFFF, 0xFFFF,
    0xFFFF, 0xFFFF, 0xFFFF, 0xFFFF, 0xFFFF, 0xFFFF, 0xFFFF, 0xFFFF, 0xFFFF, 0xFFFF, 0xFFFF, 0xFFFF, 0xFFFF, 0xFFFF, 0xFFFF, 0xFFFF,
    0xFFFF, 0xFFFF, 0xFFFF, 0xFFFF, 0x0000, 0x0000, 0x0000, 0x0000, 0x0000, 0x0000, 0xFFFF, 0xFFFF, 0xFFFF, 0xFFFF, 0xFFFF, 0xFFFF,
    0x0000, 0x0000, 0x0000, 0x0000, 0x0000, 0x0000, 0x0000, 0x0000, 0x0000, 0x0000, 0x0000, 0x0000, 0x0000, 0x0000, 0x0000, 0x0000,
    0x0000, 0x0000, 0xFFFF, 0xFFFF, 0xFFFF, 0xFFFF, 0xFFFF, 0xFFFF, 0x0000, 0x0000, 0x0000, 0x0000, 0x0000, 0x0000, 0xFFFF, 0xFFFF,
    0xFFFF, 0xFFFF, 0xFFFF, 0xFFFF, 0x0000, 0x0000, 0x0000, 0x0000, 0x0000, 0x0000, 0x0000, 0x0000, 0x0000, 0x0000, 0x0000, 0x0000,
    0xFFFF, 0xFFFF, 0xFFFF, 0xFFFF, 0xFFFF, 0xFFFF, 0xFFFF, 0xFFFF, 0xFFFF, 0xFFFF, 0xFFFF, 0xFFFF, 0x0000, 0x0000, 0x0000, 0x0000,
    0x0000, 0x0000, 0x0000, 0x0000, 0x0000, 0x0000, 0x0000, 0x0000, 0xFFFF, 0xFFFF, 0xFFFF, 0xFFFF, 0xFFFF, 0xFFFF, 0x0000, 0x0000,
    0x0000, 0x0000, 0x0000, 0x0000, 0x0000, 0x0000, 0x0000, 0x0000, 0x0000, 0x0000, 0x0000, 0x0000, 0x0000, 0x0000, 0x0000, 0x0000,
    0x0000, 0x0000, 0x0000, 0x0000, 0x0000, 0x0000, 0x0000, 0x0000, 0x0000, 0x0000, 0x0000, 0x0000, 0x0000, 0x0000, 0x0000, 0x0000,
    0x0000, 0x0000, 0xFFFF, 0xFFFF, 0xFFFF, 0xFFFF, 0xFFFF, 0xFFFF, 0x0000, 0x0000, 0x0000, 0x0000, 0x0000, 0x0000, 0xFFFF, 0xFFFF,
    0xFFFF, 0xFFFF, 0xFFFF, 0xFFFF, 0x0000, 0x0000, 0x0000, 0x0000, 0x0000, 0x0000, 0xFFFF, 0xFFFF, 0xFFFF, 0xFFFF, 0xFFFF, 0xFFFF,
    0xFFFF, 0xFFFF, 0xFFFF, 0xFFFF, 0xFFFF, 0xFFFF, 0xFFFF, 0xFFFF, 0xFFFF, 0xFFFF, 0xFFFF, 0xFFFF, 0xDEFD, 0x5B35, 0x4AB4, 0x4AB4,
    0x4AB4, 0x4AB4, 0x4AB4, 0x4AB4, 0x4AB4, 0x4AB4, 0x4AB4, 0x4AB4, 0x4AB4, 0x4AB4, 0x4AB4, 0x4AB4, 0x4AB4, 0x4AB4, 0x4AB4, 0x5B77,
    0x951F, 0x953F, 0x953F, 0x84BD, 0x5315, 0x4AB4, 0x4AB4, 0x4AB4, 0x4AB4, 0x4AB4, 0x4AB4, 0x4AB4, 0x4AB4, 0x4AB4, 0x849A, 0xADFF,
    0xADFF, 0xADFF, 0xADFF, 0xADFF, 0xADFF, 0xADFF, 0xADFF, 0xADFF, 0xADFF, 0xADFF, 0xADFF, 0xADFF, 0xADFF, 0xADFF, 0xADFF, 0xADFF,
    0xADFF, 0xADFF, 0xADFF, 0xADFF, 0xADFF, 0xADFF, 0xADFF, 0xADFF, 0xADFF, 0xADFF, 0xADFF, 0xADFF, 0xADFF, 0xADFF, 0xADFF, 0xADFF,
    0xADFF, 0xADFF, 0xADFF, 0xADFF, 0xADFF, 0xADFF, 0xADFF, 0xADFF, 0xADFF, 0xADFF, 0xADFF, 0xADFF, 0x7439, 0x4AB4, 0x4AB4, 0x4AB4,
    0x4AB4, 0x4AB4, 0x4AB4, 0x4AB4, 0x4AB4, 0x4AB4, 0x4AB4, 0x4AB4, 0x5B35, 0xE73E, 0xFFFF, 0xFFFF, 0xFFFF, 0xFFFF, 0xFFFF, 0xFFFF,
    0xFFFF, 0xFFFF, 0xFFFF, 0xFFFF, 0xFFFF, 0xFFFF, 0xFFFF, 0xFFFF, 0xFFFF, 0xFFFF, 0xFFFF, 0xFFFF, 0xFFFF, 0xFFFF, 0xFFFF, 0xFFFF,
    0xFFFF, 0xFFFF, 0xFFFF, 0xFFFF, 0xFFFF, 0xFFFF, 0xFFFF, 0xFFFF, 0xFFFF, 0xFFFF, 0xFFFF, 0xFFFF, 0xFFFF, 0xFFFF, 0xFFFF, 0xFFFF,
    0xFFFF, 0xFFFF, 0xFFFF, 0xFFFF, 0xFFFF, 0xFFFF, 0xFFFF, 0xFFFF, 0xFFFF, 0xFFFF, 0xFFFF, 0xFFFF, 0xFFFF, 0xFFFF, 0xFFFF, 0xFFFF,
    0xFFFF, 0xFFFF, 0xFFFF, 0xFFFF, 0x0000, 0x0000, 0x0000, 0x0000, 0x0000, 0x0000, 0xFFFF, 0xFFFF, 0xFFFF, 0xFFFF, 0xFFFF, 0xFFFF,
    0x0000, 0x0000, 0x0000, 0x0000, 0x0000, 0x0000, 0x0000, 0x0000, 0x0000, 0x0000, 0x0000, 0x0000, 0x0000, 0x0000, 0x0000, 0x0000,
    0x0000, 0x0000, 0xFFFF, 0xFFFF, 0xFFFF, 0xFFFF, 0xFFFF, 0xFFFF, 0x0000, 0x0000, 0x0000, 0x0000, 0x0000, 0x0000, 0xFFFF, 0xFFFF,
    0xFFFF, 0xFFFF, 0xFFFF, 0xFFFF, 0x0000, 0x0000, 0x0000, 0x0000, 0x0000, 0x0000, 0x0000, 0x0000, 0x0000, 0x0000, 0x0000, 0x0000,
    0xFFFF, 0xFFFF, 0xFFFF, 0xFFFF, 0xFFFF, 0xFFFF, 0xFFFF, 0xFFFF, 0xFFFF, 0xFFFF, 0xFFFF, 0xFFFF, 0x0000, 0x0000, 0x0000, 0x0000,
    0x0000, 0x0000, 0x0000, 0x0000, 0x0000, 0x0000, 0x0000, 0x0000, 0xFFFF, 0xFFFF, 0xFFFF, 0xFFFF, 0xFFFF, 0xFFFF, 0x0000, 0x0000,
    0x0000, 0x0000, 0x0000, 0x0000, 0x0000, 0x0000, 0x0000, 0x0000, 0x0000, 0x0000, 0x0000, 0x0000, 0x0000, 0x0000, 0x0000, 0x0000,
    0x0000, 0x0000, 0x0000, 0x0000, 0x0000, 0x0000, 0x0000, 0x0000, 0x0000, 0x0000, 0x0000, 0x0000, 0x0000, 0x0000, 0x0000, 0x0000,
    0x0000, 0x0000, 0xFFFF, 0xFFFF, 0xFFFF, 0xFFFF, 0xFFFF, 0xFFFF, 0x0000, 0x0000, 0x0000, 0x0000, 0x0000, 0x0000, 0xFFFF, 0xFFFF,
    0xFFFF, 0xFFFF, 0xFFFF, 0xFFFF, 0x0000, 0x0000, 0x0000, 0x0000, 0x0000, 0x0000, 0xFFFF, 0xFFFF, 0xFFFF, 0xFFFF, 0xFFFF, 0xFFFF,
    0xFFFF, 0xFFFF, 0xFFFF, 0xFFFF, 0xFFFF, 0xFFFF, 0xFFFF, 0xFFFF, 0xFFFF, 0xFFFF, 0xFFFF, 0xFFFF, 0xDEFD, 0x5B35, 0x4AB4, 0x4AB4,
    0x4AB4, 0x4AB4, 0x4AB4, 0x4AB4, 0x4AB4, 0x4AB4, 0x4AB4, 0x4AB4, 0x4AB4, 0x4AB4, 0x4AB4, 0x4AB4, 0x4AB4, 0x4AB4, 0x4AB4, 0x5B77,
    0x951F, 0x953F, 0x953F, 0x84BD, 0x5315, 0x4AB4, 0x4AB4, 0x4AB4, 0x4AB4, 0x4AB4, 0x4AB4, 0x4AB4, 0x4AB4, 0x4AB4, 0x849A, 0xADFF,
    0xADFF, 0xADFF, 0xADFF, 0xADFF, 0xADFF, 0xADFF, 0xADFF, 0xADFF, 0xADFF, 0xADFF, 0xADFF, 0xADFF, 0xADFF, 0xADFF, 0xADFF, 0xADFF,
    0xADFF, 0xADFF, 0xADFF, 0xADFF, 0xADFF, 0xADFF, 0xADFF, 0xADFF, 0xADFF, 0xADFF, 0xADFF, 0xADFF, 0xADFF, 0xADFF, 0xADFF, 0xADFF,
    0xADFF, 0xADFF, 0xADFF, 0xADFF, 0xADFF, 0xADFF, 0xADFF, 0xADFF, 0xADFF, 0xADFF, 0xADFF, 0xADFF, 0x7439, 0x4AB4, 0x4AB4, 0x4AB4,
    0x4AB4, 0x4AB4, 0x4AB4, 0x4AB4, 0x4AB4, 0x4AB4, 0x4AB4, 0x4AB4, 0x5B35, 0xE73E, 0xFFFF, 0xFFFF, 0xFFFF, 0xFFFF, 0xFFFF, 0xFFFF,
    0xFFFF, 0xFFFF, 0xFFFF, 0xFFFF, 0xFFFF, 0xFFFF, 0xFFFF, 0xFFFF, 0xFFFF, 0xFFFF, 0xFFFF, 0xFFFF, 0xFFFF, 0xFFFF, 0xFFFF, 0xFFFF,
    0xFFFF, 0xFFFF, 0xFFFF, 0xFFFF, 0xFFFF, 0xFFFF, 0xFFFF, 0xFFFF, 0xFFFF, 0xFFFF, 0xFFFF, 0xFFFF, 0xFFFF, 0xFFFF, 0xFFFF, 0xFFFF,
    0xFFFF, 0xFFFF, 0xFFFF, 0xFFFF, 0xFFFF, 0xFFFF, 0xFFFF, 0xFFFF, 0xFFFF, 0xFFFF, 0xFFFF, 0xFFFF, 0xFFFF, 0xFFFF, 0xFFFF, 0xFFFF,
    0xFFFF, 0xFFFF, 0xFFFF, 0xFFFF, 0x0000, 0x0000, 0x0000, 0x0000, 0x0000, 0x0000, 0xFFFF, 0xFFFF, 0xFFFF, 0xFFFF, 0xFFFF, 0xFFFF,
    0x0000, 0x0000, 0x0000, 0x0000, 0x0000, 0x0000, 0x0000, 0x0000, 0x0000, 0x0000, 0x0000, 0x0000, 0x0000, 0x0000, 0x0000, 0x0000,
    0x0000, 0x0000, 0xFFFF, 0xFFFF, 0xFFFF, 0xFFFF, 0xFFFF, 0xFFFF, 0x0000, 0x0000, 0x0000, 0x0000, 0x0000, 0x0000, 0xFFFF, 0xFFFF,
    0xFFFF, 0xFFFF, 0xFFFF, 0xFFFF, 0x0000, 0x0000, 0x0000, 0x0000, 0x0000, 0x0000, 0x0000, 0x0000, 0x0000, 0x0000, 0x0000, 0x0000,
    0xFFFF, 0xFFFF, 0xFFFF, 0xFFFF, 0xFFFF, 0xFFFF, 0xFFFF, 0xFFFF, 0xFFFF, 0xFFFF, 0xFFFF, 0xFFFF, 0x0000, 0x0000, 0x0000, 0x0000,
    0x0000, 0x0000, 0x0000, 0x0000, 0x0000, 0x0000, 0x0000, 0x0000, 0xFFFF, 0xFFFF, 0xFFFF, 0xFFFF, 0xFFFF, 0xFFFF, 0x0000, 0x0000,
    0x0000, 0x0000, 0x0000, 0x0000, 0x0000, 0x0000, 0x0000, 0x0000, 0x0000, 0x0000, 0x0000, 0x0000, 0x0000, 0x0000, 0x0000, 0x0000,
    0x0000, 0x0000, 0x0000, 0x0000, 0x0000, 0x0000, 0x0000, 0x0000, 0x0000, 0x0000, 0x0000, 0x0000, 0x0000, 0x0000, 0x0000, 0x0000,
    0x0000, 0x0000, 0xFFFF, 0xFFFF, 0xFFFF, 0xFFFF, 0xFFFF, 0xFFFF, 0x0000, 0x0000, 0x0000, 0x0000, 0x0000, 0x0000, 0xFFFF, 0xFFFF,
    0xFFFF, 0xFFFF, 0xFFFF, 0xFFFF, 0x0000, 0x0000, 0x0000, 0x0000, 0x0000, 0x0000, 0xFFFF, 0xFFFF, 0xFFFF, 0xFFFF, 0xFFFF, 0xFFFF,
    0xFFFF, 0xFFFF, 0xFFFF, 0xFFFF, 0xFFFF, 0xFFFF, 0xFFFF, 0xFFFF, 0xFFFF, 0xFFFF, 0xD6DD, 0x6BD6, 0x5B75, 0x4AD4, 0x4AB4, 0x4AB4,
    0x4AB4, 0x4AB4, 0x4AB4, 0x4AB4, 0x4AB4, 0x4AB4, 0x4AB4, 0x4AB4, 0x4AB4, 0x4AB4, 0x4AB4, 0x4AB4, 0x4AB4, 0x4AB4, 0x4AB4, 0x5B77,
    0x951F, 0x953F, 0x953F, 0x953F, 0x8CFE, 0x8CFE, 0x8CFE, 0x8CFE, 0x5315, 0x4AB4, 0x4AB4, 0x4AB4, 0x4AB4, 0x4AB4, 0x4AF4, 0x5335,
    0x5335, 0x5335, 0x847A, 0xADDF, 0xADFF, 0xADFF, 0xADFF, 0xADFF, 0xADFF, 0xADFF, 0xADFF, 0xADFF, 0xADFF, 0xADFF, 0xADFF, 0xADFF,
    0xADFF, 0xADFF, 0xADFF, 0xADFF, 0xADFF, 0xADFF, 0xADFF, 0xADFF, 0xADFF, 0xADFF, 0xADFF, 0xADFF, 0xADFF, 0xADFF, 0xADFF, 0xADFF,
    0xADFF, 0xADFF, 0xADFF, 0xADFF, 0xADFF, 0xADFF, 0xADFF, 0xADFF, 0x7418, 0x5335, 0x5335, 0x5335, 0x52F4, 0x4AB4, 0x4AB4, 0x4AB4,
    0x4AB4, 0x4AB4, 0x4AB4, 0x4AB4, 0x73F6, 0xDEFD, 0xEF5E, 0xEF5E, 0xEF5E, 0xFFFF, 0xFFFF, 0xFFFF, 0xFFFF, 0xFFFF, 0xFFFF, 0xFFFF,
    0xFFFF, 0xFFFF, 0xFFFF, 0xFFFF, 0xFFFF, 0xFFFF, 0xFFFF, 0xFFFF, 0xFFFF, 0xFFFF, 0xFFFF, 0xFFFF, 0xFFFF, 0xFFFF, 0xFFFF, 0xFFFF,
    0xFFFF, 0xFFFF, 0xFFFF, 0xFFFF, 0xFFFF, 0xFFFF, 0xFFFF, 0xFFFF, 0xFFFF, 0xFFFF, 0xFFFF, 0xFFFF, 0xFFFF, 0xFFFF, 0xFFFF, 0xFFFF,
    0xFFFF, 0xFFFF, 0xFFFF, 0xFFFF, 0xFFFF, 0xFFFF, 0xFFFF, 0xFFFF, 0xFFFF, 0xFFFF, 0xFFFF, 0xFFFF, 0xFFFF, 0xFFFF, 0xFFFF, 0xFFFF,
    0xFFFF, 0xFFFF, 0xFFFF, 0xFFFF, 0x0000, 0x0000, 0x0000, 0x0000, 0x0000, 0x0000, 0xFFFF, 0xFFFF, 0xFFFF, 0xFFFF, 0xFFFF, 0xFFFF,
    0x0000, 0x0000, 0x0000, 0x0000, 0x0000, 0x0000, 0x0000, 0x0000, 0x0000, 0x0000, 0x0000, 0x0000, 0x0000, 0x0000, 0x0000, 0x0000,
    0x0000, 0x0000, 0xFFFF, 0xFFFF, 0xFFFF, 0xFFFF, 0xFFFF, 0xFFFF, 0x0000, 0x0000, 0x0000, 0x0000, 0x0000, 0x0000, 0xFFFF, 0xFFFF,
    0xFFFF, 0xFFFF, 0xFFFF, 0xFFFF, 0x0000, 0x0000, 0x0000, 0x0000, 0x0000, 0x0000, 0x0000, 0x0000, 0x0000, 0x0000, 0x0000, 0x0000,
    0xFFFF, 0xFFFF, 0xFFFF, 0xFFFF, 0xFFFF, 0xFFFF, 0xFFFF, 0xFFFF, 0xFFFF, 0xFFFF, 0xFFFF, 0xFFFF, 0x0000, 0x0000, 0x0000, 0x0000,
    0x0000, 0x0000, 0x0000, 0x0000, 0x0000, 0x0000, 0x0000, 0x0000, 0xFFFF, 0xFFFF, 0xFFFF, 0xFFFF, 0xFFFF, 0xFFFF, 0x0000, 0x0000,
    0x0000, 0x0000, 0x0000, 0x0000, 0x0000, 0x0000, 0x0000, 0x0000, 0x0000, 0x0000, 0x0000, 0x0000, 0x0000, 0x0000, 0x0000, 0x0000,
    0x0000, 0x0000, 0x0000, 0x0000, 0x0000, 0x0000, 0x0000, 0x0000, 0x0000, 0x0000, 0x0000, 0x0000, 0x0000, 0x0000, 0x0000, 0x0000,
    0x0000, 0x0000, 0xFFFF, 0xFFFF, 0xFFFF, 0xFFFF, 0xFFFF, 0xFFFF, 0x0000, 0x0000, 0x0000, 0x0000, 0x0000, 0x0000, 0xFFFF, 0xFFFF,
    0xFFFF, 0xFFFF, 0xFFFF, 0xFFFF, 0x0000, 0x0000, 0x0000, 0x0000, 0x0000, 0x0000, 0xFFFF, 0xFFFF, 0xFFFF, 0xFFFF, 0xFFFF, 0xFFFF,
    0xFFFF, 0xFFFF, 0xFFFF, 0xFFFF, 0xFFFF, 0xFFFF, 0xFFFF, 0xFFFF, 0xFFFF, 0xFFFF, 0xCE9C, 0x5B35, 0x4AB4, 0x4AB4, 0x4AB4, 0x4AB4,
    0x4AB4, 0x4AB4, 0x4AB4, 0x4AB4, 0x4AB4, 0x4AB4, 0x4AB4, 0x4AB4, 0x4AB4, 0x4AB4, 0x4AB4, 0x4AB4, 0x4AB4, 0x4AB4, 0x4AB4, 0x5B77,
    0x951F, 0x953F, 0x953F, 0x953F, 0x953F, 0x953F, 0x953F, 0x953F, 0x5315, 0x4AB4, 0x4AB4, 0x4AB4, 0x4AB4, 0x4AB4, 0x4AB4, 0x4AB4,
    0x4AB4, 0x4AB4, 0x7C39, 0xADDF, 0xADFF, 0xADFF, 0xADFF, 0xADFF, 0xADFF, 0xADFF, 0xADFF, 0xADFF, 0xADFF, 0xADFF, 0xADFF, 0xADFF,
    0xADFF, 0xADFF, 0xADFF, 0xADFF, 0xADFF, 0xADFF, 0xADFF, 0xADFF, 0xADFF, 0xADFF, 0xADFF, 0xADFF, 0xADFF, 0xADFF, 0xADFF, 0xADFF,
    0xADFF, 0xADFF, 0xADFF, 0xADFF, 0xADFF, 0xADFF, 0xADFF, 0xADFF, 0x6BD7, 0x4AB4, 0x4AB4, 0x4AB4, 0x4AB4, 0x4AB4, 0x4AB4, 0x4AB4,
    0x4AB4, 0x4AB4, 0x4AB4, 0x4AB4, 0x7C37, 0xEF7E, 0xFFFF, 0xFFFF, 0xFFFF, 0xFFFF, 0xFFFF, 0xFFFF, 0xFFFF, 0xFFFF, 0xFFFF, 0xFFFF,
    0xFFFF, 0xFFFF, 0xFFFF, 0xFFFF, 0xFFFF, 0xFFFF, 0xFFFF, 0xFFFF, 0xFFFF, 0xFFFF, 0xFFFF, 0xFFFF, 0xFFFF, 0xFFFF, 0xFFFF, 0xFFFF,
    0xFFFF, 0xFFFF, 0xFFFF, 0xFFFF, 0xFFFF, 0xFFFF, 0xFFFF, 0xFFFF, 0xFFFF, 0xFFFF, 0xFFFF, 0xFFFF, 0xFFFF, 0xFFFF, 0xFFFF, 0xFFFF,
    0xFFFF, 0xFFFF, 0xFFFF, 0xFFFF, 0xFFFF, 0xFFFF, 0xFFFF, 0xFFFF, 0xFFFF, 0xFFFF, 0xFFFF, 0xFFFF, 0xFFFF, 0xFFFF, 0xFFFF, 0xFFFF,
    0xFFFF, 0xFFFF, 0xFFFF, 0xFFFF, 0x0000, 0x0000, 0x0000, 0x0000, 0x0000, 0x0000, 0xFFFF, 0xFFFF, 0xFFFF, 0xFFFF, 0xFFFF, 0xFFFF,
    0x0000, 0x0000, 0x0000, 0x0000, 0x0000, 0x0000, 0x0000, 0x0000, 0x0000, 0x0000, 0x0000, 0x0000, 0x0000, 0x0000, 0x0000, 0x0000,
    0x0000, 0x0000, 0xFFFF, 0xFFFF, 0xFFFF, 0xFFFF, 0xFFFF, 0xFFFF, 0x0000, 0x0000, 0x0000, 0x0000, 0x0000, 0x0000, 0xFFFF, 0xFFFF,
    0xFFFF, 0xFFFF, 0xFFFF, 0xFFFF, 0x0000, 0x0000, 0x0000, 0x0000, 0x0000, 0x0000, 0x0000, 0x0000, 0x0000, 0x0000, 0x0000, 0x0000,
    0xFFFF, 0xFFFF, 0xFFFF, 0xFFFF, 0xFFFF, 0xFFFF, 0xFFFF, 0xFFFF, 0xFFFF, 0xFFFF, 0xFFFF, 0xFFFF, 0x0000, 0x0000, 0x0000, 0x0000,
    0x0000, 0x0000, 0x0000, 0x0000, 0x0000, 0x0000, 0x0000, 0x0000, 0xFFFF, 0xFFFF, 0xFFFF, 0xFFFF, 0xFFFF, 0xFFFF, 0x0000, 0x0000,
    0x0000, 0x0000, 0x0000, 0x0000, 0x0000, 0x0000, 0x0000, 0x0000, 0x0000, 0x0000, 0x0000, 0x0000, 0x0000, 0x0000, 0x0000, 0x0000,
    0x0000, 0x0000, 0x0000, 0x0000, 0x0000, 0x0000, 0x0000, 0x0000, 0x0000, 0x0000, 0x0000, 0x0000, 0x0000, 0x0000, 0x0000, 0x0000,
    0x0000, 0x0000, 0xFFFF, 0xFFFF, 0xFFFF, 0xFFFF, 0xFFFF, 0xFFFF, 0x0000, 0x0000, 0x0000, 0x0000, 0x0000, 0x0000, 0xFFFF, 0xFFFF,
    0xFFFF, 0xFFFF, 0xFFFF, 0xFFFF, 0x0000, 0x0000, 0x0000, 0x0000, 0x0000, 0x0000, 0xFFFF, 0xFFFF, 0xFFFF, 0xFFFF, 0xFFFF, 0xFFFF,
    0xFFFF, 0xFFFF, 0xFFFF, 0xFFFF, 0xFFFF, 0xFFFF, 0xFFFF, 0xFFFF, 0xFFFF, 0xFFFF, 0xCE9C, 0x5B35, 0x4AB4, 0x4AB4, 0x4AB4, 0x4AB4,
    0x4AB4, 0x4AB4, 0x4AB4, 0x4AB4, 0x4AB4, 0xBE1B, 0xEF5E, 0xEF5E, 0xEF5E, 0x8C98, 0x4AB4, 0x4AB4, 0x4AB4, 0x4AB4, 0x4AB4, 0x5B77,
    0x951F, 0x953F, 0x953F, 0x953F, 0x953F, 0x953F, 0x953F, 0x953F, 0x8CFE, 0x8CFE, 0x5315, 0x4AB4, 0x4AB4, 0x4AB4, 0x4AB4, 0x4AB4,
    0x4AB4, 0x4AB4, 0x4AF4, 0x5335, 0x5335, 0x5335, 0x6BF8, 0xA5BE, 0xADFF, 0xADFF, 0xADFF, 0xADFF, 0xADFF, 0xADFF, 0xADFF, 0xADFF,
    0xADFF, 0xADFF, 0xADFF, 0xADFF, 0xADFF, 0xADFF, 0xADFF, 0xADFF, 0xADFF, 0xADFF, 0xADFF, 0xADFF, 0xADFF, 0xADFF, 0xADFF, 0xADFF,
    0xADFF, 0xA59E, 0x6376, 0x5335, 0x5335, 0x5335, 0x5335, 0x5335, 0x4AD4, 0x4AB4, 0x4AB4, 0x4AB4, 0x4AB4, 0x4AB4, 0x4AB4, 0x4AB4,
    0x4AB4, 0x4AB4, 0x73F6, 0xDF1D, 0xF79E, 0xFFFF, 0xFFFF, 0xFFFF, 0xFFFF, 0xFFFF, 0xFFFF, 0xFFFF, 0xFFFF, 0xFFFF, 0xFFFF, 0xFFFF,
    0xFFFF, 0xFFFF, 0xFFFF, 0xFFFF, 0xFFFF, 0xFFFF, 0xFFFF, 0xFFFF, 0xFFFF, 0xFFFF, 0xFFFF, 0xFFFF, 0xFFFF, 0xFFFF, 0xFFFF, 0xFFFF,
    0xFFFF, 0xFFFF, 0xFFFF, 0xFFFF, 0xFFFF, 0xFFFF, 0xFFFF, 0xFFFF, 0xFFFF, 0xFFFF, 0xFFFF, 0xFFFF, 0xFFFF, 0xFFFF, 0xFFFF, 0xFFFF,
    0xFFFF, 0xFFFF, 0xFFFF, 0xFFFF, 0xFFFF, 0xFFFF, 0xFFFF, 0xFFFF, 0xFFFF, 0xFFFF, 0xFFFF, 0xFFFF, 0xFFFF, 0xFFFF, 0xFFFF, 0xFFFF,
    0xFFFF, 0xFFFF, 0xFFFF, 0xFFFF, 0x0000, 0x0000, 0x0000, 0x0000, 0x0000, 0x0000, 0xFFFF, 0xFFFF, 0xFFFF, 0xFFFF, 0xFFFF, 0xFFFF,
    0x0000, 0x0000, 0x0000, 0x0000, 0x0000, 0x0000, 0x0000, 0x0000, 0x0000, 0x0000, 0x0000, 0x0000, 0x0000, 0x0000, 0x0000, 0x0000,
    0x0000, 0x0000, 0xFFFF, 0xFFFF, 0xFFFF, 0xFFFF, 0xFFFF, 0xFFFF, 0x0000, 0x0000, 0x0000, 0x0000, 0x0000, 0x0000, 0xFFFF, 0xFFFF,
    0xFFFF, 0xFFFF, 0xFFFF, 0xFFFF, 0x0000, 0x0000, 0x0000, 0x0000, 0x0000, 0x0000, 0xFFFF, 0xFFFF, 0xFFFF, 0xFFFF, 0xFFFF, 0xFFFF,
    0xFFFF, 0xFFFF, 0xFFFF, 0xFFFF, 0xFFFF, 0xFFFF, 0xFFFF, 0xFFFF, 0xFFFF, 0xFFFF, 0xFFFF, 0xFFFF, 0x0000, 0x0000, 0x0000, 0x0000,
    0x0000, 0x0000, 0xFFFF, 0xFFFF, 0xFFFF, 0xFFFF, 0xFFFF, 0xFFFF, 0xFFFF, 0xFFFF, 0xFFFF, 0xFFFF, 0xFFFF, 0xFFFF, 0x0000, 0x0000,
    0x0000, 0x0000, 0x0000, 0x0000, 0x0000, 0x0000, 0x0000, 0x0000, 0x0000, 0x0000, 0x0000, 0x0000, 0x0000, 0x0000, 0x0000, 0x0000,
    0x0000, 0x0000, 0x0000, 0x0000, 0x0000, 0x0000, 0xFFFF, 0xFFFF, 0xFFFF, 0xFFFF, 0xFFFF, 0xFFFF, 0x0000, 0x0000, 0x0000, 0x0000,
    0x0000, 0x0000, 0x0000, 0x0000, 0x0000, 0x0000, 0x0000, 0x0000, 0x0000, 0x0000, 0x0000, 0x0000, 0x0000, 0x0000, 0x0000, 0x0000,
    0x0000, 0x0000, 0x0000, 0x0000, 0x0000, 0x0000, 0x0000, 0x0000, 0x0000, 0x0000, 0xFFFF, 0xFFFF, 0xFFFF, 0xFFFF, 0xFFFF, 0xFFFF,
    0xFFFF, 0xFFFF, 0xFFFF, 0xFFFF, 0xFFFF, 0xFFFF, 0xFFFF, 0xFFFF, 0xFFFF, 0xFFFF, 0xCE9C, 0x5B35, 0x4AB4, 0x4AB4, 0x4AB4, 0x4AB4,
    0x4AB4, 0x4AB4, 0x4AB4, 0x4AB4, 0x4AB4, 0xCE9C, 0xFFFF, 0xFFFF, 0xFFFF, 0x9D19, 0x4AB4, 0x4AB4, 0x4AB4, 0x4AB4, 0x4AB4, 0x5B77,
    0x951F, 0x953F, 0x953F, 0x953F, 0x953F, 0x953F, 0x953F, 0x953F, 0x953F, 0x953F, 0x5336, 0x4AB4, 0x4AB4, 0x4AB4, 0x4AB4, 0x4AB4,
    0x4AB4, 0x4AB4, 0x4AB4, 0x4AB4, 0x4AB4, 0x4AB4, 0x6397, 0xA59E, 0xADFF, 0xADFF, 0xADFF, 0xADFF, 0xADFF, 0xADFF, 0xADFF, 0xADFF,
    0xADFF, 0xADFF, 0xADFF, 0xADFF, 0xADFF, 0xADFF, 0xADFF, 0xADFF, 0xADFF, 0xADFF, 0xADFF, 0xADFF, 0xADFF, 0xADFF, 0xADFF, 0xADFF,
    0xADFF, 0xA59E, 0x5335, 0x4AB4, 0x4AB4, 0x4AB4, 0x4AB4, 0x4AB4, 0x4AB4, 0x4AB4, 0x4AB4, 0x4AB4, 0x4AB4, 0x4AB4, 0x4AB4, 0x4AB4,
    0x4AB4, 0x4AB4, 0x7C37, 0xF7BF, 0xFFFF, 0xFFFF, 0xFFFF, 0xFFFF, 0xFFFF, 0xFFFF, 0xFFFF, 0xFFFF, 0xFFFF, 0xFFFF, 0xFFFF, 0xFFFF,
    0xFFFF, 0xFFFF, 0xFFFF, 0xFFFF, 0xFFFF, 0xFFFF, 0xFFFF, 0xFFFF, 0xFFFF, 0xFFFF, 0xFFFF, 0xFFFF, 0xFFFF, 0xFFFF, 0xFFFF, 0xFFFF,
    0xFFFF, 0xFFFF, 0xFFFF, 0xFFFF, 0xFFFF, 0xFFFF, 0xFFFF, 0xFFFF, 0xFFFF, 0xFFFF, 0xFFFF, 0xFFFF, 0xFFFF, 0xFFFF, 0xFFFF, 0xFFFF,
    0xFFFF, 0xFFFF, 0xFFFF, 0xFFFF, 0xFFFF, 0xFFFF, 0xFFFF, 0xFFFF, 0xFFFF, 0xFFFF, 0xFFFF, 0xFFFF, 0xFFFF, 0xFFFF, 0xFFFF, 0xFFFF,
    0xFFFF, 0xFFFF, 0xFFFF, 0xFFFF, 0x0000, 0x0000, 0x0000, 0x0000, 0x0000, 0x0000, 0xFFFF, 0xFFFF, 0xFFFF, 0xFFFF, 0xFFFF, 0xFFFF,
    0x0000, 0x0000, 0x0000, 0x0000, 0x0000, 0x0000, 0x0000, 0x0000, 0x0000, 0x0000, 0x0000, 0x0000, 0x0000, 0x0000, 0x0000, 0x0000,
    0x0000, 0x0000, 0xFFFF, 0xFFFF, 0xFFFF, 0xFFFF, 0xFFFF, 0xFFFF, 0x0000, 0x0000, 0x0000, 0x0000, 0x0000, 0x0000, 0xFFFF, 0xFFFF,
    0xFFFF, 0xFFFF, 0xFFFF, 0xFFFF, 0x0000, 0x0000, 0x0000, 0x0000, 0x0000, 0x0000, 0xFFFF, 0xFFFF, 0xFFFF, 0xFFFF, 0xFFFF, 0xFFFF,
    0xFFFF, 0xFFFF, 0xFFFF, 0xFFFF, 0xFFFF, 0xFFFF, 0xFFFF, 0xFFFF, 0xFFFF, 0xFFFF, 0xFFFF, 0xFFFF, 0x0000, 0x0000, 0x0000, 0x0000,
    0x0000, 0x0000, 0xFFFF, 0xFFFF, 0xFFFF, 0xFFFF, 0xFFFF, 0xFFFF, 0xFFFF, 0xFFFF, 0xFFFF, 0xFFFF, 0xFFFF, 0xFFFF, 0x0000, 0x0000,
    0x0000, 0x0000, 0x0000, 0x0000, 0x0000, 0x0000, 0x0000, 0x0000, 0x0000, 0x0000, 0x0000, 0x0000, 0x0000, 0x0000, 0x0000, 0x0000,
    0x0000, 0x0000, 0x0000, 0x0000, 0x0000, 0x0000, 0xFFFF, 0xFFFF, 0xFFFF, 0xFFFF, 0xFFFF, 0xFFFF, 0x0000, 0x0000, 0x0000, 0x0000,
    0x0000, 0x0000, 0x0000, 0x0000, 0x0000, 0x0000, 0x0000, 0x0000, 0x0000, 0x0000, 0x0000, 0x0000, 0x0000, 0x0000, 0x0000, 0x0000,
    0x0000, 0x0000, 0x0000, 0x0000, 0x0000, 0x0000, 0x0000, 0x0000, 0x0000, 0x0000, 0xFFFF, 0xFFFF, 0xFFFF, 0xFFFF, 0xFFFF, 0xFFFF,
    0xFFFF, 0xFFFF, 0xFFFF, 0xFFFF, 0xFFFF, 0xFFFF, 0xFFFF, 0xFFFF, 0xFFFF, 0xFFFF, 0xEF7E, 0xD6BD, 0xD6BC, 0xD6BC, 0xD6BC, 0xD6BC,
    0xD6BC, 0xD6BC, 0xD6BC, 0xD6BC, 0xD6BC, 0xF7BF, 0xFFFF, 0xFFFF, 0xFFFF, 0x9D19, 0x4AB4, 0x4AB4, 0x4AB4, 0x4AB4, 0x4AB4, 0x5B77,
    0x951F, 0x953F, 0x953F, 0x953F, 0x953F, 0x951F, 0x6398, 0x5B56, 0x5B56, 0x5B56, 0x4AD4, 0x4AB4, 0x4AB4, 0x4AB4, 0x4AB4, 0x4AB4,
    0x4AB4, 0x4AB4, 0x4AB4, 0x4AB4, 0x4AB4, 0x4AB4, 0x5315, 0x6376, 0x6397, 0x6397, 0x6397, 0x6397, 0x63B7, 0xA57E, 0xADFF, 0xADFF,
    0xADFF, 0xADFF, 0xADFF, 0xADFF, 0xADFF, 0xADFF, 0xADFF, 0xADFF, 0xADFF, 0x951C, 0x6397, 0x6397, 0x6397, 0x6397, 0x6397, 0x6397,
    0x6397, 0x5B76, 0x4AD4, 0x4AB4, 0x4AB4, 0x4AB4, 0x4AB4, 0x4AB4, 0x4AB4, 0x4AB4, 0x4AB4, 0x4AB4, 0x4AB4, 0x4AB4, 0x8477, 0xCE9C,
    0xD6BC, 0xD6BC, 0xE73E, 0xFFFF, 0xFFFF, 0xFFFF, 0xFFFF, 0xFFFF, 0xFFFF, 0xFFFF, 0xFFFF, 0xFFFF, 0xFFFF, 0xFFFF, 0xFFFF, 0xFFFF,
    0xFFFF, 0xFFFF, 0xFFFF, 0xFFFF, 0xFFFF, 0xFFFF, 0xFFFF, 0xFFFF, 0xFFFF, 0xFFFF, 0xFFFF, 0xFFFF, 0xFFFF, 0xFFFF, 0xFFFF, 0xFFFF,
    0xFFFF, 0xFFFF, 0xFFFF, 0xFFFF, 0xFFFF, 0xFFFF, 0xFFFF, 0xFFFF, 0xFFFF, 0xFFFF, 0xFFFF, 0xFFFF, 0xFFFF, 0xFFFF, 0xFFFF, 0xFFFF,
    0xFFFF, 0xFFFF, 0xFFFF, 0xFFFF, 0xFFFF, 0xFFFF, 0xFFFF, 0xFFFF, 0xFFFF, 0xFFFF, 0xFFFF, 0xFFFF, 0xFFFF, 0xFFFF, 0xFFFF, 0xFFFF,
    0xFFFF, 0xFFFF, 0xFFFF, 0xFFFF, 0x0000, 0x0000, 0x0000, 0x0000, 0x0000, 0x0000, 0xFFFF, 0xFFFF, 0xFFFF, 0xFFFF, 0xFFFF, 0xFFFF,
    0x0000, 0x0000, 0x0000, 0x0000, 0x0000, 0x0000, 0x0000, 0x0000, 0x0000, 0x0000, 0x0000, 0x0000, 0x0000, 0x0000, 0x0000, 0x0000,
    0x0000, 0x0000, 0xFFFF, 0xFFFF, 0xFFFF, 0xFFFF, 0xFFFF, 0xFFFF, 0x0000, 0x0000, 0x0000, 0x0000, 0x0000, 0x0000, 0xFFFF, 0xFFFF,
    0xFFFF, 0xFFFF, 0xFFFF, 0xFFFF, 0x0000, 0x0000, 0x0000, 0x0000, 0x0000, 0x0000, 0xFFFF, 0xFFFF, 0xFFFF, 0xFFFF, 0xFFFF, 0xFFFF,
    0xFFFF, 0xFFFF, 0xFFFF, 0xFFFF, 0xFFFF, 0xFFFF, 0xFFFF, 0xFFFF, 0xFFFF, 0xFFFF, 0xFFFF, 0xFFFF, 0x0000, 0x0000, 0x0000, 0x0000,
    0x0000, 0x0000, 0xFFFF, 0xFFFF, 0xFFFF, 0xFFFF, 0xFFFF, 0xFFFF, 0xFFFF, 0xFFFF, 0xFFFF, 0xFFFF, 0xFFFF, 0xFFFF, 0x0000, 0x0000,
    0x0000, 0x0000, 0x0000, 0x0000, 0x0000, 0x0000, 0x0000, 0x0000, 0x0000, 0x0000, 0x0000, 0x0000, 0x0000, 0x0000, 0x0000, 0x0000,
    0x0000, 0x0000, 0x0000, 0x0000, 0x0000, 0x0000, 0xFFFF, 0xFFFF, 0xFFFF, 0xFFFF, 0xFFFF, 0xFFFF, 0x0000, 0x0000, 0x0000, 0x0000,
    0x0000, 0x0000, 0x0000, 0x0000, 0x0000, 0x0000, 0x0000, 0x0000, 0x0000, 0x0000, 0x0000, 0x0000, 0x0000, 0x0000, 0x0000, 0x0000,
    0x0000, 0x0000, 0x0000, 0x0000, 0x0000, 0x0000, 0x0000, 0x0000, 0x0000, 0x0000, 0xFFFF, 0xFFFF, 0xFFFF, 0xFFFF, 0xFFFF, 0xFFFF,
    0xFFFF, 0xFFFF, 0xFFFF, 0xFFFF, 0xFFFF, 0xFFFF, 0xFFFF, 0xFFFF, 0xFFFF, 0xFFFF, 0xFFFF, 0xFFFF, 0xFFFF, 0xFFFF, 0xFFFF, 0xFFFF,
    0xFFFF, 0xFFFF, 0xFFFF, 0xFFFF, 0xFFFF, 0xFFFF, 0xFFFF, 0xFFFF, 0xFFFF, 0x9D19, 0x4AB4, 0x4AB4, 0x4AB4, 0x4AB4, 0x4AB4, 0x5B77,
    0x951F, 0x953F, 0x953F, 0x953F, 0x953F, 0x8CFE, 0x5315, 0x4AB4, 0x4AB4, 0x4AB4, 0x4AB4, 0x4AB4, 0x4AB4, 0x4AB4, 0x4AB4, 0x4AB4,
    0x4AB4, 0x4AB4, 0x4AB4, 0x4AB4, 0x4AB4, 0x4AB4, 0x4AB4, 0x4AB4, 0x4AB4, 0x4AB4, 0x4AB4, 0x4AB4, 0x5315, 0x9D7E, 0xADFF, 0xADFF,
    0xADFF, 0xADFF, 0xADFF, 0xADFF, 0xADFF, 0xADFF, 0xADFF, 0xADFF, 0xADFF, 0x8CBB, 0x4AD4, 0x4AB4, 0x4AB4, 0x4AB4, 0x4AB4, 0x4AB4,
    0x4AB4, 0x4AB4, 0x4AB4, 0x4AB4, 0x4AB4, 0x4AB4, 0x4AB4, 0x4AB4, 0x4AB4, 0x4AB4, 0x4AB4, 0x4AB4, 0x4AB4, 0x4AB4, 0x9D39, 0xFFDF,
    0xFFFF, 0xFFFF, 0xFFFF, 0xFFFF, 0xFFFF, 0xFFFF, 0xFFFF, 0xFFFF, 0xFFFF, 0xFFFF, 0xFFFF, 0xFFFF, 0xFFFF, 0xFFFF, 0xFFFF, 0xFFFF,
    0xFFFF, 0xFFFF, 0xFFFF, 0xFFFF, 0xFFFF, 0xFFFF, 0xFFFF, 0xFFFF, 0xFFFF, 0xFFFF, 0xFFFF, 0xFFFF, 0xFFFF, 0xFFFF, 0xFFFF, 0xFFFF,
    0xFFFF, 0xFFFF, 0xFFFF, 0xFFFF, 0xFFFF, 0xFFFF, 0xFFFF, 0xFFFF, 0xFFFF, 0xFFFF, 0xFFFF, 0xFFFF, 0xFFFF, 0xFFFF, 0xFFFF, 0xFFFF,
    0xFFFF, 0xFFFF, 0xFFFF, 0xFFFF, 0xFFFF, 0xFFFF, 0xFFFF, 0xFFFF, 0xFFFF, 0xFFFF, 0xFFFF, 0xFFFF, 0xFFFF, 0xFFFF, 0xFFFF, 0xFFFF,
    0xFFFF, 0xFFFF, 0xFFFF, 0xFFFF, 0x0000, 0x0000, 0x0000, 0x0000, 0x0000, 0x0000, 0xFFFF, 0xFFFF, 0xFFFF, 0xFFFF, 0xFFFF, 0xFFFF,
    0x0000, 0x0000, 0x0000, 0x0000, 0x0000, 0x0000, 0x0000, 0x0000, 0x0000, 0x0000, 0x0000, 0x0000, 0x0000, 0x0000, 0x0000, 0x0000,
    0x0000, 0x0000, 0xFFFF, 0xFFFF, 0xFFFF, 0xFFFF, 0xFFFF, 0xFFFF, 0x0000, 0x0000, 0x0000, 0x0000, 0x0000, 0x0000, 0xFFFF, 0xFFFF,
    0xFFFF, 0xFFFF, 0xFFFF, 0xFFFF, 0x0000, 0x0000, 0x0000, 0x0000, 0x0000, 0x0000, 0xFFFF, 0xFFFF, 0xFFFF, 0xFFFF, 0xFFFF, 0xFFFF,
    0xFFFF, 0xFFFF, 0xFFFF, 0xFFFF, 0xFFFF, 0xFFFF, 0xFFFF, 0xFFFF, 0xFFFF, 0xFFFF, 0xFFFF, 0xFFFF, 0x0000, 0x0000, 0x0000, 0x0000,
    0x0000, 0x0000, 0xFFFF, 0xFFFF, 0xFFFF, 0xFFFF, 0xFFFF, 0xFFFF, 0xFFFF, 0xFFFF, 0xFFFF, 0xFFFF, 0xFFFF, 0xFFFF, 0x0000, 0x0000,
    0x0000, 0x0000, 0x0000, 0x0000, 0x0000, 0x0000, 0x0000, 0x0000, 0x0000, 0x0000, 0x0000, 0x0000, 0x0000, 0x0000, 0x0000, 0x0000,
    0x0000, 0x0000, 0x0000, 0x0000, 0x0000, 0x0000, 0xFFFF, 0xFFFF, 0xFFFF, 0xFFFF, 0xFFFF, 0xFFFF, 0x0000, 0x0000, 0x0000, 0x0000,
    0x0000, 0x0000, 0x0000, 0x0000, 0x0000, 0x0000, 0x0000, 0x0000, 0x0000, 0x0000, 0x0000, 0x0000, 0x0000, 0x0000, 0x0000, 0x0000,
    0x0000, 0x0000, 0x0000, 0x0000, 0x0000, 0x0000, 0x0000, 0x0000, 0x0000, 0x0000, 0xFFFF, 0xFFFF, 0xFFFF, 0xFFFF, 0xFFFF, 0xFFFF,
    0xFFFF, 0xFFFF, 0xFFFF, 0xFFFF, 0xFFFF, 0xFFFF, 0xFFFF, 0xFFFF, 0xFFFF, 0xFFFF, 0xFFFF, 0xFFFF, 0xFFFF, 0xFFFF, 0xFFFF, 0xFFFF,
    0xFFFF, 0xFFFF, 0xFFFF, 0xFFFF, 0xFFFF, 0xFFFF, 0xFFFF, 0xFFFF, 0xFFFF, 0x9D19, 0x4AB4, 0x4AB4, 0x4AB4, 0x4AB4, 0x4AB4, 0x5B77,
    0x951F, 0x953F, 0x953F, 0x8CDE, 0x6BD9, 0x6397, 0x4AD4, 0x4AB4, 0x4AB4, 0x4AB4, 0x4AB4, 0x4AB4, 0x4AB4, 0x4AB4, 0x4AB4, 0x4AB4,
    0x4AB4, 0x4AB4, 0x4AB4, 0x4AB4, 0x4AB4, 0x4AB4, 0x4AB4, 0x4AB4, 0x4AB4, 0x4AB4, 0x4AB4, 0x4AB4, 0x4AF4, 0x6BB7, 0x6BF8, 0x6BF8,
    0x6BF8, 0x6BF8, 0x6BF8, 0x6BF8, 0x6BF8, 0x6BF8, 0x6BF8, 0x6BF8, 0x6BF8, 0x6376, 0x4AD4, 0x4AB4, 0x4AB4, 0x4AB4, 0x4AB4, 0x4AB4,
    0x4AB4, 0x4AB4, 0x4AB4, 0x4AB4, 0x4AB4, 0x4AB4, 0x4AB4, 0x4AB4, 0x4AB4, 0x4AB4, 0x94D8, 0xBE1B, 0xBE1B, 0xBE1B, 0xDEFD, 0xFFFF,
    0xFFFF, 0xFFFF, 0xFFFF, 0xFFFF, 0xFFFF, 0xFFFF, 0xFFFF, 0xFFFF, 0xFFFF, 0xFFFF, 0xFFFF, 0xFFFF, 0xFFFF, 0xFFFF, 0xFFFF, 0xFFFF,
    0xFFFF, 0xFFFF, 0xFFFF, 0xFFFF, 0xFFFF, 0xFFFF, 0xFFFF, 0xFFFF, 0xFFFF, 0xFFFF, 0xFFFF, 0xFFFF, 0xFFFF, 0xFFFF, 0xFFFF, 0xFFFF,
    0xFFFF, 0xFFFF, 0xFFFF, 0xFFFF, 0xFFFF, 0xFFFF, 0xFFFF, 0xFFFF, 0xFFFF, 0xFFFF, 0xFFFF, 0xFFFF, 0xFFFF, 0xFFFF, 0xFFFF, 0xFFFF,
    0xFFFF, 0xFFFF, 0xFFFF, 0xFFFF, 0xFFFF, 0xFFFF, 0xFFFF, 0xFFFF, 0xFFFF, 0xFFFF, 0xFFFF, 0xFFFF, 0xFFFF, 0xFFFF, 0xFFFF, 0xFFFF,
    0xFFFF, 0xFFFF, 0xFFFF, 0xFFFF, 0x0000, 0x0000, 0x0000, 0x0000, 0x0000, 0x0000, 0xFFFF, 0xFFFF, 0xFFFF, 0xFFFF, 0xFFFF, 0xFFFF,
    0x0000, 0x0000, 0x0000, 0x0000, 0x0000, 0x0000, 0x0000, 0x0000, 0x0000, 0x0000, 0x0000, 0x0000, 0x0000, 0x0000, 0x0000, 0x0000,
    0x0000, 0x0000, 0xFFFF, 0xFFFF, 0xFFFF, 0xFFFF, 0xFFFF, 0xFFFF, 0x0000, 0x0000, 0x0000, 0x0000, 0x0000, 0x0000, 0xFFFF, 0xFFFF,
    0xFFFF, 0xFFFF, 0xFFFF, 0xFFFF, 0x0000, 0x0000, 0x0000, 0x0000, 0x0000, 0x0000, 0xFFFF, 0xFFFF, 0xFFFF, 0xFFFF, 0xFFFF, 0xFFFF,
    0xFFFF, 0xFFFF, 0xFFFF, 0xFFFF, 0xFFFF, 0xFFFF, 0xFFFF, 0xFFFF, 0xFFFF, 0xFFFF, 0xFFFF, 0xFFFF, 0x0000, 0x0000, 0x0000, 0x0000,
    0x0000, 0x0000, 0xFFFF, 0xFFFF, 0xFFFF, 0xFFFF, 0xFFFF, 0xFFFF, 0xFFFF, 0xFFFF, 0xFFFF, 0xFFFF, 0xFFFF, 0xFFFF, 0x0000, 0x0000,
    0x0000, 0x0000, 0x0000, 0x0000, 0x0000, 0x0000, 0x0000, 0x0000, 0x0000, 0x0000, 0x0000, 0x0000, 0x0000, 0x0000, 0x0000, 0x0000,
    0x0000, 0x0000, 0x0000, 0x0000, 0x0000, 0x0000, 0xFFFF, 0xFFFF, 0xFFFF, 0xFFFF, 0xFFFF, 0xFFFF, 0x0000, 0x0000, 0x0000, 0x0000,
    0x0000, 0x0000, 0x0000, 0x0000, 0x0000, 0x0000, 0x0000, 0x0000, 0x0000, 0x0000, 0x0000, 0x0000, 0x0000, 0x0000, 0x0000, 0x0000,
    0x0000, 0x0000, 0x0000, 0x0000, 0x0000, 0x0000, 0x0000, 0x0000, 0x0000, 0x0000, 0xFFFF, 0xFFFF, 0xFFFF, 0xFFFF, 0xFFFF, 0xFFFF,
    0xFFFF, 0xFFFF, 0xFFFF, 0xFFFF, 0xFFFF, 0xFFFF, 0xFFFF, 0xFFFF, 0xFFFF, 0xFFFF, 0xFFFF, 0xFFFF, 0xFFFF, 0xFFFF, 0xFFFF, 0xFFFF,
    0xFFFF, 0xFFFF, 0xFFFF, 0xFFFF, 0xFFFF, 0xFFFF, 0xFFFF, 0xFFFF, 0xFFFF, 0x9D19, 0x4AB4, 0x4AB4, 0x4AB4, 0x4AB4, 0x4AB4, 0x5B77,
    0x951F, 0x953F, 0x953F, 0x84BD, 0x5315, 0x4AB4, 0x4AB4, 0x4AB4, 0x4AB4, 0x4AB4, 0x4AB4, 0x4AB4, 0x4AB4, 0x4AB4, 0x4AB4, 0x4AB4,
    0x4AB4, 0x4AB4, 0x4AB4, 0x4AB4, 0x4AB4, 0x4AB4, 0x4AB4, 0x4AB4, 0x4AB4, 0x4AB4, 0x4AB4, 0x4AB4, 0x4AB4, 0x4AB4, 0x4AB4, 0x4AB4,
    0x4AB4, 0x4AB4, 0x4AB4, 0x4AB4, 0x4AB4, 0x4AB4, 0x4AB4, 0x4AB4, 0x4AB4, 0x4AB4, 0x4AB4, 0x4AB4, 0x4AB4, 0x4AB4, 0x4AB4, 0x4AB4,
    0x4AB4, 0x4AB4, 0x4AB4, 0x4AB4, 0x4AB4, 0x4AB4, 0x4AB4, 0x4AB4, 0x4AB4, 0x4AB4, 0xB5DB, 0xFFFF, 0xFFFF, 0xFFFF, 0xFFFF, 0xFFFF,
    0xFFFF, 0xFFFF, 0xFFFF, 0xFFFF, 0xFFFF, 0xFFFF, 0xFFFF, 0xFFFF, 0xFFFF, 0xFFFF, 0xFFFF, 0xFFFF, 0xFFFF, 0xFFFF, 0xFFFF, 0xFFFF,
    0xFFFF, 0xFFFF, 0xFFFF, 0xFFFF, 0xFFFF, 0xFFFF, 0xFFFF, 0xFFFF, 0xFFFF, 0xFFFF, 0xFFFF, 0xFFFF, 0xFFFF, 0xFFFF, 0xFFFF, 0xFFFF,
    0xFFFF, 0xFFFF, 0xFFFF, 0xFFFF, 0xFFFF, 0xFFFF, 0xFFFF, 0xFFFF, 0xFFFF, 0xFFFF, 0xFFFF, 0xFFFF, 0xFFFF, 0xFFFF, 0xFFFF, 0xFFFF,
    0xFFFF, 0xFFFF, 0xFFFF, 0xFFFF, 0xFFFF, 0xFFFF, 0xFFFF, 0xFFFF, 0xFFFF, 0xFFFF, 0xFFFF, 0xFFFF, 0xFFFF, 0xFFFF, 0xFFFF, 0xFFFF,
    0xFFFF, 0xFFFF, 0xFFFF, 0xFFFF, 0x0000, 0x0000, 0x0000, 0x0000, 0x0000, 0x0000, 0xFFFF, 0xFFFF, 0xFFFF, 0xFFFF, 0xFFFF, 0xFFFF,
    0x0000, 0x0000, 0x0000, 0x0000, 0x0000, 0x0000, 0x0000, 0x0000, 0x0000, 0x0000, 0x0000, 0x0000, 0x0000, 0x0000, 0x0000, 0x0000,
    0x0000, 0x0000, 0xFFFF, 0xFFFF, 0xFFFF, 0xFFFF, 0xFFFF, 0xFFFF, 0x0000, 0x0000, 0x0000, 0x0000, 0x0000, 0x0000, 0xFFFF, 0xFFFF,
    0xFFFF, 0xFFFF, 0xFFFF, 0xFFFF, 0x0000, 0x0000, 0x0000, 0x0000, 0x0000, 0x0000, 0xFFFF, 0xFFFF, 0xFFFF, 0xFFFF, 0xFFFF, 0xFFFF,
    0xFFFF, 0xFFFF, 0xFFFF, 0xFFFF, 0xFFFF, 0xFFFF, 0xFFFF, 0xFFFF, 0xFFFF, 0xFFFF, 0xFFFF, 0xFFFF, 0x0000, 0x0000, 0x0000, 0x0000,
    0x0000, 0x0000, 0xFFFF, 0xFFFF, 0xFFFF, 0xFFFF, 0xFFFF, 0xFFFF, 0xFFFF, 0xFFFF, 0xFFFF, 0xFFFF, 0xFFFF, 0xFFFF, 0x0000, 0x0000,
    0x0000, 0x0000, 0x0000, 0x0000, 0x0000, 0x0000, 0x0000, 0x0000, 0x0000, 0x0000, 0x0000, 0x0000, 0x0000, 0x0000, 0x0000, 0x0000,
    0x0000, 0x0000, 0x0000, 0x0000, 0x0000, 0x0000, 0xFFFF, 0xFFFF, 0xFFFF, 0xFFFF, 0xFFFF, 0xFFFF, 0x0000, 0x0000, 0x0000, 0x0000,
    0x0000, 0x0000, 0x0000, 0x0000, 0x0000, 0x0000, 0x0000, 0x0000, 0x0000, 0x0000, 0x0000, 0x0000, 0x0000, 0x0000, 0x0000, 0x0000,
    0x0000, 0x0000, 0x0000, 0x0000, 0x0000, 0x0000, 0x0000, 0x0000, 0x0000, 0x0000, 0xFFFF, 0xFFFF, 0xFFFF, 0xFFFF, 0xFFFF, 0xFFFF,
    0xFFFF, 0xFFFF, 0xFFFF, 0xFFFF, 0xFFFF, 0xFFFF, 0xFFFF, 0xFFFF, 0xFFFF, 0xFFFF, 0xFFFF, 0xFFFF, 0xFFFF, 0xFFFF, 0xFFFF, 0xFFFF,
    0xFFFF, 0xFFFF, 0xFFFF, 0xFFFF, 0xFFFF, 0xFFFF, 0xFFFF, 0xFFFF, 0xFFFF, 0x9D19, 0x4AB4, 0x4AB4, 0x4AB4, 0x4AB4, 0x4AB4, 0x5B77,
    0x951F, 0x8CDE, 0x741A, 0x6BB8, 0x4AF4, 0x4AB4, 0x4AB4, 0x4AB4, 0x4AB4, 0x4AB4, 0x4AB4, 0x4AB4, 0x4AB4, 0x4AB4, 0x4AB4, 0x4AB4,
    0x4AB4, 0x4AB4, 0x4AB4, 0x4AB4, 0x4AB4, 0x4AB4, 0x4AB4, 0x4AB4, 0x4AB4, 0x4AB4, 0x4AB4, 0x4AB4, 0x4AB4, 0x4AB4, 0x4AB4, 0x4AB4,
    0x4AB4, 0x4AB4, 0x4AB4, 0x4AB4, 0x4AB4, 0x4AB4, 0x4AB4, 0x4AB4, 0x4AB4, 0x4AB4, 0x4AB4, 0x4AB4, 0x4AB4, 0x4AB4, 0x4AB4, 0x4AB4,
    0x4AB4, 0x4AB4, 0x4AB4, 0x4AB4, 0x4AB4, 0x4AB4, 0x94D8, 0xA559, 0xA559, 0xA559, 0xDEFD, 0xFFFF, 0xFFFF, 0xFFFF, 0xFFFF, 0xFFFF,
    0xFFFF, 0xFFFF, 0xFFFF, 0xFFFF, 0xFFFF, 0xFFFF, 0xFFFF, 0xFFFF, 0xFFFF, 0xFFFF, 0xFFFF, 0xFFFF, 0xFFFF, 0xFFFF, 0xFFFF, 0xFFFF,
    0xFFFF, 0xFFFF, 0xFFFF, 0xFFFF, 0xFFFF, 0xFFFF, 0xFFFF, 0xFFFF, 0xFFFF, 0xFFFF, 0xFFFF, 0xFFFF, 0xFFFF, 0xFFFF, 0xFFFF, 0xFFFF,
    0xFFFF, 0xFFFF, 0xFFFF, 0xFFFF, 0xFFFF, 0xFFFF, 0xFFFF, 0xFFFF, 0xFFFF, 0xFFFF, 0xFFFF, 0xFFFF, 0xFFFF, 0xFFFF, 0xFFFF, 0xFFFF,
    0xFFFF, 0xFFFF, 0xFFFF, 0xFFFF, 0xFFFF, 0xFFFF, 0xFFFF, 0xFFFF, 0xFFFF, 0xFFFF, 0xFFFF, 0xFFFF, 0xFFFF, 0xFFFF, 0xFFFF, 0xFFFF,
    0xFFFF, 0xFFFF, 0xFFFF, 0xFFFF, 0x0000, 0x0000, 0x0000, 0x0000, 0x0000, 0x0000, 0xFFFF, 0xFFFF, 0xFFFF, 0xFFFF, 0xFFFF, 0xFFFF,
    0x0000, 0x0000, 0x0000, 0x0000, 0x0000, 0x0000, 0x0000, 0x0000, 0x0000, 0x0000, 0x0000, 0x0000, 0x0000, 0x0000, 0x0000, 0x0000,
    0x0000, 0x0000, 0xFFFF, 0xFFFF, 0xFFFF, 0xFFFF, 0xFFFF, 0xFFFF, 0x0000, 0x0000, 0x0000, 0x0000, 0x0000, 0x0000, 0xFFFF, 0xFFFF,
    0xFFFF, 0xFFFF, 0xFFFF, 0xFFFF, 0x0000, 0x0000, 0x0000, 0x0000, 0x0000, 0x0000, 0xFFFF, 0xFFFF, 0xFFFF, 0xFFFF, 0xFFFF, 0xFFFF,
    0x0000, 0x0000, 0x0000, 0x0000, 0x0000, 0x0000, 0x0000, 0x0000, 0x0000, 0x0000, 0x0000, 0x0000, 0xFFFF, 0xFFFF, 0xFFFF, 0xFFFF,
    0xFFFF, 0xFFFF, 0xFFFF, 0xFFFF, 0xFFFF, 0xFFFF, 0xFFFF, 0xFFFF, 0xFFFF, 0xFFFF, 0xFFFF, 0xFFFF, 0xFFFF, 0xFFFF, 0xFFFF, 0xFFFF,
    0xFFFF, 0xFFFF, 0xFFFF, 0xFFFF, 0x0000, 0x0000, 0x0000, 0x0000, 0x0000, 0x0000, 0xFFFF, 0xFFFF, 0xFFFF, 0xFFFF, 0xFFFF, 0xFFFF,
    0xFFFF, 0xFFFF, 0xFFFF, 0xFFFF, 0xFFFF, 0xFFFF, 0x0000, 0x0000, 0x0000, 0x0000, 0x0000, 0x0000, 0xFFFF, 0xFFFF, 0xFFFF, 0xFFFF,
    0xFFFF, 0xFFFF, 0x0000, 0x0000, 0x0000, 0x0000, 0x0000, 0x0000, 0x0000, 0x0000, 0x0000, 0x0000, 0x0000, 0x0000, 0xFFFF, 0xFFFF,
    0xFFFF, 0xFFFF, 0xFFFF, 0xFFFF, 0x0000, 0x0000, 0x0000, 0x0000, 0x0000, 0x0000, 0xFFFF, 0xFFFF, 0xFFFF, 0xFFFF, 0xFFFF, 0xFFFF,
    0xFFFF, 0xFFFF, 0xFFFF, 0xFFFF, 0xFFFF, 0xFFFF, 0xFFFF, 0xFFFF, 0xFFFF, 0xFFFF, 0xFFFF, 0xFFFF, 0xFFFF, 0xFFFF, 0xFFFF, 0xFFFF,
    0xFFFF, 0xFFFF, 0xFFFF, 0xFFFF, 0xFFFF, 0xFFFF, 0xFFFF, 0xFFFF, 0xFFFF, 0x9D19, 0x4AB4, 0x4AB4, 0x4AB4, 0x4AB4, 0x4AB4, 0x5B77,
    0x951F, 0x849C, 0x52F5, 0x4AB4, 0x4AB4, 0x4AB4, 0x4AB4, 0x4AB4, 0x4AB4, 0x4AB4, 0x4AB4, 0x4AB4, 0x4AB4, 0x4AB4, 0x4AB4, 0x4AB4,
    0x4AB4, 0x4AB4, 0x4AB4, 0x4AB4, 0x4AB4, 0x4AB4, 0x4AB4, 0x4AB4, 0x4AB4, 0x4AB4, 0x4AB4, 0x4AB4, 0x4AB4, 0x4AB4, 0x4AB4, 0x4AB4,
    0x4AB4, 0x4AB4, 0x4AB4, 0x4AB4, 0x4AB4, 0x4AB4, 0x4AB4, 0x4AB4, 0x4AB4, 0x4AB4, 0x4AB4, 0x4AB4, 0x4AB4, 0x4AB4, 0x4AB4, 0x4AB4,
    0x4AB4, 0x4AB4, 0x4AB4, 0x4AB4, 0x4AB4, 0x4AB4, 0xDEFD, 0xFFFF, 0xFFFF, 0xFFFF, 0xFFFF, 0xFFFF, 0xFFFF, 0xFFFF, 0xFFFF, 0xFFFF,
    0xFFFF, 0xFFFF, 0xFFFF, 0xFFFF, 0xFFFF, 0xFFFF, 0xFFFF, 0xFFFF, 0xFFFF, 0xFFFF, 0xFFFF, 0xFFFF, 0xFFFF, 0xFFFF, 0xFFFF, 0xFFFF,
    0xFFFF, 0xFFFF, 0xFFFF, 0xFFFF, 0xFFFF, 0xFFFF, 0xFFFF, 0xFFFF, 0xFFFF, 0xFFFF, 0xFFFF, 0xFFFF, 0xFFFF, 0xFFFF, 0xFFFF, 0xFFFF,
    0xFFFF, 0xFFFF, 0xFFFF, 0xFFFF, 0xFFFF, 0xFFFF, 0xFFFF, 0xFFFF, 0xFFFF, 0xFFFF, 0xFFFF, 0xFFFF, 0xFFFF, 0xFFFF, 0xFFFF, 0xFFFF,
    0xFFFF, 0xFFFF, 0xFFFF, 0xFFFF, 0xFFFF, 0xFFFF, 0xFFFF, 0xFFFF, 0xFFFF, 0xFFFF, 0xFFFF, 0xFFFF, 0xFFFF, 0xFFFF, 0xFFFF, 0xFFFF,
    0xFFFF, 0xFFFF, 0xFFFF, 0xFFFF, 0x0000, 0x0000, 0x0000, 0x0000, 0x0000, 0x0000, 0xFFFF, 0xFFFF, 0xFFFF, 0xFFFF, 0xFFFF, 0xFFFF,
    0x0000, 0x0000, 0x0000, 0x0000, 0x0000, 0x0000, 0x0000, 0x0000, 0x0000, 0x0000, 0x0000, 0x0000, 0x0000, 0x0000, 0x0000, 0x0000,
    0x0000, 0x0000, 0xFFFF, 0xFFFF, 0xFFFF, 0xFFFF, 0xFFFF, 0xFFFF, 0x0000, 0x0000, 0x0000, 0x0000, 0x0000, 0x0000, 0xFFFF, 0xFFFF,
    0xFFFF, 0xFFFF, 0xFFFF, 0xFFFF, 0x0000, 0x0000, 0x0000, 0x0000, 0x0000, 0x0000, 0xFFFF, 0xFFFF, 0xFFFF, 0xFFFF, 0xFFFF, 0xFFFF,
    0x0000, 0x0000, 0x0000, 0x0000, 0x0000, 0x0000, 0x0000, 0x0000, 0x0000, 0x0000, 0x0000, 0x0000, 0xFFFF, 0xFFFF, 0xFFFF, 0xFFFF,
    0xFFFF, 0xFFFF, 0xFFFF, 0xFFFF, 0xFFFF, 0xFFFF, 0xFFFF, 0xFFFF, 0xFFFF, 0xFFFF, 0xFFFF, 0xFFFF, 0xFFFF, 0xFFFF, 0xFFFF, 0xFFFF,
    0xFFFF, 0xFFFF, 0xFFFF, 0xFFFF, 0x0000, 0x0000, 0x0000, 0x0000, 0x0000, 0x0000, 0xFFFF, 0xFFFF, 0xFFFF, 0xFFFF, 0xFFFF, 0xFFFF,
    0xFFFF, 0xFFFF, 0xFFFF, 0xFFFF, 0xFFFF, 0xFFFF, 0x0000, 0x0000, 0x0000, 0x0000, 0x0000, 0x0000, 0xFFFF, 0xFFFF, 0xFFFF, 0xFFFF,
    0xFFFF, 0xFFFF, 0x0000, 0x0000, 0x0000, 0x0000, 0x0000, 0x0000, 0x0000, 0x0000, 0x0000, 0x0000, 0x0000, 0x0000, 0xFFFF, 0xFFFF,
    0xFFFF, 0xFFFF, 0xFFFF, 0xFFFF, 0x0000, 0x0000, 0x0000, 0x0000, 0x0000, 0x0000, 0xFFFF, 0xFFFF, 0xFFFF, 0xFFFF, 0xFFFF, 0xFFFF,
    0xFFFF, 0xFFFF, 0xFFFF, 0xFFFF, 0xFFFF, 0xFFFF, 0xFFFF, 0xFFFF, 0xFFFF, 0xFFFF, 0xFFFF, 0xFFFF, 0xFFFF, 0xFFFF, 0xFFFF, 0xFFFF,
    0xFFFF, 0xFFFF, 0xFFFF, 0xFFFF, 0xFFFF, 0xFFFF, 0xFFFF, 0xFFFF, 0xFFFF, 0x9D19, 0x4AB4, 0x4AB4, 0x4AB4, 0x4AB4, 0x4AB4, 0x5315,
    0x6BF9, 0x63B8, 0x4AD4, 0x4AB4, 0x4AB4, 0x4AB4, 0x4AB4, 0x4AB4, 0x4AB4, 0x4AB4, 0x94D8, 0xA559, 0x6395, 0x4AB4, 0x4AB4, 0x4AB4,
    0x4AB4, 0x4AB4, 0x4AB4, 0x4AB4, 0x4AB4, 0x4AB4, 0x4AB4, 0x4AB4, 0x4AB4, 0x4AB4, 0x5B35, 0x9D19, 0xA559, 0xA559, 0xA559, 0xA559,
    0xA559, 0xA559, 0xA559, 0x6395, 0x4AB4, 0x4AB4, 0x4AB4, 0x4AB4, 0x4AB4, 0x4AB4, 0x4AB4, 0x6BB6, 0x9D39, 0xA559, 0xA559, 0xA559,
    0xA559, 0xA559, 0xA559, 0xA559, 0xA559, 0xA559, 0xEF7E, 0xFFFF, 0xFFFF, 0xFFFF, 0xFFFF, 0xFFFF, 0xFFFF, 0xFFFF, 0xFFFF, 0xFFFF,
    0xFFFF, 0xFFFF, 0xFFFF, 0xFFFF, 0xFFFF, 0xFFFF, 0xFFFF, 0xFFFF, 0xFFFF, 0xFFFF, 0xFFFF, 0xFFFF, 0xFFFF, 0xFFFF, 0xFFFF, 0xFFFF,
    0xFFFF, 0xFFFF, 0xFFFF, 0xFFFF, 0xFFFF, 0xFFFF, 0xFFFF, 0xFFFF, 0xFFFF, 0xFFFF, 0xFFFF, 0xFFFF, 0xFFFF, 0xFFFF, 0xFFFF, 0xFFFF,
    0xFFFF, 0xFFFF, 0xFFFF, 0xFFFF, 0xFFFF, 0xFFFF, 0xFFFF, 0xFFFF, 0xFFFF, 0xFFFF, 0xFFFF, 0xFFFF, 0xFFFF, 0xFFFF, 0xFFFF, 0xFFFF,
    0xFFFF, 0xFFFF, 0xFFFF, 0xFFFF, 0xFFFF, 0xFFFF, 0xFFFF, 0xFFFF, 0xFFFF, 0xFFFF, 0xFFFF, 0xFFFF, 0xFFFF, 0xFFFF, 0xFFFF, 0xFFFF,
    0xFFFF, 0xFFFF, 0xFFFF, 0xFFFF, 0x0000, 0x0000, 0x0000, 0x0000, 0x0000, 0x0000, 0xFFFF, 0xFFFF, 0xFFFF, 0xFFFF, 0xFFFF, 0xFFFF,
    0x0000, 0x0000, 0x0000, 0x0000, 0x0000, 0x0000, 0x0000, 0x0000, 0x0000, 0x0000, 0x0000, 0x0000, 0x0000, 0x0000, 0x0000, 0x0000,
    0x0000, 0x0000, 0xFFFF, 0xFFFF, 0xFFFF, 0xFFFF, 0xFFFF, 0xFFFF, 0x0000, 0x0000, 0x0000, 0x0000, 0x0000, 0x0000, 0xFFFF, 0xFFFF,
    0xFFFF, 0xFFFF, 0xFFFF, 0xFFFF, 0x0000, 0x0000, 0x0000, 0x0000, 0x0000, 0x0000, 0xFFFF, 0xFFFF, 0xFFFF, 0xFFFF, 0xFFFF, 0xFFFF,
    0x0000, 0x0000, 0x0000, 0x0000, 0x0000, 0x0000, 0x0000, 0x0000, 0x0000, 0x0000, 0x0000, 0x0000, 0xFFFF, 0xFFFF, 0xFFFF, 0xFFFF,
    0xFFFF, 0xFFFF, 0xFFFF, 0xFFFF, 0xFFFF, 0xFFFF, 0xFFFF, 0xFFFF, 0xFFFF, 0xFFFF, 0xFFFF, 0xFFFF, 0xFFFF, 0xFFFF, 0xFFFF, 0xFFFF,
    0xFFFF, 0xFFFF, 0xFFFF, 0xFFFF, 0x0000, 0x0000, 0x0000, 0x0000, 0x0000, 0x0000, 0xFFFF, 0xFFFF, 0xFFFF, 0xFFFF, 0xFFFF, 0xFFFF,
    0xFFFF, 0xFFFF, 0xFFFF, 0xFFFF, 0xFFFF, 0xFFFF, 0x0000, 0x0000, 0x0000, 0x0000, 0x0000, 0x0000, 0xFFFF, 0xFFFF, 0xFFFF, 0xFFFF,
    0xFFFF, 0xFFFF, 0x0000, 0x0000, 0x0000, 0x0000, 0x0000, 0x0000, 0x0000, 0x0000, 0x0000, 0x0000, 0x0000, 0x0000, 0xFFFF, 0xFFFF,
    0xFFFF, 0xFFFF, 0xFFFF, 0xFFFF, 0x0000, 0x0000, 0x0000, 0x0000, 0x0000, 0x0000, 0xFFFF, 0xFFFF, 0xFFFF, 0xFFFF, 0xFFFF, 0xFFFF,
    0xFFFF, 0xFFFF, 0xFFFF, 0xFFFF, 0xFFFF, 0xFFFF, 0xFFFF, 0xFFFF, 0xFFFF, 0xFFFF, 0xFFFF, 0xFFFF, 0xFFFF, 0xFFFF, 0xFFFF, 0xFFFF,
    0xFFFF, 0xFFFF, 0xFFFF, 0xFFFF, 0xFFFF, 0xFFFF, 0xFFFF, 0xFFFF, 0xFFFF, 0x9D19, 0x4AB4, 0x4AB4, 0x4AB4, 0x4AB4, 0x4AB4, 0x4AB4,
    0x4AB4, 0x4AB4, 0x4AB4, 0x4AB4, 0x4AB4, 0x4AB4, 0x4AB4, 0x4AB4, 0x4AB4, 0x4AB4, 0xDEFD, 0xFFFF, 0x8457, 0x4AB4, 0x4AB4, 0x4AB4,
    0x4AB4, 0x4AB4, 0x4AB4, 0x4AB4, 0x4AB4, 0x4AB4, 0x4AB4, 0x4AB4, 0x4AB4, 0x4AB4, 0x6BB6, 0xEF5E, 0xFFFF, 0xFFFF, 0xFFFF, 0xFFFF,
    0xFFFF, 0xFFFF, 0xFFFF, 0x8457, 0x4AB4, 0x4AB4, 0x4AB4, 0x4AB4, 0x4AB4, 0x4AB4, 0x4AB4, 0x8CB8, 0xF7BF, 0xFFFF, 0xFFFF, 0xFFFF,
    0xFFFF, 0xFFFF, 0xFFFF, 0xFFFF, 0xFFFF, 0xFFFF, 0xFFFF, 0xFFFF, 0xFFFF, 0xFFFF, 0xFFFF, 0xFFFF, 0xFFFF, 0xFFFF, 0xFFFF, 0xFFFF,
    0xFFFF, 0xFFFF, 0xFFFF, 0xFFFF, 0xFFFF, 0xFFFF, 0xFFFF, 0xFFFF, 0xFFFF, 0xFFFF, 0xFFFF, 0xFFFF, 0xFFFF, 0xFFFF, 0xFFFF, 0xFFFF,
    0xFFFF, 0xFFFF, 0xFFFF, 0xFFFF, 0xFFFF, 0xFFFF, 0xFFFF, 0xFFFF, 0xFFFF, 0xFFFF, 0xFFFF, 0xFFFF, 0xFFFF, 0xFFFF, 0xFFFF, 0xFFFF,
    0xFFFF, 0xFFFF, 0xFFFF, 0xFFFF, 0xFFFF, 0xFFFF, 0xFFFF, 0xFFFF, 0xFFFF, 0xFFFF, 0xFFFF, 0xFFFF, 0xFFFF, 0xFFFF, 0xFFFF, 0xFFFF,
    0xFFFF, 0xFFFF, 0xFFFF, 0xFFFF, 0xFFFF, 0xFFFF, 0xFFFF, 0xFFFF, 0xFFFF, 0xFFFF, 0xFFFF, 0xFFFF, 0xFFFF, 0xFFFF, 0xFFFF, 0xFFFF,
    0xFFFF, 0xFFFF, 0xFFFF, 0xFFFF, 0x0000, 0x0000, 0x0000, 0x0000, 0x0000, 0x0000, 0xFFFF, 0xFFFF, 0xFFFF, 0xFFFF, 0xFFFF, 0xFFFF,
    0x0000, 0x0000, 0x0000, 0x0000, 0x0000, 0x0000, 0x0000, 0x0000, 0x0000, 0x0000, 0x0000, 0x0000, 0x0000, 0x0000, 0x0000, 0x0000,
    0x0000, 0x0000, 0xFFFF, 0xFFFF, 0xFFFF, 0xFFFF, 0xFFFF, 0xFFFF, 0x0000, 0x0000, 0x0000, 0x0000, 0x0000, 0x0000, 0xFFFF, 0xFFFF,
    0xFFFF, 0xFFFF, 0xFFFF, 0xFFFF, 0x0000, 0x0000, 0x0000, 0x0000, 0x0000, 0x0000, 0xFFFF, 0xFFFF, 0xFFFF, 0xFFFF, 0xFFFF, 0xFFFF,
    0x0000, 0x0000, 0x0000, 0x0000, 0x0000, 0x0000, 0x0000, 0x0000, 0x0000, 0x0000, 0x0000, 0x0000, 0xFFFF, 0xFFFF, 0xFFFF, 0xFFFF,
    0xFFFF, 0xFFFF, 0xFFFF, 0xFFFF, 0xFFFF, 0xFFFF, 0xFFFF, 0xFFFF, 0xFFFF, 0xFFFF, 0xFFFF, 0xFFFF, 0xFFFF, 0xFFFF, 0xFFFF, 0xFFFF,
    0xFFFF, 0xFFFF, 0xFFFF, 0xFFFF, 0x0000, 0x0000, 0x0000, 0x0000, 0x0000, 0x0000, 0xFFFF, 0xFFFF, 0xFFFF, 0xFFFF, 0xFFFF, 0xFFFF,
    0xFFFF, 0xFFFF, 0xFFFF, 0xFFFF, 0xFFFF, 0xFFFF, 0x0000, 0x0000, 0x0000, 0x0000, 0x0000, 0x0000, 0xFFFF, 0xFFFF, 0xFFFF, 0xFFFF,
    0xFFFF, 0xFFFF, 0x0000, 0x0000, 0x0000, 0x0000, 0x0000, 0x0000, 0x0000, 0x0000, 0x0000, 0x0000, 0x0000, 0x0000, 0xFFFF, 0xFFFF,
    0xFFFF, 0xFFFF, 0xFFFF, 0xFFFF, 0x0000, 0x0000, 0x0000, 0x0000, 0x0000, 0x0000, 0xFFFF, 0xFFFF, 0xFFFF, 0xFFFF, 0xFFFF, 0xFFFF,
    0xFFFF, 0xFFFF, 0xFFFF, 0xFFFF, 0xFFFF, 0xFFFF, 0xFFFF, 0xFFFF, 0xFFFF, 0xFFFF, 0xFFFF, 0xFFFF, 0xFFFF, 0xFFFF, 0xFFFF, 0xFFFF,
    0xFFFF, 0xFFFF, 0xFFFF, 0xFFFF, 0xFFFF, 0xFFFF, 0xFFFF, 0xFFFF, 0xFFFF, 0x9D19, 0x4AB4, 0x4AB4, 0x4AB4, 0x4AB4, 0x4AB4, 0x4AB4,
    0x4AB4, 0x4AB4, 0x4AB4, 0x4AB4, 0x4AB4, 0x52F4, 0x8477, 0x8CB8, 0x8CB8, 0x8CB8, 0xEF5E, 0xFFFF, 0xADBA, 0x8CB8, 0x8CB8, 0x8CB8,
    0x6BB6, 0x4AB4, 0x4AB4, 0x4AB4, 0x4AB4, 0x4AB4, 0x4AB4, 0x4AB4, 0x4AB4, 0x4AB4, 0x6BB6, 0xEF5E, 0xFFFF, 0xFFFF, 0xFFFF, 0xFFFF,
    0xFFFF, 0xFFFF, 0xFFFF, 0xADBA, 0x8CB8, 0x8CB8, 0x8CB8, 0x8CB8, 0x8CB8, 0x8CB8, 0x8CB8, 0xBDFB, 0xF7BF, 0xFFFF, 0xFFFF, 0xFFFF,
    0xFFFF, 0xFFFF, 0xFFFF, 0xFFFF, 0xFFFF, 0xFFFF, 0xFFFF, 0xFFFF, 0xFFFF, 0xFFFF, 0xFFFF, 0xFFFF, 0xFFFF, 0xFFFF, 0xFFFF, 0xFFFF,
    0xFFFF, 0xFFFF, 0xFFFF, 0xFFFF, 0xFFFF, 0xFFFF, 0xFFFF, 0xFFFF, 0xFFFF, 0xFFFF, 0xFFFF, 0xFFFF, 0xFFFF, 0xFFFF, 0xFFFF, 0xFFFF,
    0xFFFF, 0xFFFF, 0xFFFF, 0xFFFF, 0xFFFF, 0xFFFF, 0xFFFF, 0xFFFF, 0xFFFF, 0xFFFF, 0xFFFF, 0xFFFF, 0xFFFF, 0xFFFF, 0xFFFF, 0xFFFF,
    0xFFFF, 0xFFFF, 0xFFFF, 0xFFFF, 0xFFFF, 0xFFFF, 0xFFFF, 0xFFFF, 0xFFFF, 0xFFFF, 0xFFFF, 0xFFFF, 0xFFFF, 0xFFFF, 0xFFFF, 0xFFFF,
    0xFFFF, 0xFFFF, 0xFFFF, 0xFFFF, 0xFFFF, 0xFFFF, 0xFFFF, 0xFFFF, 0xFFFF, 0xFFFF, 0xFFFF, 0xFFFF, 0xFFFF, 0xFFFF, 0xFFFF, 0xFFFF,
    0xFFFF, 0xFFFF, 0xFFFF, 0xFFFF, 0x0000, 0x0000, 0x0000, 0x0000, 0x0000, 0x0000, 0xFFFF, 0xFFFF, 0xFFFF, 0xFFFF, 0xFFFF, 0xFFFF,
    0x0000, 0x0000, 0x0000, 0x0000, 0x0000, 0x0000, 0x0000, 0x0000, 0x0000, 0x0000, 0x0000, 0x0000, 0x0000, 0x0000, 0x0000, 0x0000,
    0x0000, 0x0000, 0xFFFF, 0xFFFF, 0xFFFF, 0xFFFF, 0xFFFF, 0xFFFF, 0x0000, 0x0000, 0x0000, 0x0000, 0x0000, 0x0000, 0xFFFF, 0xFFFF,
    0xFFFF, 0xFFFF, 0xFFFF, 0xFFFF, 0x0000, 0x0000, 0x0000, 0x0000, 0x0000, 0x0000, 0xFFFF, 0xFFFF, 0xFFFF, 0xFFFF, 0xFFFF, 0xFFFF,
    0x0000, 0x0000, 0x0000, 0x0000, 0x0000, 0x0000, 0x0000, 0x0000, 0x0000, 0x0000, 0x0000, 0x0000, 0xFFFF, 0xFFFF, 0xFFFF, 0xFFFF,
    0xFFFF, 0xFFFF, 0xFFFF, 0xFFFF, 0xFFFF, 0xFFFF, 0xFFFF, 0xFFFF, 0xFFFF, 0xFFFF, 0xFFFF, 0xFFFF, 0xFFFF, 0xFFFF, 0xFFFF, 0xFFFF,
    0xFFFF, 0xFFFF, 0xFFFF, 0xFFFF, 0x0000, 0x0000, 0x0000, 0x0000, 0x0000, 0x0000, 0xFFFF, 0xFFFF, 0xFFFF, 0xFFFF, 0xFFFF, 0xFFFF,
    0xFFFF, 0xFFFF, 0xFFFF, 0xFFFF, 0xFFFF, 0xFFFF, 0x0000, 0x0000, 0x0000, 0x0000, 0x0000, 0x0000, 0xFFFF, 0xFFFF, 0xFFFF, 0xFFFF,
    0xFFFF, 0xFFFF, 0x0000, 0x0000, 0x0000, 0x0000, 0x0000, 0x0000, 0x0000, 0x0000, 0x0000, 0x0000, 0x0000, 0x0000, 0xFFFF, 0xFFFF,
    0xFFFF, 0xFFFF, 0xFFFF, 0xFFFF, 0x0000, 0x0000, 0x0000, 0x0000, 0x0000, 0x0000, 0xFFFF, 0xFFFF, 0xFFFF, 0xFFFF, 0xFFFF, 0xFFFF,
    0xFFFF, 0xFFFF, 0xFFFF, 0xFFFF, 0xFFFF, 0xFFFF, 0xFFFF, 0xFFFF, 0xFFFF, 0xFFFF, 0xFFFF, 0xFFFF, 0xFFFF, 0xFFFF, 0xFFFF, 0xFFFF,
    0xFFFF, 0xFFFF, 0xFFFF, 0xFFFF, 0xFFFF, 0xFFFF, 0xFFFF, 0xFFFF, 0xFFFF, 0x9D19, 0x4AB4, 0x4AB4, 0x4AB4, 0x4AB4, 0x4AB4, 0x4AB4,
    0x4AB4, 0x4AB4, 0x4AB4, 0x4AB4, 0x4AB4, 0x5B35, 0xEF5E, 0xFFFF, 0xFFFF, 0xFFFF, 0xFFFF, 0xFFFF, 0xFFFF, 0xFFFF, 0xFFFF, 0xFFFF,
    0xAD9A, 0x4AB4, 0x4AB4, 0x4AB4, 0x4AB4, 0x4AB4, 0x4AB4, 0x4AB4, 0x4AB4, 0x4AB4, 0x6BB6, 0xEF5E, 0xFFFF, 0xFFFF, 0xFFFF, 0xFFFF,
    0xFFFF, 0xFFFF, 0xFFFF, 0xFFFF, 0xFFFF, 0xFFFF, 0xFFFF, 0xFFFF, 0xFFFF, 0xFFFF, 0xFFFF, 0xFFFF, 0xFFFF, 0xFFFF, 0xFFFF, 0xFFFF,
    0xFFFF, 0xFFFF, 0xFFFF, 0xFFFF, 0xFFFF, 0xFFFF, 0xFFFF, 0xFFFF, 0xFFFF, 0xFFFF, 0xFFFF, 0xFFFF, 0xFFFF, 0xFFFF, 0xFFFF, 0xFFFF,
    0xFFFF, 0xFFFF, 0xFFFF, 0xFFFF, 0xFFFF, 0xFFFF, 0xFFFF, 0xFFFF, 0xFFFF, 0xFFFF, 0xFFFF, 0xFFFF, 0xFFFF, 0xFFFF, 0xFFFF, 0xFFFF,
    0xFFFF, 0xFFFF, 0xFFFF, 0xFFFF, 0xFFFF, 0xFFFF, 0xFFFF, 0xFFFF, 0xFFFF, 0xFFFF, 0xFFFF, 0xFFFF, 0xFFFF, 0xFFFF, 0xFFFF, 0xFFFF,
    0xFFFF, 0xFFFF, 0xFFFF, 0xFFFF, 0xFFFF, 0xFFFF, 0xFFFF, 0xFFFF, 0xFFFF, 0xFFFF, 0xFFFF, 0xFFFF, 0xFFFF, 0xFFFF, 0xFFFF, 0xFFFF,
    0xFFFF, 0xFFFF, 0xFFFF, 0xFFFF, 0xFFFF, 0xFFFF, 0xFFFF, 0xFFFF, 0xFFFF, 0xFFFF, 0xFFFF, 0xFFFF, 0xFFFF, 0xFFFF, 0xFFFF, 0xFFFF,
    0xFFFF, 0xFFFF, 0xFFFF, 0xFFFF, 0x0000, 0x0000, 0x0000, 0x0000, 0x0000, 0x0000, 0xFFFF, 0xFFFF, 0xFFFF, 0xFFFF, 0xFFFF, 0xFFFF,
    0x0000, 0x0000, 0x0000, 0x0000, 0x0000, 0x0000, 0x0000, 0x0000, 0x0000, 0x0000, 0x0000, 0x0000, 0x0000, 0x0000, 0x0000, 0x0000,
    0x0000, 0x0000, 0xFFFF, 0xFFFF, 0xFFFF, 0xFFFF, 0xFFFF, 0xFFFF, 0x0000, 0x0000, 0x0000, 0x0000, 0x0000, 0x0000, 0xFFFF, 0xFFFF,
    0xFFFF, 0xFFFF, 0xFFFF, 0xFFFF, 0x0000, 0x0000, 0x0000, 0x0000, 0x0000, 0x0000, 0xFFFF, 0xFFFF, 0xFFFF, 0xFFFF, 0xFFFF, 0xFFFF,
    0x0000, 0x0000, 0x0000, 0x0000, 0x0000, 0x0000, 0x0000, 0x0000, 0x0000, 0x0000, 0x0000, 0x0000, 0xFFFF, 0xFFFF, 0xFFFF, 0xFFFF,
    0xFFFF, 0xFFFF, 0xFFFF, 0xFFFF, 0xFFFF, 0xFFFF, 0xFFFF, 0xFFFF, 0xFFFF, 0xFFFF, 0xFFFF, 0xFFFF, 0xFFFF, 0xFFFF, 0xFFFF, 0xFFFF,
    0xFFFF, 0xFFFF, 0xFFFF, 0xFFFF, 0x0000, 0x0000, 0x0000, 0x0000, 0x0000, 0x0000, 0xFFFF, 0xFFFF, 0xFFFF, 0xFFFF, 0xFFFF, 0xFFFF,
    0xFFFF, 0xFFFF, 0xFFFF, 0xFFFF, 0xFFFF, 0xFFFF, 0x0000, 0x0000, 0x0000, 0x0000, 0x0000, 0x0000, 0xFFFF, 0xFFFF, 0xFFFF, 0xFFFF,
    0xFFFF, 0xFFFF, 0x0000, 0x0000, 0x0000, 0x0000, 0x0000, 0x0000, 0x0000, 0x0000, 0x0000, 0x0000, 0x0000, 0x0000, 0xFFFF, 0xFFFF,
    0xFFFF, 0xFFFF, 0xFFFF, 0xFFFF, 0x0000, 0x0000, 0x0000, 0x0000, 0x0000, 0x0000, 0xFFFF, 0xFFFF, 0xFFFF, 0xFFFF, 0xFFFF, 0xFFFF,
    0xFFFF, 0xFFFF, 0xFFFF, 0xFFFF, 0xFFFF, 0xFFFF, 0xFFFF, 0xFFFF, 0xFFFF, 0xFFFF, 0xFFFF, 0xFFFF, 0xFFFF, 0xFFFF, 0xFFFF, 0xFFFF,
    0xFFFF, 0xFFFF, 0xFFFF, 0xFFFF, 0xFFFF, 0xFFFF, 0xFFFF, 0xFFFF, 0xFFFF, 0xB5DA, 0x7416, 0x6395, 0x4AD4, 0x4AB4, 0x4AB4, 0x4AB4,
    0x4AB4, 0x4AB4, 0x4AB4, 0x4AB4, 0x4AB4, 0x5B35, 0xEF5E, 0xFFFF, 0xFFFF, 0xFFFF, 0xFFFF, 0xFFFF, 0xFFFF, 0xFFFF, 0xFFFF, 0xFFFF,
    0xBDFB, 0x7416, 0x7416, 0x7416, 0x7416, 0x7416, 0x7416, 0x7416, 0x7416, 0x7416, 0x8CD8, 0xEF7E, 0xFFFF, 0xFFFF, 0xFFFF, 0xFFFF,
    0xFFFF, 0xFFFF, 0xFFFF, 0xFFFF, 0xFFFF, 0xFFFF, 0xFFFF, 0xFFFF, 0xFFFF, 0xFFFF, 0xFFFF, 0xFFFF, 0xFFFF, 0xFFFF, 0xFFFF, 0xFFFF,
    0xFFFF, 0xFFFF, 0xFFFF, 0xFFFF, 0xFFFF, 0xFFFF, 0xFFFF, 0xFFFF, 0xFFFF, 0xFFFF, 0xFFFF, 0xFFFF, 0xFFFF, 0xFFFF, 0xFFFF, 0xFFFF,
    0xFFFF, 0xFFFF, 0xFFFF, 0xFFFF, 0xFFFF, 0xFFFF, 0xFFFF, 0xFFFF, 0xFFFF, 0xFFFF, 0xFFFF, 0xFFFF, 0xFFFF, 0xFFFF, 0xFFFF, 0xFFFF,
    0xFFFF, 0xFFFF, 0xFFFF, 0xFFFF, 0xFFFF, 0xFFFF, 0xFFFF, 0xFFFF, 0xFFFF, 0xFFFF, 0xFFFF, 0xFFFF, 0xFFFF, 0xFFFF, 0xFFFF, 0xFFFF,
    0xFFFF, 0xFFFF, 0xFFFF, 0xFFFF, 0xFFFF, 0xFFFF, 0xFFFF, 0xFFFF, 0xFFFF, 0xFFFF, 0xFFFF, 0xFFFF, 0xFFFF, 0xFFFF, 0xFFFF, 0xFFFF,
    0xFFFF, 0xFFFF, 0xFFFF, 0xFFFF, 0xFFFF, 0xFFFF, 0xFFFF, 0xFFFF, 0xFFFF, 0xFFFF, 0xFFFF, 0xFFFF, 0xFFFF, 0xFFFF, 0xFFFF, 0xFFFF,
    0xFFFF, 0xFFFF, 0xFFFF, 0xFFFF, 0x0000, 0x0000, 0x0000, 0x0000, 0x0000, 0x0000, 0xFFFF, 0xFFFF, 0xFFFF, 0xFFFF, 0xFFFF, 0xFFFF,
    0xFFFF, 0xFFFF, 0xFFFF, 0xFFFF, 0xFFFF, 0xFFFF, 0xFFFF, 0xFFFF, 0xFFFF, 0xFFFF, 0xFFFF, 0xFFFF, 0xFFFF, 0xFFFF, 0xFFFF, 0xFFFF,
    0xFFFF, 0xFFFF, 0xFFFF, 0xFFFF, 0xFFFF, 0xFFFF, 0xFFFF, 0xFFFF, 0x0000, 0x0000, 0x0000, 0x0000, 0x0000, 0x0000, 0xFFFF, 0xFFFF,
    0xFFFF, 0xFFFF, 0xFFFF, 0xFFFF, 0x0000, 0x0000, 0x0000, 0x0000, 0x0000, 0x0000, 0x0000, 0x0000, 0x0000, 0x0000, 0x0000, 0x0000,
    0x0000, 0x0000, 0x0000, 0x0000, 0x0000, 0x0000, 0xFFFF, 0xFFFF, 0xFFFF, 0xFFFF, 0xFFFF, 0xFFFF, 0x0000, 0x0000, 0x0000, 0x0000,
    0x0000, 0x0000, 0x0000, 0x0000, 0x0000, 0x0000, 0x0000, 0x0000, 0xFFFF, 0xFFFF, 0xFFFF, 0xFFFF, 0xFFFF, 0xFFFF, 0x0000, 0x0000,
    0x0000, 0x0000, 0x0000, 0x0000, 0x0000, 0x0000, 0x0000, 0x0000, 0x0000, 0x0000, 0x0000, 0x0000, 0x0000, 0x0000, 0x0000, 0x0000,
    0xFFFF, 0xFFFF, 0xFFFF, 0xFFFF, 0xFFFF, 0xFFFF, 0xFFFF, 0xFFFF, 0xFFFF, 0xFFFF, 0xFFFF, 0xFFFF, 0xFFFF, 0xFFFF, 0xFFFF, 0xFFFF,
    0xFFFF, 0xFFFF, 0xFFFF, 0xFFFF, 0xFFFF, 0xFFFF, 0xFFFF, 0xFFFF, 0xFFFF, 0xFFFF, 0xFFFF, 0xFFFF, 0xFFFF, 0xFFFF, 0xFFFF, 0xFFFF,
    0xFFFF, 0xFFFF, 0xFFFF, 0xFFFF, 0x0000, 0x0000, 0x0000, 0x0000, 0x0000, 0x0000, 0xFFFF, 0xFFFF, 0xFFFF, 0xFFFF, 0xFFFF, 0xFFFF,
    0xFFFF, 0xFFFF, 0xFFFF, 0xFFFF, 0xFFFF, 0xFFFF, 0xFFFF, 0xFFFF, 0xFFFF, 0xFFFF, 0xFFFF, 0xFFFF, 0xFFFF, 0xFFFF, 0xFFFF, 0xFFFF,
    0xFFFF, 0xFFFF, 0xFFFF, 0xFFFF, 0xFFFF, 0xFFFF, 0xFFFF, 0xFFFF, 0xFFFF, 0xFFFF, 0xFFFF, 0xAD9A, 0x4AF4, 0x4AB4, 0x4AB4, 0x4AB4,
    0x4AB4, 0x4AB4, 0x4AB4, 0x4AB4, 0x4AB4, 0x5B35, 0xEF5E, 0xFFFF, 0xFFFF, 0xFFFF, 0xFFFF, 0xFFFF, 0xFFFF, 0xFFFF, 0xFFFF, 0xFFFF,
    0xFFFF, 0xFFFF, 0xFFFF, 0xFFFF, 0xFFFF, 0xFFFF, 0xFFFF, 0xFFFF, 0xFFFF, 0xFFFF, 0xFFFF, 0xFFFF, 0xFFFF, 0xFFFF, 0xFFFF, 0xFFFF,
    0xFFFF, 0xFFFF, 0xFFFF, 0xFFFF, 0xFFFF, 0xFFFF, 0xFFFF, 0xFFFF, 0xFFFF, 0xFFFF, 0xFFFF, 0xFFFF, 0xFFFF, 0xFFFF, 0xFFFF, 0xFFFF,
    0xFFFF, 0xFFFF, 0xFFFF, 0xFFFF, 0xFFFF, 0xFFFF, 0xFFFF, 0xFFFF, 0xFFFF, 0xFFFF, 0xFFFF, 0xFFFF, 0xFFFF, 0xFFFF, 0xFFFF, 0xFFFF,
    0xFFFF, 0xFFFF, 0xFFFF, 0xFFFF, 0xFFFF, 0xFFFF, 0xFFFF, 0xFFFF, 0xFFFF, 0xFFFF, 0xFFFF, 0xFFFF, 0xFFFF, 0xFFFF, 0xFFFF, 0xFFFF,
    0xFFFF, 0xFFFF, 0xFFFF, 0xFFFF, 0xFFFF, 0xFFFF, 0xFFFF, 0xFFFF, 0xFFFF, 0xFFFF, 0xFFFF, 0xFFFF, 0xFFFF, 0xFFFF, 0xFFFF, 0xFFFF,
    0xFFFF, 0xFFFF, 0xFFFF, 0xFFFF, 0xFFFF, 0xFFFF, 0xFFFF, 0xFFFF, 0xFFFF, 0xFFFF, 0xFFFF, 0xFFFF, 0xFFFF, 0xFFFF, 0xFFFF, 0xFFFF,
    0xFFFF, 0xFFFF, 0xFFFF, 0xFFFF, 0xFFFF, 0xFFFF, 0xFFFF, 0xFFFF, 0xFFFF, 0xFFFF, 0xFFFF, 0xFFFF, 0xFFFF, 0xFFFF, 0xFFFF, 0xFFFF,
    0xFFFF, 0xFFFF, 0xFFFF, 0xFFFF, 0x0000, 0x0000, 0x0000, 0x0000, 0x0000, 0x0000, 0xFFFF, 0xFFFF, 0xFFFF, 0xFFFF, 0xFFFF, 0xFFFF,
    0xFFFF, 0xFFFF, 0xFFFF, 0xFFFF, 0xFFFF, 0xFFFF, 0xFFFF, 0xFFFF, 0xFFFF, 0xFFFF, 0xFFFF, 0xFFFF, 0xFFFF, 0xFFFF, 0xFFFF, 0xFFFF,
    0xFFFF, 0xFFFF, 0xFFFF, 0xFFFF, 0xFFFF, 0xFFFF, 0xFFFF, 0xFFFF, 0x0000, 0x0000, 0x0000, 0x0000, 0x0000, 0x0000, 0xFFFF, 0xFFFF,
    0xFFFF, 0xFFFF, 0xFFFF, 0xFFFF, 0x0000, 0x0000, 0x0000, 0x0000, 0x0000, 0x0000, 0x0000, 0x0000, 0x0000, 0x0000, 0x0000, 0x0000,
    0x0000, 0x0000, 0x0000, 0x0000, 0x0000, 0x0000, 0xFFFF, 0xFFFF, 0xFFFF, 0xFFFF, 0xFFFF, 0xFFFF, 0x0000, 0x0000, 0x0000, 0x0000,
    0x0000, 0x0000, 0x0000, 0x0000, 0x0000, 0x0000, 0x0000, 0x0000, 0xFFFF, 0xFFFF, 0xFFFF, 0xFFFF, 0xFFFF, 0xFFFF, 0x0000, 0x0000,
    0x0000, 0x0000, 0x0000, 0x0000, 0x0000, 0x0000, 0x0000, 0x0000, 0x0000, 0x0000, 0x0000, 0x0000, 0x0000, 0x0000, 0x0000, 0x0000,
    0xFFFF, 0xFFFF, 0xFFFF, 0xFFFF, 0xFFFF, 0xFFFF, 0xFFFF, 0xFFFF, 0xFFFF, 0xFFFF, 0xFFFF, 0xFFFF, 0xFFFF, 0xFFFF, 0xFFFF, 0xFFFF,
    0xFFFF, 0xFFFF, 0xFFFF, 0xFFFF, 0xFFFF, 0xFFFF, 0xFFFF, 0xFFFF, 0xFFFF, 0xFFFF, 0xFFFF, 0xFFFF, 0xFFFF, 0xFFFF, 0xFFFF, 0xFFFF,
    0xFFFF, 0xFFFF, 0xFFFF, 0xFFFF, 0x0000, 0x0000, 0x0000, 0x0000, 0x0000, 0x0000, 0xFFFF, 0xFFFF, 0xFFFF, 0xFFFF, 0xFFFF, 0xFFFF,
    0xFFFF, 0xFFFF, 0xFFFF, 0xFFFF, 0xFFFF, 0xFFFF, 0xFFFF, 0xFFFF, 0xFFFF, 0xFFFF, 0xFFFF, 0xFFFF, 0xFFFF, 0xFFFF, 0xFFFF, 0xFFFF,
    0xFFFF, 0xFFFF, 0xFFFF, 0xFFFF, 0xFFFF, 0xFFFF, 0xFFFF, 0xFFFF, 0xFFFF, 0xFFFF, 0xFFFF, 0xAD9A, 0x4AF4, 0x4AB4, 0x4AB4, 0x4AB4,
    0x4AB4, 0x4AB4, 0x4AB4, 0x52F4, 0x5B55, 0x73F6, 0xEF7E, 0xFFFF, 0xFFFF, 0xFFFF, 0xFFFF, 0xFFFF, 0xFFFF, 0xFFFF, 0xFFFF, 0xFFFF,
    0xFFFF, 0xFFFF, 0xFFFF, 0xFFFF, 0xFFFF, 0xFFFF, 0xFFFF, 0xFFFF, 0xFFFF, 0xFFFF, 0xFFFF, 0xFFFF, 0xFFFF, 0xFFFF, 0xFFFF, 0xFFFF,
    0xFFFF, 0xFFFF, 0xFFFF, 0xFFFF, 0xFFFF, 0xFFFF, 0xFFFF, 0xFFFF, 0xFFFF, 0xFFFF, 0xFFFF, 0xFFFF, 0xFFFF, 0xFFFF, 0xFFFF, 0xFFFF,
    0xFFFF, 0xFFFF, 0xFFFF, 0xFFFF, 0xFFFF, 0xFFFF, 0xFFFF, 0xFFFF, 0xFFFF, 0xFFFF, 0xFFFF, 0xFFFF, 0xFFFF, 0xFFFF, 0xFFFF, 0xFFFF,
    0xFFFF, 0xFFFF, 0xFFFF, 0xFFFF, 0xFFFF, 0xFFFF, 0xFFFF, 0xFFFF, 0xFFFF, 0xFFFF, 0xFFFF, 0xFFFF, 0xFFFF, 0xFFFF, 0xFFFF, 0xFFFF,
    0xFFFF, 0xFFFF, 0xFFFF, 0xFFFF, 0xFFFF, 0xFFFF, 0xFFFF, 0xFFFF, 0xFFFF, 0xFFFF, 0xFFFF, 0xFFFF, 0xFFFF, 0xFFFF, 0xFFFF, 0xFFFF,
    0xFFFF, 0xFFFF, 0xFFFF, 0xFFFF, 0xFFFF, 0xFFFF, 0xFFFF, 0xFFFF, 0xFFFF, 0xFFFF, 0xFFFF, 0xFFFF, 0xFFFF, 0xFFFF, 0xFFFF, 0xFFFF,
    0xFFFF, 0xFFFF, 0xFFFF, 0xFFFF, 0xFFFF, 0xFFFF, 0xFFFF, 0xFFFF, 0xFFFF, 0xFFFF, 0xFFFF, 0xFFFF, 0xFFFF, 0xFFFF, 0xFFFF, 0xFFFF,
    0xFFFF, 0xFFFF, 0xFFFF, 0xFFFF, 0x0000, 0x0000, 0x0000, 0x0000, 0x0000, 0x0000, 0xFFFF, 0xFFFF, 0xFFFF, 0xFFFF, 0xFFFF, 0xFFFF,
    0xFFFF, 0xFFFF, 0xFFFF, 0xFFFF, 0xFFFF, 0xFFFF, 0xFFFF, 0xFFFF, 0xFFFF, 0xFFFF, 0xFFFF, 0xFFFF, 0xFFFF, 0xFFFF, 0xFFFF, 0xFFFF,
    0xFFFF, 0xFFFF, 0xFFFF, 0xFFFF, 0xFFFF, 0xFFFF, 0xFFFF, 0xFFFF, 0x0000, 0x0000, 0x0000, 0x0000, 0x0000, 0x0000, 0xFFFF, 0xFFFF,
    0xFFFF, 0xFFFF, 0xFFFF, 0xFFFF, 0x0000, 0x0000, 0x0000, 0x0000, 0x0000, 0x0000, 0x0000, 0x0000, 0x0000, 0x0000, 0x0000, 0x0000,
    0x0000, 0x0000, 0x0000, 0x0000, 0x0000, 0x0000, 0xFFFF, 0xFFFF, 0xFFFF, 0xFFFF, 0xFFFF, 0xFFFF, 0x0000, 0x0000, 0x0000, 0x0000,
    0x0000, 0x0000, 0x0000, 0x0000, 0x0000, 0x0000, 0x0000, 0x0000, 0xFFFF, 0xFFFF, 0xFFFF, 0xFFFF, 0xFFFF, 0xFFFF, 0x0000, 0x0000,
    0x0000, 0x0000, 0x0000, 0x0000, 0x0000, 0x0000, 0x0000, 0x0000, 0x0000, 0x0000, 0x0000, 0x0000, 0x0000, 0x0000, 0x0000, 0x0000,
    0xFFFF, 0xFFFF, 0xFFFF, 0xFFFF, 0xFFFF, 0xFFFF, 0xFFFF, 0xFFFF, 0xFFFF, 0xFFFF, 0xFFFF, 0xFFFF, 0xFFFF, 0xFFFF, 0xFFFF, 0xFFFF,
    0xFFFF, 0xFFFF, 0xFFFF, 0xFFFF, 0xFFFF, 0xFFFF, 0xFFFF, 0xFFFF, 0xFFFF, 0xFFFF, 0xFFFF, 0xFFFF, 0xFFFF, 0xFFFF, 0xFFFF, 0xFFFF,
    0xFFFF, 0xFFFF, 0xFFFF, 0xFFFF, 0x0000, 0x0000, 0x0000, 0x0000, 0x0000, 0x0000, 0xFFFF, 0xFFFF, 0xFFFF, 0xFFFF, 0xFFFF, 0xFFFF,
    0xFFFF, 0xFFFF, 0xFFFF, 0xFFFF, 0xFFFF, 0xFFFF, 0xFFFF, 0xFFFF, 0xFFFF, 0xFFFF, 0xFFFF, 0xFFFF, 0xFFFF, 0xFFFF, 0xFFFF, 0xFFFF,
    0xFFFF, 0xFFFF, 0xFFFF, 0xFFFF, 0xFFFF, 0xFFFF, 0xFFFF, 0xFFFF, 0xFFFF, 0xFFFF, 0xFFFF, 0xAD9A, 0x4AF4, 0x4AB4, 0x4AB4, 0x4AB4,
    0x4AB4, 0x4AB4, 0x4AB4, 0x6BB6, 0xEF5E, 0xFFFF, 0xFFFF, 0xFFFF, 0xFFFF, 0xFFFF, 0xFFFF, 0xFFFF, 0xFFFF, 0xFFFF, 0xFFFF, 0xFFFF,
    0xFFFF, 0xFFFF, 0xFFFF, 0xFFFF, 0xFFFF, 0xFFFF, 0xFFFF, 0xFFFF, 0xFFFF, 0xFFFF, 0xFFFF, 0xFFFF, 0xFFFF, 0xFFFF, 0xFFFF, 0xFFFF,
    0xFFFF, 0xFFFF, 0xFFFF, 0xFFFF, 0xFFFF, 0xFFFF, 0xFFFF, 0xFFFF, 0xFFFF, 0xFFFF, 0xFFFF, 0xFFFF, 0xFFFF, 0xFFFF, 0xFFFF, 0xFFFF,
    0xFFFF, 0xFFFF, 0xFFFF, 0xFFFF, 0xFFFF, 0xFFFF, 0xFFFF, 0xFFFF, 0xFFFF, 0xFFFF, 0xFFFF, 0xFFFF, 0xFFFF, 0xFFFF, 0xFFFF, 0xFFFF,
    0xFFFF, 0xFFFF, 0xFFFF, 0xFFFF, 0xFFFF, 0xFFFF, 0xFFFF, 0xFFFF, 0xFFFF, 0xFFFF, 0xFFFF, 0xFFFF, 0xFFFF, 0xFFFF, 0xFFFF, 0xFFFF,
    0xFFFF, 0xFFFF, 0xFFFF, 0xFFFF, 0xFFFF, 0xFFFF, 0xFFFF, 0xFFFF, 0xFFFF, 0xFFFF, 0xFFFF, 0xFFFF, 0xFFFF, 0xFFFF, 0xFFFF, 0xFFFF,
    0xFFFF, 0xFFFF, 0xFFFF, 0xFFFF, 0xFFFF, 0xFFFF, 0xFFFF, 0xFFFF, 0xFFFF, 0xFFFF, 0xFFFF, 0xFFFF, 0xFFFF, 0xFFFF, 0xFFFF, 0xFFFF,
    0xFFFF, 0xFFFF, 0xFFFF, 0xFFFF, 0xFFFF, 0xFFFF, 0xFFFF, 0xFFFF, 0xFFFF, 0xFFFF, 0xFFFF, 0xFFFF, 0xFFFF, 0xFFFF, 0xFFFF, 0xFFFF,
    0xFFFF, 0xFFFF, 0xFFFF, 0xFFFF, 0x0000, 0x0000, 0x0000, 0x0000, 0x0000, 0x0000, 0xFFFF, 0xFFFF, 0xFFFF, 0xFFFF, 0xFFFF, 0xFFFF,
    0xFFFF, 0xFFFF, 0xFFFF, 0xFFFF, 0xFFFF, 0xFFFF, 0xFFFF, 0xFFFF, 0xFFFF, 0xFFFF, 0xFFFF, 0xFFFF, 0xFFFF, 0xFFFF, 0xFFFF, 0xFFFF,
    0xFFFF, 0xFFFF, 0xFFFF, 0xFFFF, 0xFFFF, 0xFFFF, 0xFFFF, 0xFFFF, 0x0000, 0x0000, 0x0000, 0x0000, 0x0000, 0x0000, 0xFFFF, 0xFFFF,
    0xFFFF, 0xFFFF, 0xFFFF, 0xFFFF, 0x0000, 0x0000, 0x0000, 0x0000, 0x0000, 0x0000, 0x0000, 0x0000, 0x0000, 0x0000, 0x0000, 0x0000,
    0x0000, 0x0000, 0x0000, 0x0000, 0x0000, 0x0000, 0xFFFF, 0xFFFF, 0xFFFF, 0xFFFF, 0xFFFF, 0xFFFF, 0x0000, 0x0000, 0x0000, 0x0000,
    0x0000, 0x0000, 0x0000, 0x0000, 0x0000, 0x0000, 0x0000, 0x0000, 0xFFFF, 0xFFFF, 0xFFFF, 0xFFFF, 0xFFFF, 0xFFFF, 0x0000, 0x0000,
    0x0000, 0x0000, 0x0000, 0x0000, 0x0000, 0x0000, 0x0000, 0x0000, 0x0000, 0x0000, 0x0000, 0x0000, 0x0000, 0x0000, 0x0000, 0x0000,
    0xFFFF, 0xFFFF, 0xFFFF, 0xFFFF, 0xFFFF, 0xFFFF, 0xFFFF, 0xFFFF, 0xFFFF, 0xFFFF, 0xFFFF, 0xFFFF, 0xFFFF, 0xFFFF, 0xFFFF, 0xFFFF,
    0xFFFF, 0xFFFF, 0xFFFF, 0xFFFF, 0xFFFF, 0xFFFF, 0xFFFF, 0xFFFF, 0xFFFF, 0xFFFF, 0xFFFF, 0xFFFF, 0xFFFF, 0xFFFF, 0xFFFF, 0xFFFF,
    0xFFFF, 0xFFFF, 0xFFFF, 0xFFFF, 0x0000, 0x0000, 0x0000, 0x0000, 0x0000, 0x0000, 0xFFFF, 0xFFFF, 0xFFFF, 0xFFFF, 0xFFFF, 0xFFFF,
    0xFFFF, 0xFFFF, 0xFFFF, 0xFFFF, 0xFFFF, 0xFFFF, 0xFFFF, 0xFFFF, 0xFFFF, 0xFFFF, 0xFFFF, 0xFFFF, 0xFFFF, 0xFFFF, 0xFFFF, 0xFFFF,
    0xFFFF, 0xFFFF, 0xFFFF, 0xFFFF, 0xFFFF, 0xFFFF, 0xFFFF, 0xFFFF, 0xFFFF, 0xFFFF, 0xFFFF, 0xAD9A, 0x4AF4, 0x4AB4, 0x4AB4, 0x4AB4,
    0x4AB4, 0x52F4, 0x5B55, 0x7C17, 0xEF7E, 0xFFFF, 0xFFFF, 0xFFFF, 0xFFFF, 0xFFFF, 0xFFFF, 0xFFFF, 0xFFFF, 0xFFFF, 0xFFFF, 0xFFFF,
    0xFFFF, 0xFFFF, 0xFFFF, 0xFFFF, 0xFFFF, 0xFFFF, 0xFFFF, 0xFFFF, 0xFFFF, 0xFFFF, 0xFFFF, 0xFFFF, 0xFFFF, 0xFFFF, 0xFFFF, 0xFFFF,
    0xFFFF, 0xFFFF, 0xFFFF, 0xFFFF, 0xFFFF, 0xFFFF, 0xFFFF, 0xFFFF, 0xFFFF, 0xFFFF, 0xFFFF, 0xFFFF, 0xFFFF, 0xFFFF, 0xFFFF, 0xFFFF,
    0xFFFF, 0xFFFF, 0xFFFF, 0xFFFF, 0xFFFF, 0xFFFF, 0xFFFF, 0xFFFF, 0xFFFF, 0xFFFF, 0xFFFF, 0xFFFF, 0xFFFF, 0xFFFF, 0xFFFF, 0xFFFF,
    0xFFFF, 0xFFFF, 0xFFFF, 0xFFFF, 0xFFFF, 0xFFFF, 0xFFFF, 0xFFFF, 0xFFFF, 0xFFFF, 0xFFFF, 0xFFFF, 0xFFFF, 0xFFFF, 0xFFFF, 0xFFFF,
    0xFFFF, 0xFFFF, 0xFFFF, 0xFFFF, 0xFFFF, 0xFFFF, 0xFFFF, 0xFFFF, 0xFFFF, 0xFFFF, 0xFFFF, 0xFFFF, 0xFFFF, 0xFFFF, 0xFFFF, 0xFFFF,
    0xFFFF, 0xFFFF, 0xFFFF, 0xFFFF, 0xFFFF, 0xFFFF, 0xFFFF, 0xFFFF, 0xFFFF, 0xFFFF, 0xFFFF, 0xFFFF, 0xFFFF, 0xFFFF, 0xFFFF, 0xFFFF,
    0xFFFF, 0xFFFF, 0xFFFF, 0xFFFF, 0xFFFF, 0xFFFF, 0xFFFF, 0xFFFF, 0xFFFF, 0xFFFF, 0xFFFF, 0xFFFF, 0xFFFF, 0xFFFF, 0xFFFF, 0xFFFF,
    0xFFFF, 0xFFFF, 0xFFFF, 0xFFFF, 0x0000, 0x0000, 0x0000, 0x0000, 0x0000, 0x0000, 0xFFFF, 0xFFFF, 0xFFFF, 0xFFFF, 0xFFFF, 0xFFFF,
    0xFFFF, 0xFFFF, 0xFFFF, 0xFFFF, 0xFFFF, 0xFFFF, 0xFFFF, 0xFFFF, 0xFFFF, 0xFFFF, 0xFFFF, 0xFFFF, 0xFFFF, 0xFFFF, 0xFFFF, 0xFFFF,
    0xFFFF, 0xFFFF, 0xFFFF, 0xFFFF, 0xFFFF, 0xFFFF, 0xFFFF, 0xFFFF, 0x0000, 0x0000, 0x0000, 0x0000, 0x0000, 0x0000, 0xFFFF, 0xFFFF,
    0xFFFF, 0xFFFF, 0xFFFF, 0xFFFF, 0x0000, 0x0000, 0x0000, 0x0000, 0x0000, 0x0000, 0x0000, 0x0000, 0x0000, 0x0000, 0x0000, 0x0000,
    0x0000, 0x0000, 0x0000, 0x0000, 0x0000, 0x0000, 0xFFFF, 0xFFFF, 0xFFFF, 0xFFFF, 0xFFFF, 0xFFFF, 0x0000, 0x0000, 0x0000, 0x0000,
    0x0000, 0x0000, 0x0000, 0x0000, 0x0000, 0x0000, 0x0000, 0x0000, 0xFFFF, 0xFFFF, 0xFFFF, 0xFFFF, 0xFFFF, 0xFFFF, 0x0000, 0x0000,
    0x0000, 0x0000, 0x0000, 0x0000, 0x0000, 0x0000, 0x0000, 0x0000, 0x0000, 0x0000, 0x0000, 0x0000, 0x0000, 0x0000, 0x0000, 0x0000,
    0xFFFF, 0xFFFF, 0xFFFF, 0xFFFF, 0xFFFF, 0xFFFF, 0xFFFF, 0xFFFF, 0xFFFF, 0xFFFF, 0xFFFF, 0xFFFF, 0xFFFF, 0xFFFF, 0xFFFF, 0xFFFF,
    0xFFFF, 0xFFFF, 0xFFFF, 0xFFFF, 0xFFFF, 0xFFFF, 0xFFFF, 0xFFFF, 0xFFFF, 0xFFFF, 0xFFFF, 0xFFFF, 0xFFFF, 0xFFFF, 0xFFFF, 0xFFFF,
    0xFFFF, 0xFFFF, 0xFFFF, 0xFFFF, 0x0000, 0x0000, 0x0000, 0x0000, 0x0000, 0x0000, 0xFFFF, 0xFFFF, 0xFFFF, 0xFFFF, 0xFFFF, 0xFFFF,
    0xFFFF, 0xFFFF, 0xFFFF, 0xFFFF, 0xFFFF, 0xFFFF, 0xFFFF, 0xFFFF, 0xFFFF, 0xFFFF, 0xFFFF, 0xFFFF, 0xFFFF, 0xFFFF, 0xFFFF, 0xFFFF,
    0xFFFF, 0xFFFF, 0xFFFF, 0xFFFF, 0xFFFF, 0xFFFF, 0xFFFF, 0xFFFF, 0xFFFF, 0xFFFF, 0xFFFF, 0xAD9A, 0x4AF4, 0x4AB4, 0x4AB4, 0x4AB4,
    0x4AB4, 0x7C37, 0xEF7E, 0xFFFF, 0xFFFF, 0xFFFF, 0xFFFF, 0xFFFF, 0xFFFF, 0xFFFF, 0xFFFF, 0xFFFF, 0xFFFF, 0xFFFF, 0xFFFF, 0xFFFF,
    0xFFFF, 0xFFFF, 0xFFFF, 0xFFFF, 0xFFFF, 0xFFFF, 0xFFFF, 0xFFFF, 0xFFFF, 0xFFFF, 0xFFFF, 0xFFFF, 0xFFFF, 0xFFFF, 0xFFFF, 0xFFFF,
    0xFFFF, 0xFFFF, 0xFFFF, 0xFFFF, 0xFFFF, 0xFFFF, 0xFFFF, 0xFFFF, 0xFFFF, 0xFFFF, 0xFFFF, 0xFFFF, 0xFFFF, 0xFFFF, 0xFFFF, 0xFFFF,
    0xFFFF, 0xFFFF, 0xFFFF, 0xFFFF, 0xFFFF, 0xFFFF, 0xFFFF, 0xFFFF, 0xFFFF, 0xFFFF, 0xFFFF, 0xFFFF, 0xFFFF, 0xFFFF, 0xFFFF, 0xFFFF,
    0xFFFF, 0xFFFF, 0xFFFF, 0xFFFF, 0xFFFF, 0xFFFF, 0xFFFF, 0xFFFF, 0xFFFF, 0xFFFF, 0xFFFF, 0xFFFF, 0xFFFF, 0xFFFF, 0xFFFF, 0xFFFF,
    0xFFFF, 0xFFFF, 0xFFFF, 0xFFFF, 0xFFFF, 0xFFFF, 0xFFFF, 0xFFFF, 0xFFFF, 0xFFFF, 0xFFFF, 0xFFFF, 0xFFFF, 0xFFFF, 0xFFFF, 0xFFFF,
    0xFFFF, 0xFFFF, 0xFFFF, 0xFFFF, 0xFFFF, 0xFFFF, 0xFFFF, 0xFFFF, 0xFFFF, 0xFFFF, 0xFFFF, 0xFFFF, 0xFFFF, 0xFFFF, 0xFFFF, 0xFFFF,
    0xFFFF, 0xFFFF, 0xFFFF, 0xFFFF, 0xFFFF, 0xFFFF, 0xFFFF, 0xFFFF, 0xFFFF, 0xFFFF, 0xFFFF, 0xFFFF, 0xFFFF, 0xFFFF, 0xFFFF, 0xFFFF,
    0xFFFF, 0xFFFF, 0xFFFF, 0xFFFF, 0x0000, 0x0000, 0x0000, 0x0000, 0x0000, 0x0000, 0xFFFF, 0xFFFF, 0xFFFF, 0xFFFF, 0xFFFF, 0xFFFF,
    0xFFFF, 0xFFFF, 0xFFFF, 0xFFFF, 0xFFFF, 0xFFFF, 0xFFFF, 0xFFFF, 0xFFFF, 0xFFFF, 0xFFFF, 0xFFFF, 0xFFFF, 0xFFFF, 0xFFFF, 0xFFFF,
    0xFFFF, 0xFFFF, 0xFFFF, 0xFFFF, 0xFFFF, 0xFFFF, 0xFFFF, 0xFFFF, 0x0000, 0x0000, 0x0000, 0x0000, 0x0000, 0x0000, 0xFFFF, 0xFFFF,
    0xFFFF, 0xFFFF, 0xFFFF, 0xFFFF, 0x0000, 0x0000, 0x0000, 0x0000, 0x0000, 0x0000, 0x0000, 0x0000, 0x0000, 0x0000, 0x0000, 0x0000,
    0x0000, 0x0000, 0x0000, 0x0000, 0x0000, 0x0000, 0xFFFF, 0xFFFF, 0xFFFF, 0xFFFF, 0xFFFF, 0xFFFF, 0x0000, 0x0000, 0x0000, 0x0000,
    0x0000, 0x0000, 0x0000, 0x0000, 0x0000, 0x0000, 0x0000, 0x0000, 0xFFFF, 0xFFFF, 0xFFFF, 0xFFFF, 0xFFFF, 0xFFFF, 0x0000, 0x0000,
    0x0000, 0x0000, 0x0000, 0x0000, 0x0000, 0x0000, 0x0000, 0x0000, 0x0000, 0x0000, 0x0000, 0x0000, 0x0000, 0x0000, 0x0000, 0x0000,
    0xFFFF, 0xFFFF, 0xFFFF, 0xFFFF, 0xFFFF, 0xFFFF, 0xFFFF, 0xFFFF, 0xFFFF, 0xFFFF, 0xFFFF, 0xFFFF, 0xFFFF, 0xFFFF, 0xFFFF, 0xFFFF,
    0xFFFF, 0xFFFF, 0xFFFF, 0xFFFF, 0xFFFF, 0xFFFF, 0xFFFF, 0xFFFF, 0xFFFF, 0xFFFF, 0xFFFF, 0xFFFF, 0xFFFF, 0xFFFF, 0xFFFF, 0xFFFF,
    0xFFFF, 0xFFFF, 0xFFFF, 0xFFFF, 0x0000, 0x0000, 0x0000, 0x0000, 0x0000, 0x0000, 0xFFFF, 0xFFFF, 0xFFFF, 0xFFFF, 0xFFFF, 0xFFFF,
    0xFFFF, 0xFFFF, 0xFFFF, 0xFFFF, 0xFFFF, 0xFFFF, 0xFFFF, 0xFFFF, 0xFFFF, 0xFFFF, 0xFFFF, 0xFFFF, 0xFFFF, 0xFFFF, 0xFFFF, 0xFFFF,
    0xFFFF, 0xFFFF, 0xFFFF, 0xFFFF, 0xFFFF, 0xFFFF, 0xFFFF, 0xFFFF, 0xFFFF, 0xFFFF, 0xFFFF, 0xAD9A, 0x4AF4, 0x4AB4, 0x4AB4, 0x4AB4,
    0x4AB4, 0x7C37, 0xEF7E, 0xFFFF, 0xFFFF, 0xFFFF, 0xFFFF, 0xFFFF, 0xFFFF, 0xFFFF, 0xFFFF, 0xFFFF, 0xFFFF, 0xFFFF, 0xFFFF, 0xFFFF,
    0xFFFF, 0xFFFF, 0xFFFF, 0xFFFF, 0xFFFF, 0xFFFF, 0xFFFF, 0xFFFF, 0xFFFF, 0xFFFF, 0xFFFF, 0xFFFF, 0xFFFF, 0xFFFF, 0xFFFF, 0xFFFF,
    0xFFFF, 0xFFFF, 0xFFFF, 0xFFFF, 0xFFFF, 0xFFFF, 0xFFFF, 0xFFFF, 0xFFFF, 0xFFFF, 0xFFFF, 0xFFFF, 0xFFFF, 0xFFFF, 0xFFFF, 0xFFFF,
    0xFFFF, 0xFFFF, 0xFFFF, 0xFFFF, 0xFFFF, 0xFFFF, 0xFFFF, 0xFFFF, 0xFFFF, 0xFFFF, 0xFFFF, 0xFFFF, 0xFFFF, 0xFFFF, 0xFFFF, 0xFFFF,
    0xFFFF, 0xFFFF, 0xFFFF, 0xFFFF, 0xFFFF, 0xFFFF, 0xFFFF, 0xFFFF, 0xFFFF, 0xFFFF, 0xFFFF, 0xFFFF, 0xFFFF, 0xFFFF, 0xFFFF, 0xFFFF,
    0xFFFF, 0xFFFF, 0xFFFF, 0xFFFF, 0xFFFF, 0xFFFF, 0xFFFF, 0xFFFF, 0xFFFF, 0xFFFF, 0xFFFF, 0xFFFF, 0xFFFF, 0xFFFF, 0xFFFF, 0xFFFF,
    0xFFFF, 0xFFFF, 0xFFFF, 0xFFFF, 0xFFFF, 0xFFFF, 0xFFFF, 0xFFFF, 0xFFFF, 0xFFFF, 0xFFFF, 0xFFFF, 0xFFFF, 0xFFFF, 0xFFFF, 0xFFFF,
    0xFFFF, 0xFFFF, 0xFFFF, 0xFFFF, 0xFFFF, 0xFFFF, 0xFFFF, 0xFFFF, 0xFFFF, 0xFFFF, 0xFFFF, 0xFFFF, 0xFFFF, 0xFFFF, 0xFFFF, 0xFFFF,
    0xFFFF, 0xFFFF, 0xFFFF, 0xFFFF, 0x0000, 0x0000, 0x0000, 0x0000, 0x0000, 0x0000, 0x0000, 0x0000, 0x0000, 0x0000, 0x0000, 0x0000,
    0x0000, 0x0000, 0x0000, 0x0000, 0x0000, 0x0000, 0x0000, 0x0000, 0x0000, 0x0000, 0x0000, 0x0000, 0x0000, 0x0000, 0x0000, 0x0000,
    0x0000, 0x0000, 0x0000, 0x0000, 0x0000, 0x0000, 0x0000, 0x0000, 0x0000, 0x0000, 0x0000, 0x0000, 0x0000, 0x0000, 0xFFFF, 0xFFFF,
    0xFFFF, 0xFFFF, 0xFFFF, 0xFFFF, 0xFFFF, 0xFFFF, 0xFFFF, 0xFFFF, 0xFFFF, 0xFFFF, 0x0000, 0x0000, 0x0000, 0x0000, 0x0000, 0x0000,
    0x0000, 0x0000, 0x0000, 0x0000, 0x0000, 0x0000, 0xFFFF, 0xFFFF, 0xFFFF, 0xFFFF, 0xFFFF, 0xFFFF, 0x0000, 0x0000, 0x0000, 0x0000,
    0x0000, 0x0000, 0x0000, 0x0000, 0x0000, 0x0000, 0x0000, 0x0000, 0x0000, 0x0000, 0x0000, 0x0000, 0x0000, 0x0000, 0x0000, 0x0000,
    0x0000, 0x0000, 0x0000, 0x0000, 0xFFFF, 0xFFFF, 0xFFFF, 0xFFFF, 0xFFFF, 0xFFFF, 0xFFFF, 0xFFFF, 0xFFFF, 0xFFFF, 0xFFFF, 0xFFFF,
    0x0000, 0x0000, 0x0000, 0x0000, 0x0000, 0x0000, 0xFFFF, 0xFFFF, 0xFFFF, 0xFFFF, 0xFFFF, 0xFFFF, 0xFFFF, 0xFFFF, 0xFFFF, 0xFFFF,
    0xFFFF, 0xFFFF, 0x0000, 0x0000, 0x0000, 0x0000, 0x0000, 0x0000, 0xFFFF, 0xFFFF, 0xFFFF, 0xFFFF, 0xFFFF, 0xFFFF, 0x0000, 0x0000,
    0x0000, 0x0000, 0x0000, 0x0000, 0x0000, 0x0000, 0x0000, 0x0000, 0x0000, 0x0000, 0xFFFF, 0xFFFF, 0xFFFF, 0xFFFF, 0xFFFF, 0xFFFF,
    0xFFFF, 0xFFFF, 0xFFFF, 0xFFFF, 0xFFFF, 0xFFFF, 0xFFFF, 0xFFFF, 0xFFFF, 0xFFFF, 0xFFFF, 0xFFFF, 0xFFFF, 0xFFFF, 0xFFFF, 0xFFFF,
    0xFFFF, 0xFFFF, 0xFFFF, 0xFFFF, 0xFFFF, 0xFFFF, 0xFFFF, 0xFFFF, 0xFFFF, 0xFFFF, 0xFFFF, 0xFFFF, 0xFFFF, 0xFFFF, 0xFFFF, 0xFFFF,
    0xFFFF, 0xFFFF, 0xFFFF, 0xFFFF, 0xFFFF, 0xFFFF, 0xFFFF, 0xFFFF, 0xFFFF, 0xFFFF, 0xFFFF, 0xFFFF, 0xFFFF, 0xFFFF, 0xFFFF, 0xFFFF,
    0xFFFF, 0xFFFF, 0xFFFF, 0xFFFF, 0xFFFF, 0xFFFF, 0xFFFF, 0xFFFF, 0xFFFF, 0xFFFF, 0xFFFF, 0xFFFF, 0xFFFF, 0xFFFF, 0xFFFF, 0xFFFF,
    0xFFFF, 0xFFFF, 0xFFFF, 0xFFFF, 0xFFFF, 0xFFFF, 0xFFFF, 0xFFFF, 0xFFFF, 0xFFFF, 0xFFFF, 0xFFFF, 0xFFFF, 0xFFFF, 0xFFFF, 0xFFFF,
    0xFFFF, 0xFFFF, 0xFFFF, 0xFFFF, 0xFFFF, 0xFFFF, 0xFFFF, 0xFFFF, 0xFFFF, 0xFFFF, 0xFFFF, 0xFFFF, 0xFFFF, 0xFFFF, 0xFFFF, 0xFFFF,
    0xFFFF, 0xFFFF, 0xFFFF, 0xFFFF, 0xFFFF, 0xFFFF, 0xFFFF, 0xFFFF, 0xFFFF, 0xFFFF, 0xFFFF, 0xFFFF, 0xFFFF, 0xFFFF, 0xFFFF, 0xFFFF,
    0xFFFF, 0xFFFF, 0xFFFF, 0xFFFF, 0xFFFF, 0xFFFF, 0xFFFF, 0xFFFF, 0xFFFF, 0xFFFF, 0xFFFF, 0xFFFF, 0xFFFF, 0xFFFF, 0xFFFF, 0xFFFF,
    0xFFFF, 0xFFFF, 0xFFFF, 0xFFFF, 0xFFFF, 0xFFFF, 0xFFFF, 0xFFFF, 0xFFFF, 0xFFFF, 0xFFFF, 0xFFFF, 0xFFFF, 0xFFFF, 0xFFFF, 0xFFFF,
    0xFFFF, 0xFFFF, 0xFFFF, 0xFFFF, 0xFFFF, 0xFFFF, 0xFFFF, 0xFFFF, 0xFFFF, 0xFFFF, 0xFFFF, 0xFFFF, 0xFFFF, 0xFFFF, 0xFFFF, 0xFFFF,
    0xFFFF, 0xFFFF, 0xFFFF, 0xFFFF, 0x0000, 0x0000, 0x0000, 0x0000, 0x0000, 0x0000, 0x0000, 0x0000, 0x0000, 0x0000, 0x0000, 0x0000,
    0x0000, 0x0000, 0x0000, 0x0000, 0x0000, 0x0000, 0x0000, 0x0000, 0x0000, 0x0000, 0x0000, 0x0000, 0x0000, 0x0000, 0x0000, 0x0000,
    0x0000, 0x0000, 0x0000, 0x0000, 0x0000, 0x0000, 0x0000, 0x0000, 0x0000, 0x0000, 0x0000, 0x0000, 0x0000, 0x0000, 0xFFFF, 0xFFFF,
    0xFFFF, 0xFFFF, 0xFFFF, 0xFFFF, 0xFFFF, 0xFFFF, 0xFFFF, 0xFFFF, 0xFFFF, 0xFFFF, 0x0000, 0x0000, 0x0000, 0x0000, 0x0000, 0x0000,
    0x0000, 0x0000, 0x0000, 0x0000, 0x0000, 0x0000, 0xFFFF, 0xFFFF, 0xFFFF, 0xFFFF, 0xFFFF, 0xFFFF, 0x0000, 0x0000, 0x0000, 0x0000,
    0x0000, 0x0000, 0x0000, 0x0000, 0x0000, 0x0000, 0x0000, 0x0000, 0x0000, 0x0000, 0x0000, 0x0000, 0x0000, 0x0000, 0x0000, 0x0000,
    0x0000, 0x0000, 0x0000, 0x0000, 0xFFFF, 0xFFFF, 0xFFFF, 0xFFFF, 0xFFFF, 0xFFFF, 0xFFFF, 0xFFFF, 0xFFFF, 0xFFFF, 0xFFFF, 0xFFFF,
    0x0000, 0x0000, 0x0000, 0x0000, 0x0000, 0x0000, 0xFFFF, 0xFFFF, 0xFFFF, 0xFFFF, 0xFFFF, 0xFFFF, 0xFFFF, 0xFFFF, 0xFFFF, 0xFFFF,
    0xFFFF, 0xFFFF, 0x0000, 0x0000, 0x0000, 0x0000, 0x0000, 0x0000, 0xFFFF, 0xFFFF, 0xFFFF, 0xFFFF, 0xFFFF, 0xFFFF, 0x0000, 0x0000,
    0x0000, 0x0000, 0x0000, 0x0000, 0x0000, 0x0000, 0x0000, 0x0000, 0x0000, 0x0000, 0xFFFF, 0xFFFF, 0xFFFF, 0xFFFF, 0xFFFF, 0xFFFF,
    0xFFFF, 0xFFFF, 0xFFFF, 0xFFFF, 0xFFFF, 0xFFFF, 0xFFFF, 0xFFFF, 0xFFFF, 0xFFFF, 0xFFFF, 0xFFFF, 0xFFFF, 0xFFFF, 0xFFFF, 0xFFFF,
    0xFFFF, 0xFFFF, 0xFFFF, 0xFFFF, 0xFFFF, 0xFFFF, 0xFFFF, 0xFFFF, 0xFFFF, 0xFFFF, 0xFFFF, 0xFFFF, 0xFFFF, 0xFFFF, 0xFFFF, 0xFFFF,
    0xFFFF, 0xFFFF, 0xFFFF, 0xFFFF, 0xFFFF, 0xFFFF, 0xFFFF, 0xFFFF, 0xFFFF, 0xFFFF, 0xFFFF, 0xFFFF, 0xFFFF, 0xFFFF, 0xFFFF, 0xFFFF,
    0xFFFF, 0xFFFF, 0xFFFF, 0xFFFF, 0xFFFF, 0xFFFF, 0xFFFF, 0xFFFF, 0xFFFF, 0xFFFF, 0xFFFF, 0xFFFF, 0xFFFF, 0xFFFF, 0xFFFF, 0xFFFF,
    0xFFFF, 0xFFFF, 0xFFFF, 0xFFFF, 0xFFFF, 0xFFFF, 0xFFFF, 0xFFFF, 0xFFFF, 0xFFFF, 0xFFFF, 0xFFFF, 0xFFFF, 0xFFFF, 0xFFFF, 0xFFFF,
    0xFFFF, 0xFFFF, 0xFFFF, 0xFFFF, 0xFFFF, 0xFFFF, 0xFFFF, 0xFFFF, 0xFFFF, 0xFFFF, 0xFFFF, 0xFFFF, 0xFFFF, 0xFFFF, 0xFFFF, 0xFFFF,
    0xFFFF, 0xFFFF, 0xFFFF, 0xFFFF, 0xFFFF, 0xFFFF, 0xFFFF, 0xFFFF, 0xFFFF, 0xFFFF, 0xFFFF, 0xFFFF, 0xFFFF, 0xFFFF, 0xFFFF, 0xFFFF,
    0xFFFF, 0xFFFF, 0xFFFF, 0xFFFF, 0xFFFF, 0xFFFF, 0xFFFF, 0xFFFF, 0xFFFF, 0xFFFF, 0xFFFF, 0xFFFF, 0xFFFF, 0xFFFF, 0xFFFF, 0xFFFF,
    0xFFFF, 0xFFFF, 0xFFFF, 0xFFFF, 0xFFFF, 0xFFFF, 0xFFFF, 0xFFFF, 0xFFFF, 0xFFFF, 0xFFFF, 0xFFFF, 0xFFFF, 0xFFFF, 0xFFFF, 0xFFFF,
    0xFFFF, 0xFFFF, 0xFFFF, 0xFFFF, 0xFFFF, 0xFFFF, 0xFFFF, 0xFFFF, 0xFFFF, 0xFFFF, 0xFFFF, 0xFFFF, 0xFFFF, 0xFFFF, 0xFFFF, 0xFFFF,
    0xFFFF, 0xFFFF, 0xFFFF, 0xFFFF, 0x0000, 0x0000, 0x0000, 0x0000, 0x0000, 0x0000, 0x0000, 0x0000, 0x0000, 0x0000, 0x0000, 0x0000,
    0x0000, 0x0000, 0x0000, 0x0000, 0x0000, 0x0000, 0x0000, 0x0000, 0x0000, 0x0000, 0x0000, 0x0000, 0x0000, 0x0000, 0x0000, 0x0000,
    0x0000, 0x0000, 0x0000, 0x0000, 0x0000, 0x0000, 0x0000, 0x0000, 0x0000, 0x0000, 0x0000, 0x0000, 0x0000, 0x0000, 0xFFFF, 0xFFFF,
    0xFFFF, 0xFFFF, 0xFFFF, 0xFFFF, 0xFFFF, 0xFFFF, 0xFFFF, 0xFFFF, 0xFFFF, 0xFFFF, 0x0000, 0x0000, 0x0000, 0x0000, 0x0000, 0x0000,
    0x0000, 0x0000, 0x0000, 0x0000, 0x0000, 0x0000, 0xFFFF, 0xFFFF, 0xFFFF, 0xFFFF, 0xFFFF, 0xFFFF, 0x0000, 0x0000, 0x0000, 0x0000,
    0x0000, 0x0000, 0x0000, 0x0000, 0x0000, 0x0000, 0x0000, 0x0000, 0x0000, 0x0000, 0x0000, 0x0000, 0x0000, 0x0000, 0x0000, 0x0000,
    0x0000, 0x0000, 0x0000, 0x0000, 0xFFFF, 0xFFFF, 0xFFFF, 0xFFFF, 0xFFFF, 0xFFFF, 0xFFFF, 0xFFFF, 0xFFFF, 0xFFFF, 0xFFFF, 0xFFFF,
    0x0000, 0x0000, 0x0000, 0x0000, 0x0000, 0x0000, 0xFFFF, 0xFFFF, 0xFFFF, 0xFFFF, 0xFFFF, 0xFFFF, 0xFFFF, 0xFFFF, 0xFFFF, 0xFFFF,
    0xFFFF, 0xFFFF, 0x0000, 0x0000, 0x0000, 0x0000, 0x0000, 0x0000, 0xFFFF, 0xFFFF, 0xFFFF, 0xFFFF, 0xFFFF, 0xFFFF, 0x0000, 0x0000,
    0x0000, 0x0000, 0x0000, 0x0000, 0x0000, 0x0000, 0x0000, 0x0000, 0x0000, 0x0000, 0xFFFF, 0xFFFF, 0xFFFF, 0xFFFF, 0xFFFF, 0xFFFF,
    0xFFFF, 0xFFFF, 0xFFFF, 0xFFFF, 0xFFFF, 0xFFFF, 0xFFFF, 0xFFFF, 0xFFFF, 0xFFFF, 0xFFFF, 0xFFFF, 0xFFFF, 0xFFFF, 0xFFFF, 0xFFFF,
    0xFFFF, 0xFFFF, 0xFFFF, 0xFFFF, 0xFFFF, 0xFFFF, 0xFFFF, 0xFFFF, 0xFFFF, 0xFFFF, 0xFFFF, 0xFFFF, 0xFFFF, 0xFFFF, 0xFFFF, 0xFFFF,
    0xFFFF, 0xFFFF, 0xFFFF, 0xFFFF, 0xFFFF, 0xFFFF, 0xFFFF, 0xFFFF, 0xFFFF, 0xFFFF, 0xFFFF, 0xFFFF, 0xFFFF, 0xFFFF, 0xFFFF, 0xFFFF,
    0xFFFF, 0xFFFF, 0xFFFF, 0xFFFF, 0xFFFF, 0xFFFF, 0xFFFF, 0xFFFF, 0xFFFF, 0xFFFF, 0xFFFF, 0xFFFF, 0xFFFF, 0xFFFF, 0xFFFF, 0xFFFF,
    0xFFFF, 0xFFFF, 0xFFFF, 0xFFFF, 0xFFFF, 0xFFFF, 0xFFFF, 0xFFFF, 0xFFFF, 0xFFFF, 0xFFFF, 0xFFFF, 0xFFFF, 0xFFFF, 0xFFFF, 0xFFFF,
    0xFFFF, 0xFFFF, 0xFFFF, 0xFFFF, 0xFFFF, 0xFFFF, 0xFFFF, 0xFFFF, 0xFFFF, 0xFFFF, 0xFFFF, 0xFFFF, 0xFFFF, 0xFFFF, 0xFFFF, 0xFFFF,
    0xFFFF, 0xFFFF, 0xFFFF, 0xFFFF, 0xFFFF, 0xFFFF, 0xFFFF, 0xFFFF, 0xFFFF, 0xFFFF, 0xFFFF, 0xFFFF, 0xFFFF, 0xFFFF, 0xFFFF, 0xFFFF,
    0xFFFF, 0xFFFF, 0xFFFF, 0xFFFF, 0xFFFF, 0xFFFF, 0xFFFF, 0xFFFF, 0xFFFF, 0xFFFF, 0xFFFF, 0xFFFF, 0xFFFF, 0xFFFF, 0xFFFF, 0xFFFF,
    0xFFFF, 0xFFFF, 0xFFFF, 0xFFFF, 0xFFFF, 0xFFFF, 0xFFFF, 0xFFFF, 0xFFFF, 0xFFFF, 0xFFFF, 0xFFFF, 0xFFFF, 0xFFFF, 0xFFFF, 0xFFFF,
    0xFFFF, 0xFFFF, 0xFFFF, 0xFFFF, 0xFFFF, 0xFFFF, 0xFFFF, 0xFFFF, 0xFFFF, 0xFFFF, 0xFFFF, 0xFFFF, 0xFFFF, 0xFFFF, 0xFFFF, 0xFFFF,
    0xFFFF, 0xFFFF, 0xFFFF, 0xFFFF, 0x0000, 0x0000, 0x0000, 0x0000, 0x0000, 0x0000, 0x0000, 0x0000, 0x0000, 0x0000, 0x0000, 0x0000,
    0x0000, 0x0000, 0x0000, 0x0000, 0x0000, 0x0000, 0x0000, 0x0000, 0x0000, 0x0000, 0x0000, 0x0000, 0x0000, 0x0000, 0x0000, 0x0000,
    0x0000, 0x0000, 0x0000, 0x0000, 0x0000, 0x0000, 0x0000, 0x0000, 0x0000, 0x0000, 0x0000, 0x0000, 0x0000, 0x0000, 0xFFFF, 0xFFFF,
    0xFFFF, 0xFFFF, 0xFFFF, 0xFFFF, 0xFFFF, 0xFFFF, 0xFFFF, 0xFFFF, 0xFFFF, 0xFFFF, 0x0000, 0x0000, 0x0000, 0x0000, 0x0000, 0x0000,
    0x0000, 0x0000, 0x0000, 0x0000, 0x0000, 0x0000, 0xFFFF, 0xFFFF, 0xFFFF, 0xFFFF, 0xFFFF, 0xFFFF, 0x0000, 0x0000, 0x0000, 0x0000,
    0x0000, 0x0000, 0x0000, 0x0000, 0x0000, 0x0000, 0x0000, 0x0000, 0x0000, 0x0000, 0x0000, 0x0000, 0x0000, 0x0000, 0x0000, 0x0000,
    0x0000, 0x0000, 0x0000, 0x0000, 0xFFFF, 0xFFFF, 0xFFFF, 0xFFFF, 0xFFFF, 0xFFFF, 0xFFFF, 0xFFFF, 0xFFFF, 0xFFFF, 0xFFFF, 0xFFFF,
    0x0000, 0x0000, 0x0000, 0x0000, 0x0000, 0x0000, 0xFFFF, 0xFFFF, 0xFFFF, 0xFFFF, 0xFFFF, 0xFFFF, 0xFFFF, 0xFFFF, 0xFFFF, 0xFFFF,
    0xFFFF, 0xFFFF, 0x0000, 0x0000, 0x0000, 0x0000, 0x0000, 0x0000, 0xFFFF, 0xFFFF, 0xFFFF, 0xFFFF, 0xFFFF, 0xFFFF, 0x0000, 0x0000,
    0x0000, 0x0000, 0x0000, 0x0000, 0x0000, 0x0000, 0x0000, 0x0000, 0x0000, 0x0000, 0xFFFF, 0xFFFF, 0xFFFF, 0xFFFF, 0xFFFF, 0xFFFF,
    0xFFFF, 0xFFFF, 0xFFFF, 0xFFFF, 0xFFFF, 0xFFFF, 0xFFFF, 0xFFFF, 0xFFFF, 0xFFFF, 0xFFFF, 0xFFFF, 0xFFFF, 0xFFFF, 0xFFFF, 0xFFFF,
    0xFFFF, 0xFFFF, 0xFFFF, 0xFFFF, 0xFFFF, 0xFFFF, 0xFFFF, 0xFFFF, 0xFFFF, 0xFFFF, 0xFFFF, 0xFFFF, 0xFFFF, 0xFFFF, 0xFFFF, 0xFFFF,
    0xFFFF, 0xFFFF, 0xFFFF, 0xFFFF, 0xFFFF, 0xFFFF, 0xFFFF, 0xFFFF, 0xFFFF, 0xFFFF, 0xFFFF, 0xFFFF, 0xFFFF, 0xFFFF, 0xFFFF, 0xFFFF,
    0xFFFF, 0xFFFF, 0xFFFF, 0xFFFF, 0xFFFF, 0xFFFF, 0xFFFF, 0xFFFF, 0xFFFF, 0xFFFF, 0xFFFF, 0xFFFF, 0xFFFF, 0xFFFF, 0xFFFF, 0xFFFF,
    0xFFFF, 0xFFFF, 0xFFFF, 0xFFFF, 0xFFFF, 0xFFFF, 0xFFFF, 0xFFFF, 0xFFFF, 0xFFFF, 0xFFFF, 0xFFFF, 0xFFFF, 0xFFFF, 0xFFFF, 0xFFFF,
    0xFFFF, 0xFFFF, 0xFFFF, 0xFFFF, 0xFFFF, 0xFFFF, 0xFFFF, 0xFFFF, 0xFFFF, 0xFFFF, 0xFFFF, 0xFFFF, 0xFFFF, 0xFFFF, 0xFFFF, 0xFFFF,
    0xFFFF, 0xFFFF, 0xFFFF, 0xFFFF, 0xFFFF, 0xFFFF, 0xFFFF, 0xFFFF, 0xFFFF, 0xFFFF, 0xFFFF, 0xFFFF, 0xFFFF, 0xFFFF, 0xFFFF, 0xFFFF,
    0xFFFF, 0xFFFF, 0xFFFF, 0xFFFF, 0xFFFF, 0xFFFF, 0xFFFF, 0xFFFF, 0xFFFF, 0xFFFF, 0xFFFF, 0xFFFF, 0xFFFF, 0xFFFF, 0xFFFF, 0xFFFF,
    0xFFFF, 0xFFFF, 0xFFFF, 0xFFFF, 0xFFFF, 0xFFFF, 0xFFFF, 0xFFFF, 0xFFFF, 0xFFFF, 0xFFFF, 0xFFFF, 0xFFFF, 0xFFFF, 0xFFFF, 0xFFFF,
    0xFFFF, 0xFFFF, 0xFFFF, 0xFFFF, 0xFFFF, 0xFFFF, 0xFFFF, 0xFFFF, 0xFFFF, 0xFFFF, 0xFFFF, 0xFFFF, 0xFFFF, 0xFFFF, 0xFFFF, 0xFFFF,
    0xFFFF, 0xFFFF, 0xFFFF, 0xFFFF, 0x0000, 0x0000, 0x0000, 0x0000, 0x0000, 0x0000, 0x0000, 0x0000, 0x0000, 0x0000, 0x0000, 0x0000,
    0x0000, 0x0000, 0x0000, 0x0000, 0x0000, 0x0000, 0x0000, 0x0000, 0x0000, 0x0000, 0x0000, 0x0000, 0x0000, 0x0000, 0x0000, 0x0000,
    0x0000, 0x0000, 0x0000, 0x0000, 0x0000, 0x0000, 0x0000, 0x0000, 0x0000, 0x0000, 0x0000, 0x0000, 0x0000, 0x0000, 0xFFFF, 0xFFFF,
    0xFFFF, 0xFFFF, 0xFFFF, 0xFFFF, 0xFFFF, 0xFFFF, 0xFFFF, 0xFFFF, 0xFFFF, 0xFFFF, 0x0000, 0x0000, 0x0000, 0x0000, 0x0000, 0x0000,
    0x0000, 0x0000, 0x0000, 0x0000, 0x0000, 0x0000, 0xFFFF, 0xFFFF, 0xFFFF, 0xFFFF, 0xFFFF, 0xFFFF, 0x0000, 0x0000, 0x0000, 0x0000,
    0x0000, 0x0000, 0x0000, 0x0000, 0x0000, 0x0000, 0x0000, 0x0000, 0x0000, 0x0000, 0x0000, 0x0000, 0x0000, 0x0000, 0x0000, 0x0000,
    0x0000, 0x0000, 0x0000, 0x0000, 0xFFFF, 0xFFFF, 0xFFFF, 0xFFFF, 0xFFFF, 0xFFFF, 0xFFFF, 0xFFFF, 0xFFFF, 0xFFFF, 0xFFFF, 0xFFFF,
    0x0000, 0x0000, 0x0000, 0x0000, 0x0000, 0x0000, 0xFFFF, 0xFFFF, 0xFFFF, 0xFFFF, 0xFFFF, 0xFFFF, 0xFFFF, 0xFFFF, 0xFFFF, 0xFFFF,
    0xFFFF, 0xFFFF, 0x0000, 0x0000, 0x0000, 0x0000, 0x0000, 0x0000, 0xFFFF, 0xFFFF, 0xFFFF, 0xFFFF, 0xFFFF, 0xFFFF, 0x0000, 0x0000,
    0x0000, 0x0000, 0x0000, 0x0000, 0x0000, 0x0000, 0x0000, 0x0000, 0x0000, 0x0000, 0xFFFF, 0xFFFF, 0xFFFF, 0xFFFF, 0xFFFF, 0xFFFF,
    0xFFFF, 0xFFFF, 0xFFFF, 0xFFFF, 0xFFFF, 0xFFFF, 0xFFFF, 0xFFFF, 0xFFFF, 0xFFFF, 0xFFFF, 0xFFFF, 0xFFFF, 0xFFFF, 0xFFFF, 0xFFFF,
    0xFFFF, 0xFFFF, 0xFFFF, 0xFFFF, 0xFFFF, 0xFFFF, 0xFFFF, 0xFFFF, 0xFFFF, 0xFFFF, 0xFFFF, 0xFFFF, 0xFFFF, 0xFFFF, 0xFFFF, 0xFFFF,
    0xFFFF, 0xFFFF, 0xFFFF, 0xFFFF, 0xFFFF, 0xFFFF, 0xFFFF, 0xFFFF, 0xFFFF, 0xFFFF, 0xFFFF, 0xFFFF, 0xFFFF, 0xFFFF, 0xFFFF, 0xFFFF,
    0xFFFF, 0xFFFF, 0xFFFF, 0xFFFF, 0xFFFF, 0xFFFF, 0xFFFF, 0xFFFF, 0xFFFF, 0xFFFF, 0xFFFF, 0xFFFF, 0xFFFF, 0xFFFF, 0xFFFF, 0xFFFF,
    0xFFFF, 0xFFFF, 0xFFFF, 0xFFFF, 0xFFFF, 0xFFFF, 0xFFFF, 0xFFFF, 0xFFFF, 0xFFFF, 0xFFFF, 0xFFFF, 0xFFFF, 0xFFFF, 0xFFFF, 0xFFFF,
    0xFFFF, 0xFFFF, 0xFFFF, 0xFFFF, 0xFFFF, 0xFFFF, 0xFFFF, 0xFFFF, 0xFFFF, 0xFFFF, 0xFFFF, 0xFFFF, 0xFFFF, 0xFFFF, 0xFFFF, 0xFFFF,
    0xFFFF, 0xFFFF, 0xFFFF, 0xFFFF, 0xFFFF, 0xFFFF, 0xFFFF, 0xFFFF, 0xFFFF, 0xFFFF, 0xFFFF, 0xFFFF, 0xFFFF, 0xFFFF, 0xFFFF, 0xFFFF,
    0xFFFF, 0xFFFF, 0xFFFF, 0xFFFF, 0xFFFF, 0xFFFF, 0xFFFF, 0xFFFF, 0xFFFF, 0xFFFF, 0xFFFF, 0xFFFF, 0xFFFF, 0xFFFF, 0xFFFF, 0xFFFF,
    0xFFFF, 0xFFFF, 0xFFFF, 0xFFFF, 0xFFFF, 0xFFFF, 0xFFFF, 0xFFFF, 0xFFFF, 0xFFFF, 0xFFFF, 0xFFFF, 0xFFFF, 0xFFFF, 0xFFFF, 0xFFFF,
    0xFFFF, 0xFFFF, 0xFFFF, 0xFFFF, 0xFFFF, 0xFFFF, 0xFFFF, 0xFFFF, 0xFFFF, 0xFFFF, 0xFFFF, 0xFFFF, 0xFFFF, 0xFFFF, 0xFFFF, 0xFFFF,
    0xFFFF, 0xFFFF, 0xFFFF, 0xFFFF, 0x0000, 0x0000, 0x0000, 0x0000, 0x0000, 0x0000, 0x0000, 0x0000, 0x0000, 0x0000, 0x0000, 0x0000,
    0x0000, 0x0000, 0x0000, 0x0000, 0x0000, 0x0000, 0x0000, 0x0000, 0x0000, 0x0000, 0x0000, 0x0000, 0x0000, 0x0000, 0x0000, 0x0000,
    0x0000, 0x0000, 0x0000, 0x0000, 0x0000, 0x0000, 0x0000, 0x0000, 0x0000, 0x0000, 0x0000, 0x0000, 0x0000, 0x0000, 0xFFFF, 0xFFFF,
    0xFFFF, 0xFFFF, 0xFFFF, 0xFFFF, 0xFFFF, 0xFFFF, 0xFFFF, 0xFFFF, 0xFFFF, 0xFFFF, 0x0000, 0x0000, 0x0000, 0x0000, 0x0000, 0x0000,
    0x0000, 0x0000, 0x0000, 0x0000, 0x0000, 0x0000, 0xFFFF, 0xFFFF, 0xFFFF, 0xFFFF, 0xFFFF, 0xFFFF, 0x0000, 0x0000, 0x0000, 0x0000,
    0x0000, 0x0000, 0x0000, 0x0000, 0x0000, 0x0000, 0x0000, 0x0000, 0x0000, 0x0000, 0x0000, 0x0000, 0x0000, 0x0000, 0x0000, 0x0000,
    0x0000, 0x0000, 0x0000, 0x0000, 0xFFFF, 0xFFFF, 0xFFFF, 0xFFFF, 0xFFFF, 0xFFFF, 0xFFFF, 0xFFFF, 0xFFFF, 0xFFFF, 0xFFFF, 0xFFFF,
    0x0000, 0x0000, 0x0000, 0x0000, 0x0000, 0x0000, 0xFFFF, 0xFFFF, 0xFFFF, 0xFFFF, 0xFFFF, 0xFFFF, 0xFFFF, 0xFFFF, 0xFFFF, 0xFFFF,
    0xFFFF, 0xFFFF, 0x0000, 0x0000, 0x0000, 0x0000, 0x0000, 0x0000, 0xFFFF, 0xFFFF, 0xFFFF, 0xFFFF, 0xFFFF, 0xFFFF, 0x0000, 0x0000,
    0x0000, 0x0000, 0x0000, 0x0000, 0x0000, 0x0000, 0x0000, 0x0000, 0x0000, 0x0000, 0xFFFF, 0xFFFF, 0xFFFF, 0xFFFF, 0xFFFF, 0xFFFF,
    0xFFFF, 0xFFFF, 0xFFFF, 0xFFFF, 0xFFFF, 0xFFFF, 0xFFFF, 0xFFFF, 0xFFFF, 0xFFFF, 0xFFFF, 0xFFFF, 0xFFFF, 0xFFFF, 0xFFFF, 0xFFFF,
    0xFFFF, 0xFFFF, 0xFFFF, 0xFFFF, 0xFFFF, 0xFFFF, 0xFFFF, 0xFFFF, 0xFFFF, 0xFFFF, 0xFFFF, 0xFFFF, 0xFFFF, 0xFFFF, 0xFFFF, 0xFFFF,
    0xFFFF, 0xFFFF, 0xFFFF, 0xFFFF, 0xFFFF, 0xFFFF, 0xFFFF, 0xFFFF, 0xFFFF, 0xFFFF, 0xFFFF, 0xFFFF, 0xFFFF, 0xFFFF, 0xFFFF, 0xFFFF,
    0xFFFF, 0xFFFF, 0xFFFF, 0xFFFF, 0xFFFF, 0xFFFF, 0xFFFF, 0xFFFF, 0xFFFF, 0xFFFF, 0xFFFF, 0xFFFF, 0xFFFF, 0xFFFF, 0xFFFF, 0xFFFF,
    0xFFFF, 0xFFFF, 0xFFFF, 0xFFFF, 0xFFFF, 0xFFFF, 0xFFFF, 0xFFFF, 0xFFFF, 0xFFFF, 0xFFFF, 0xFFFF, 0xFFFF, 0xFFFF, 0xFFFF, 0xFFFF,
    0xFFFF, 0xFFFF, 0xFFFF, 0xFFFF, 0xFFFF, 0xFFFF, 0xFFFF, 0xFFFF, 0xFFFF, 0xFFFF, 0xFFFF, 0xFFFF, 0xFFFF, 0xFFFF, 0xFFFF, 0xFFFF,
    0xFFFF, 0xFFFF, 0xFFFF, 0xFFFF, 0xFFFF, 0xFFFF, 0xFFFF, 0xFFFF, 0xFFFF, 0xFFFF, 0xFFFF, 0xFFFF, 0xFFFF, 0xFFFF, 0xFFFF, 0xFFFF,
    0xFFFF, 0xFFFF, 0xFFFF, 0xFFFF, 0xFFFF, 0xFFFF, 0xFFFF, 0xFFFF, 0xFFFF, 0xFFFF, 0xFFFF, 0xFFFF, 0xFFFF, 0xFFFF, 0xFFFF, 0xFFFF,
    0xFFFF, 0xFFFF, 0xFFFF, 0xFFFF, 0xFFFF, 0xFFFF, 0xFFFF, 0xFFFF, 0xFFFF, 0xFFFF, 0xFFFF, 0xFFFF, 0xFFFF, 0xFFFF, 0xFFFF, 0xFFFF,
    0xFFFF, 0xFFFF, 0xFFFF, 0xFFFF, 0xFFFF, 0xFFFF, 0xFFFF, 0xFFFF, 0xFFFF, 0xFFFF, 0xFFFF, 0xFFFF, 0xFFFF, 0xFFFF, 0xFFFF, 0xFFFF,
    0xFFFF, 0xFFFF, 0xFFFF, 0xFFFF, 0xFFFF, 0xFFFF, 0xFFFF, 0xFFFF, 0xFFFF, 0xFFFF, 0xFFFF, 0xFFFF, 0xFFFF, 0xFFFF, 0xFFFF, 0xFFFF,
    0xFFFF, 0xFFFF, 0xFFFF, 0xFFFF, 0xFFFF, 0xFFFF, 0xFFFF, 0xFFFF, 0xFFFF, 0xFFFF, 0xFFFF, 0xFFFF, 0xFFFF, 0xFFFF, 0xFFFF, 0xFFFF,
    0xFFFF, 0xFFFF, 0xFFFF, 0xFFFF, 0xFFFF, 0xFFFF, 0xFFFF, 0xFFFF, 0xFFFF, 0xFFFF, 0xFFFF, 0xFFFF, 0xFFFF, 0xFFFF, 0xFFFF, 0xFFFF,
    0xFFFF, 0xFFFF, 0xFFFF, 0xFFFF, 0xFFFF, 0xFFFF, 0xFFFF, 0xFFFF, 0xFFFF, 0xFFFF, 0xFFFF, 0xFFFF, 0xFFFF, 0xFFFF, 0xFFFF, 0xFFFF,
    0xFFFF, 0xFFFF, 0xFFFF, 0xFFFF, 0xFFFF, 0xFFFF, 0xFFFF, 0xFFFF, 0xFFFF, 0xFFFF, 0xFFFF, 0xFFFF, 0xFFFF, 0xFFFF, 0xFFFF, 0xFFFF,
    0xFFFF, 0xFFFF, 0xFFFF, 0xFFFF, 0xFFFF, 0xFFFF, 0xFFFF, 0xFFFF, 0xFFFF, 0xFFFF, 0xFFFF, 0xFFFF, 0xFFFF, 0xFFFF, 0xFFFF, 0xFFFF,
    0xFFFF, 0xFFFF, 0xFFFF, 0xFFFF, 0xFFFF, 0xFFFF, 0xFFFF, 0xFFFF, 0xFFFF, 0xFFFF, 0xFFFF, 0xFFFF, 0xFFFF, 0xFFFF, 0xFFFF, 0xFFFF,
    0xFFFF, 0xFFFF, 0xFFFF, 0xFFFF, 0xFFFF, 0xFFFF, 0xFFFF, 0xFFFF, 0xFFFF, 0xFFFF, 0xFFFF, 0xFFFF, 0xFFFF, 0xFFFF, 0xFFFF, 0xFFFF,
    0xFFFF, 0xFFFF, 0xFFFF, 0xFFFF, 0xFFFF, 0xFFFF, 0xFFFF, 0xFFFF, 0xFFFF, 0xFFFF, 0xFFFF, 0xFFFF, 0xFFFF, 0xFFFF, 0xFFFF, 0xFFFF,
    0xFFFF, 0xFFFF, 0xFFFF, 0xFFFF, 0xFFFF, 0xFFFF, 0xFFFF, 0xFFFF, 0xFFFF, 0xFFFF, 0xFFFF, 0xFFFF, 0xFFFF, 0xFFFF, 0xFFFF, 0xFFFF,
    0xFFFF, 0xFFFF, 0xFFFF, 0xFFFF, 0xFFFF, 0xFFFF, 0xFFFF, 0xFFFF, 0xFFFF, 0xFFFF, 0xFFFF, 0xFFFF, 0xFFFF, 0xFFFF, 0xFFFF, 0xFFFF,
    0xFFFF, 0xFFFF, 0xFFFF, 0xFFFF, 0xFFFF, 0xFFFF, 0xFFFF, 0xFFFF, 0xFFFF, 0xFFFF, 0xFFFF, 0xFFFF, 0xFFFF, 0xFFFF, 0xFFFF, 0xFFFF,
    0xFFFF, 0xFFFF, 0xFFFF, 0xFFFF, 0xFFFF, 0xFFFF, 0xFFFF, 0xFFFF, 0xFFFF, 0xFFFF, 0xFFFF, 0xFFFF, 0xFFFF, 0xFFFF, 0xFFFF, 0xFFFF,
    0xFFFF, 0xFFFF, 0xFFFF, 0xFFFF, 0xFFFF, 0xFFFF, 0xFFFF, 0xFFFF, 0xFFFF, 0xFFFF, 0xFFFF, 0xFFFF, 0xFFFF, 0xFFFF, 0xFFFF, 0xFFFF,
    0xFFFF, 0xFFFF, 0xFFFF, 0xFFFF, 0xFFFF, 0xFFFF, 0xFFFF, 0xFFFF, 0xFFFF, 0xFFFF, 0xFFFF, 0xFFFF, 0xFFFF, 0xFFFF, 0xFFFF, 0xFFFF,
    0xFFFF, 0xFFFF, 0xFFFF, 0xFFFF, 0xFFFF, 0xFFFF, 0xFFFF, 0xFFFF, 0xFFFF, 0xFFFF, 0xFFFF, 0xFFFF, 0xFFFF, 0xFFFF, 0xFFFF, 0xFFFF,
    0xFFFF, 0xFFFF, 0xFFFF, 0xFFFF, 0xFFFF, 0xFFFF, 0xFFFF, 0xFFFF, 0xFFFF, 0xFFFF, 0xFFFF, 0xFFFF, 0xFFFF, 0xFFFF, 0xFFFF, 0xFFFF,
    0xFFFF, 0xFFFF, 0xFFFF, 0xFFFF, 0xFFFF, 0xFFFF, 0xFFFF, 0xFFFF, 0xFFFF, 0xFFFF, 0xFFFF, 0xFFFF, 0xFFFF, 0xFFFF, 0xFFFF, 0xFFFF,
    0xFFFF, 0xFFFF, 0xFFFF, 0xFFFF, 0xFFFF, 0xFFFF, 0xFFFF, 0xFFFF, 0xFFFF, 0xFFFF, 0xFFFF, 0xFFFF, 0xFFFF, 0xFFFF, 0xFFFF, 0xFFFF,
    0xFFFF, 0xFFFF, 0xFFFF, 0xFFFF, 0xFFFF, 0xFFFF, 0xFFFF, 0xFFFF, 0xFFFF, 0xFFFF, 0xFFFF, 0xFFFF, 0xFFFF, 0xFFFF, 0xFFFF, 0xFFFF,
    0xFFFF, 0xFFFF, 0xFFFF, 0xFFFF, 0xFFFF, 0xFFFF, 0xFFFF, 0xFFFF, 0xFFFF, 0xFFFF, 0xFFFF, 0xFFFF, 0xFFFF, 0xFFFF, 0xFFFF, 0xFFFF,
    0xFFFF, 0xFFFF, 0xFFFF, 0xFFFF, 0xFFFF, 0xFFFF, 0xFFFF, 0xFFFF, 0xFFFF, 0xFFFF, 0xFFFF, 0xFFFF, 0xFFFF, 0xFFFF, 0xFFFF, 0xFFFF,
    0xFFFF, 0xFFFF, 0xFFFF, 0xFFFF, 0xFFFF, 0xFFFF, 0xFFFF, 0xFFFF, 0xFFFF, 0xFFFF, 0xFFFF, 0xFFFF, 0xFFFF, 0xFFFF, 0xFFFF, 0xFFFF,
    0xFFFF, 0xFFFF, 0xFFFF, 0xFFFF, 0xFFFF, 0xFFFF, 0xFFFF, 0xFFFF, 0xFFFF, 0xFFFF, 0xFFFF, 0xFFFF, 0xFFFF, 0xFFFF, 0xFFFF, 0xFFFF,
    0xFFFF, 0xFFFF, 0xFFFF, 0xFFFF, 0xFFFF, 0xFFFF, 0xFFFF, 0xFFFF, 0xFFFF, 0xFFFF, 0xFFFF, 0xFFFF, 0xFFFF, 0xFFFF, 0xFFFF, 0xFFFF,
    0xFFFF, 0xFFFF, 0xFFFF, 0xFFFF, 0xFFFF, 0xFFFF, 0xFFFF, 0xFFFF, 0xFFFF, 0xFFFF, 0xFFFF, 0xFFFF, 0xFFFF, 0xFFFF, 0xFFFF, 0xFFFF,
    0xFFFF, 0xFFFF, 0xFFFF, 0xFFFF, 0xFFFF, 0xFFFF, 0xFFFF, 0xFFFF, 0xFFFF, 0xFFFF, 0xFFFF, 0xFFFF, 0xFFFF, 0xFFFF, 0xFFFF, 0xFFFF,
    0xFFFF, 0xFFFF, 0xFFFF, 0xFFFF, 0xFFFF, 0xFFFF, 0xFFFF, 0xFFFF, 0xFFFF, 0xFFFF, 0xFFFF, 0xFFFF, 0xFFFF, 0xFFFF, 0xFFFF, 0xFFFF,
    0xFFFF, 0xFFFF, 0xFFFF, 0xFFFF, 0xFFFF, 0xFFFF, 0xFFFF, 0xFFFF, 0xFFFF, 0xFFFF, 0xFFFF, 0xFFFF, 0xFFFF, 0xFFFF, 0xFFFF, 0xFFFF,
    0xFFFF, 0xFFFF, 0xFFFF, 0xFFFF, 0xFFFF, 0xFFFF, 0xFFFF, 0xFFFF, 0xFFFF, 0xFFFF, 0xFFFF, 0xFFFF, 0xFFFF, 0xFFFF, 0xFFFF, 0xFFFF,
    0xFFFF, 0xFFFF, 0xFFFF, 0xFFFF, 0xFFFF, 0xFFFF, 0xFFFF, 0xFFFF, 0xFFFF, 0xFFFF, 0xFFFF, 0xFFFF, 0xFFFF, 0xFFFF, 0xFFFF, 0xFFFF,
    0xFFFF, 0xFFFF, 0xFFFF, 0xFFFF, 0xFFFF, 0xFFFF, 0xFFFF, 0xFFFF, 0xFFFF, 0xFFFF, 0xFFFF, 0xFFFF, 0xFFFF, 0xFFFF, 0xFFFF, 0xFFFF,
    0xFFFF, 0xFFFF, 0xFFFF, 0xFFFF, 0xFFFF, 0xFFFF, 0xFFFF, 0xFFFF, 0xFFFF, 0xFFFF, 0xFFFF, 0xFFFF, 0xFFFF, 0xFFFF, 0xFFFF, 0xFFFF,
    0xFFFF, 0xFFFF, 0xFFFF, 0xFFFF, 0xFFFF, 0xFFFF, 0xFFFF, 0xFFFF, 0xFFFF, 0xFFFF, 0xFFFF, 0xFFFF, 0xFFFF, 0xFFFF, 0xFFFF, 0xFFFF,
    0xFFFF, 0xFFFF, 0xFFFF, 0xFFFF, 0xFFFF, 0xFFFF, 0xFFFF, 0xFFFF, 0xFFFF, 0xFFFF, 0xFFFF, 0xFFFF, 0xFFFF, 0xFFFF, 0xFFFF, 0xFFFF,
    0xFFFF, 0xFFFF, 0xFFFF, 0xFFFF, 0xFFFF, 0xFFFF, 0xFFFF, 0xFFFF, 0xFFFF, 0xFFFF, 0xFFFF, 0xFFFF, 0xFFFF, 0xFFFF, 0xFFFF, 0xFFFF,
    0xFFFF, 0xFFFF, 0xFFFF, 0xFFFF, 0xFFFF, 0xFFFF, 0xFFFF, 0xFFFF, 0xFFFF, 0xFFFF, 0xFFFF, 0xFFFF, 0xFFFF, 0xFFFF, 0xFFFF, 0xFFFF,
    0xFFFF, 0xFFFF, 0xFFFF, 0xFFFF, 0xFFFF, 0xFFFF, 0xFFFF, 0xFFFF, 0xFFFF, 0xFFFF, 0xFFFF, 0xFFFF, 0xFFFF, 0xFFFF, 0xFFFF, 0xFFFF,
    0xFFFF, 0xFFFF, 0xFFFF, 0xFFFF, 0xFFFF, 0xFFFF, 0xFFFF, 0xFFFF, 0xFFFF, 0xFFFF, 0xFFFF, 0xFFFF, 0xFFFF, 0xFFFF, 0xFFFF, 0xFFFF,
    0xFFFF, 0xFFFF, 0xFFFF, 0xFFFF, 0xFFFF, 0xFFFF, 0xFFFF, 0xFFFF, 0xFFFF, 0xFFFF, 0xFFFF, 0xFFFF, 0xFFFF, 0xFFFF, 0xFFFF, 0xFFFF,
    0xFFFF, 0xFFFF, 0xFFFF, 0xFFFF, 0xFFFF, 0xFFFF, 0xFFFF, 0xFFFF, 0xFFFF, 0xFFFF, 0xFFFF, 0xFFFF, 0xFFFF, 0xFFFF, 0xFFFF, 0xFFFF,
    0xFFFF, 0xFFFF, 0xFFFF, 0xFFFF, 0xFFFF, 0xFFFF, 0xFFFF, 0xFFFF, 0xFFFF, 0xFFFF, 0xFFFF, 0xFFFF, 0xFFFF, 0xFFFF, 0xFFFF, 0xFFFF,
    0xFFFF, 0xFFFF, 0xFFFF, 0xFFFF, 0xFFFF, 0xFFFF, 0xFFFF, 0xFFFF, 0xFFFF, 0xFFFF, 0xFFFF, 0xFFFF, 0xFFFF, 0xFFFF, 0xFFFF, 0xFFFF,
    0xFFFF, 0xFFFF, 0xFFFF, 0xFFFF, 0xFFFF, 0xFFFF, 0xFFFF, 0xFFFF, 0xFFFF, 0xFFFF, 0xFFFF, 0xFFFF, 0xFFFF, 0xFFFF, 0xFFFF, 0xFFFF,
    0xFFFF, 0xFFFF, 0xFFFF, 0xFFFF, 0xFFFF, 0xFFFF, 0xFFFF, 0xFFFF, 0xFFFF, 0xFFFF, 0xFFFF, 0xFFFF, 0xFFFF, 0xFFFF, 0xFFFF, 0xFFFF,
    0xFFFF, 0xFFFF, 0xFFFF, 0xFFFF, 0xFFFF, 0xFFFF, 0xFFFF, 0xFFFF, 0xFFFF, 0xFFFF, 0xFFFF, 0xFFFF, 0xFFFF, 0xFFFF, 0xFFFF, 0xFFFF,
    0xFFFF, 0xFFFF, 0xFFFF, 0xFFFF, 0xFFFF, 0xFFFF, 0xFFFF, 0xFFFF, 0xFFFF, 0xFFFF, 0xFFFF, 0xFFFF, 0xFFFF, 0xFFFF, 0xFFFF, 0xFFFF,
    0xFFFF, 0xFFFF, 0xFFFF, 0xFFFF, 0xFFFF, 0xFFFF, 0xFFFF, 0xFFFF, 0xFFFF, 0xFFFF, 0xFFFF, 0xFFFF, 0xFFFF, 0xFFFF, 0xFFFF, 0xFFFF,
    0xFFFF, 0xFFFF, 0xFFFF, 0xFFFF, 0xFFFF, 0xFFFF, 0xFFFF, 0xFFFF, 0xFFFF, 0xFFFF, 0xFFFF, 0xFFFF, 0xFFFF, 0xFFFF, 0xFFFF, 0xFFFF,
    0xFFFF, 0xFFFF, 0xFFFF, 0xFFFF, 0xFFFF, 0xFFFF, 0xFFFF, 0xFFFF, 0xFFFF, 0xFFFF, 0xFFFF, 0xFFFF, 0xFFFF, 0xFFFF, 0xFFFF, 0xFFFF,
    0xFFFF, 0xFFFF, 0xFFFF, 0xFFFF, 0xFFFF, 0xFFFF, 0xFFFF, 0xFFFF, 0xFFFF, 0xFFFF, 0xFFFF, 0xFFFF, 0xFFFF, 0xFFFF, 0xFFFF, 0xFFFF,
    0xFFFF, 0xFFFF, 0xFFFF, 0xFFFF, 0xFFFF, 0xFFFF, 0xFFFF, 0xFFFF, 0xFFFF, 0xFFFF, 0xFFFF, 0xFFFF, 0xFFFF, 0xFFFF, 0xFFFF, 0xFFFF,
    0xFFFF, 0xFFFF, 0xFFFF, 0xFFFF, 0xFFFF, 0xFFFF, 0xFFFF, 0xFFFF, 0xFFFF, 0xFFFF, 0xFFFF, 0xFFFF, 0xFFFF, 0xFFFF, 0xFFFF, 0xFFFF,
    0xFFFF, 0xFFFF, 0xFFFF, 0xFFFF, 0xFFFF, 0xFFFF, 0xFFFF, 0xFFFF, 0xFFFF, 0xFFFF, 0xFFFF, 0xFFFF, 0xFFFF, 0xFFFF, 0xFFFF, 0xFFFF,
    0xFFFF, 0xFFFF, 0xFFFF, 0xFFFF, 0xFFFF, 0xFFFF, 0xFFFF, 0xFFFF, 0xFFFF, 0xFFFF, 0xFFFF, 0xFFFF, 0xFFFF, 0xFFFF, 0xFFFF, 0xFFFF,
    0xFFFF, 0xFFFF, 0xFFFF, 0xFFFF, 0xFFFF, 0xFFFF, 0xFFFF, 0xFFFF, 0xFFFF, 0xFFFF, 0xFFFF, 0xFFFF, 0xFFFF, 0xFFFF, 0xFFFF, 0xFFFF,
    0xFFFF, 0xFFFF, 0xFFFF, 0xFFFF, 0xFFFF, 0xFFFF, 0xFFFF, 0xFFFF, 0xFFFF, 0xFFFF, 0xFFFF, 0xFFFF, 0xFFFF, 0xFFFF, 0xFFFF, 0xFFFF,
    0xFFFF, 0xFFFF, 0xFFFF, 0xFFFF, 0xFFFF, 0xFFFF, 0xFFFF, 0xFFFF, 0xFFFF, 0xFFFF, 0xFFFF, 0xFFFF, 0xFFFF, 0xFFFF, 0xFFFF, 0xFFFF,
    0xFFFF, 0xFFFF, 0xFFFF, 0xFFFF, 0xFFFF, 0xFFFF, 0xFFFF, 0xFFFF, 0xFFFF, 0xFFFF, 0xFFFF, 0xFFFF, 0xFFFF, 0xFFFF, 0xFFFF, 0xFFFF,
    0xFFFF, 0xFFFF, 0xFFFF, 0xFFFF, 0xFFFF, 0xFFFF, 0xFFFF, 0xFFFF, 0xFFFF, 0xFFFF, 0xFFFF, 0xFFFF, 0xFFFF, 0xFFFF, 0xFFFF, 0xFFFF,
    0xFFFF, 0xFFFF, 0xFFFF, 0xFFFF, 0xFFFF, 0xFFFF, 0xFFFF, 0xFFFF, 0xFFFF, 0xFFFF, 0xFFFF, 0xFFFF, 0xFFFF, 0xFFFF, 0xFFFF, 0xFFFF,
    0xFFFF, 0xFFFF, 0xFFFF, 0xFFFF, 0xFFFF, 0xFFFF, 0xFFFF, 0xFFFF, 0xFFFF, 0xFFFF, 0xFFFF, 0xFFFF, 0xFFFF, 0xFFFF, 0xFFFF, 0xFFFF,
    0xFFFF, 0xFFFF, 0xFFFF, 0xFFFF, 0xFFFF, 0xFFFF, 0xFFFF, 0xFFFF, 0xFFFF, 0xFFFF, 0xFFFF, 0xFFFF, 0xFFFF, 0xFFFF, 0xFFFF, 0xFFFF,
    0xFFFF, 0xFFFF, 0xFFFF, 0xFFFF, 0xFFFF, 0xFFFF, 0xFFFF, 0xFFFF, 0xFFFF, 0xFFFF, 0xFFFF, 0xFFFF, 0xFFFF, 0xFFFF, 0xFFFF, 0xFFFF,
    0xFFFF, 0xFFFF, 0xFFFF, 0xFFFF, 0xFFFF, 0xFFFF, 0xFFFF, 0xFFFF, 0xFFFF, 0xFFFF, 0xFFFF, 0xFFFF, 0xFFFF, 0xFFFF, 0xFFFF, 0xFFFF,
    0xFFFF, 0xFFFF, 0xFFFF, 0xFFFF, 0xFFFF, 0xFFFF, 0xFFFF, 0xFFFF, 0xFFFF, 0xFFFF, 0xFFFF, 0xFFFF, 0xFFFF, 0xFFFF, 0xFFFF, 0xFFFF,
    0xFFFF, 0xFFFF, 0xFFFF, 0xFFFF, 0xFFFF, 0xFFFF, 0xFFFF, 0xFFFF, 0xFFFF, 0xFFFF, 0xFFFF, 0xFFFF, 0xFFFF, 0xFFFF, 0xFFFF, 0xFFFF,
    0xFFFF, 0xFFFF, 0xFFFF, 0xFFFF, 0xFFFF, 0xFFFF, 0xFFFF, 0xFFFF, 0xFFFF, 0xFFFF, 0xFFFF, 0xFFFF, 0xFFFF, 0xFFFF, 0xFFFF, 0xFFFF,
    0xFFFF, 0xFFFF, 0xFFFF, 0xFFFF, 0xFFFF, 0xFFFF, 0xFFFF, 0xFFFF, 0xFFFF, 0xFFFF, 0xFFFF, 0xFFFF, 0xFFFF, 0xFFFF, 0xFFFF, 0xFFFF,
    0xFFFF, 0xFFFF, 0xFFFF, 0xFFFF, 0xFFFF, 0xFFFF, 0xFFFF, 0xFFFF, 0xFFFF, 0xFFFF, 0xFFFF, 0xFFFF, 0xFFFF, 0xFFFF, 0xFFFF, 0xFFFF,
    0xFFFF, 0xFFFF, 0xFFFF, 0xFFFF, 0xFFFF, 0xFFFF, 0xFFFF, 0xFFFF, 0xFFFF, 0xFFFF, 0xFFFF, 0xFFFF, 0xFFFF, 0xFFFF, 0xFFFF, 0xFFFF,
    0xFFFF, 0xFFFF, 0xFFFF, 0xFFFF, 0xFFFF, 0xFFFF, 0xFFFF, 0xFFFF, 0xFFFF, 0xFFFF, 0xFFFF, 0xFFFF, 0xFFFF, 0xFFFF, 0xFFFF, 0xFFFF,
    0xFFFF, 0xFFFF, 0xFFFF, 0xFFFF, 0xFFFF, 0xFFFF, 0xFFFF, 0xFFFF, 0xFFFF, 0xFFFF, 0xFFFF, 0xFFFF, 0xFFFF, 0xFFFF, 0xFFFF, 0xFFFF,
    0xFFFF, 0xFFFF, 0xFFFF, 0xFFFF, 0xFFFF, 0xFFFF, 0xFFFF, 0xFFFF, 0xFFFF, 0xFFFF, 0xFFFF, 0xFFFF, 0xFFFF, 0xFFFF, 0xFFFF, 0xFFFF,
    0xFFFF, 0xFFFF, 0xFFFF, 0xFFFF, 0xFFFF, 0xFFFF, 0xFFFF, 0xFFFF, 0xFFFF, 0xFFFF, 0xFFFF, 0xFFFF, 0xFFFF, 0xFFFF, 0xFFFF, 0xFFFF,
    0xFFFF, 0xFFFF, 0xFFFF, 0xFFFF, 0xFFFF, 0xFFFF, 0xFFFF, 0xFFFF, 0xFFFF, 0xFFFF, 0xFFFF, 0xFFFF, 0xFFFF, 0xFFFF, 0xFFFF, 0xFFFF,
    0xFFFF, 0xFFFF, 0xFFFF, 0xFFFF, 0xFFFF, 0xFFFF, 0xFFFF, 0xFFFF, 0xFFFF, 0xFFFF, 0xFFFF, 0xFFFF, 0xFFFF, 0xFFFF, 0xFFFF, 0xFFFF,
    0xFFFF, 0xFFFF, 0xFFFF, 0xFFFF, 0xFFFF, 0xFFFF, 0xFFFF, 0xFFFF, 0xFFFF, 0xFFFF, 0xFFFF, 0xFFFF, 0xFFFF, 0xFFFF, 0xFFFF, 0xFFFF,
    0xFFFF, 0xFFFF, 0xFFFF, 0xFFFF, 0xFFFF, 0xFFFF, 0xFFFF, 0xFFFF, 0xFFFF, 0xFFFF, 0xFFFF, 0xFFFF, 0xFFFF, 0xFFFF, 0xFFFF, 0xFFFF,
    0xFFFF, 0xFFFF, 0xFFFF, 0xFFFF, 0xFFFF, 0xFFFF, 0xFFFF, 0xFFFF, 0xFFFF, 0xFFFF, 0xFFFF, 0xFFFF, 0xFFFF, 0xFFFF, 0xFFFF, 0xFFFF,
    0xFFFF, 0xFFFF, 0xFFFF, 0xFFFF, 0xFFFF, 0xFFFF, 0xFFFF, 0xFFFF, 0xFFFF, 0xFFFF, 0xFFFF, 0xFFFF, 0xFFFF, 0xFFFF, 0xFFFF, 0xFFFF,
    0xFFFF, 0xFFFF, 0xFFFF, 0xFFFF, 0xFFFF, 0xFFFF, 0xFFFF, 0xFFFF, 0xFFFF, 0xFFFF, 0xFFFF, 0xFFFF, 0xFFFF, 0xFFFF, 0xFFFF, 0xFFFF,
    0xFFFF, 0xFFFF, 0xFFFF, 0xFFFF, 0xFFFF, 0xFFFF, 0xFFFF, 0xFFFF, 0xFFFF, 0xFFFF, 0xFFFF, 0xFFFF, 0xFFFF, 0xFFFF, 0xFFFF, 0xFFFF,
    0xFFFF, 0xFFFF, 0xFFFF, 0xFFFF, 0xFFFF, 0xFFFF, 0xFFFF, 0xFFFF, 0xFFFF, 0xFFFF, 0xFFFF, 0xFFFF, 0xFFFF, 0xFFFF, 0xFFFF, 0xFFFF,
    0xFFFF, 0xFFFF, 0xFFFF, 0xFFFF, 0xFFFF, 0xFFFF, 0xFFFF, 0xFFFF, 0xFFFF, 0xFFFF, 0xFFFF, 0xFFFF, 0xFFFF, 0xFFFF, 0xFFFF, 0xFFFF,
    0xFFFF, 0xFFFF, 0xFFFF, 0xFFFF, 0xFFFF, 0xFFFF, 0xFFFF, 0xFFFF, 0xFFFF, 0xFFFF, 0xFFFF, 0xFFFF, 0xFFFF, 0xFFFF, 0xFFFF, 0xFFFF,
    0xFFFF, 0xFFFF, 0xFFFF, 0xFFFF, 0xFFFF, 0xFFFF, 0xFFFF, 0xFFFF, 0xFFFF, 0xFFFF, 0xFFFF, 0xFFFF, 0xFFFF, 0xFFFF, 0xFFFF, 0xFFFF,
    0xFFFF, 0xFFFF, 0xFFFF, 0xFFFF, 0xFFFF, 0xFFFF, 0xFFFF, 0xFFFF, 0xFFFF, 0xFFFF, 0xFFFF, 0xFFFF, 0xFFFF, 0xFFFF, 0xFFFF, 0xFFFF,
    0xFFFF, 0xFFFF, 0xFFFF, 0xFFFF, 0xFFFF, 0xFFFF, 0xFFFF, 0xFFFF, 0xFFFF, 0xFFFF, 0xFFFF, 0xFFFF, 0xFFFF, 0xFFFF, 0xFFFF, 0xFFFF,
    0xFFFF, 0xFFFF, 0xFFFF, 0xFFFF, 0xFFFF, 0xFFFF, 0xFFFF, 0xFFFF, 0xFFFF, 0xFFFF, 0xFFFF, 0xFFFF, 0xFFFF, 0xFFFF, 0xFFFF, 0xFFFF,
    0xFFFF, 0xFFFF, 0xFFFF, 0xFFFF, 0xFFFF, 0xFFFF, 0xFFFF, 0xFFFF, 0xFFFF, 0xFFFF, 0xFFFF, 0xFFFF, 0xFFFF, 0xFFFF, 0xFFFF, 0xFFFF,
    0xFFFF, 0xFFFF, 0xFFFF, 0xFFFF, 0xFFFF, 0xFFFF, 0xFFFF, 0xFFFF, 0xFFFF, 0xFFFF, 0xFFFF, 0xFFFF, 0xFFFF, 0xFFFF, 0xFFFF, 0xFFFF,
    0xFFFF, 0xFFFF, 0xFFFF, 0xFFFF, 0xFFFF, 0xFFFF, 0xFFFF, 0xFFFF, 0xFFFF, 0xFFFF, 0xFFFF, 0xFFFF, 0xFFFF, 0xFFFF, 0xFFFF, 0xFFFF,
    0xFFFF, 0xFFFF, 0xFFFF, 0xFFFF, 0xFFFF, 0xFFFF, 0xFFFF, 0xFFFF, 0xFFFF, 0xFFFF, 0xFFFF, 0xFFFF, 0xFFFF, 0xFFFF, 0xFFFF, 0xFFFF,
    0xFFFF, 0xFFFF, 0xFFFF, 0xFFFF, 0xFFFF, 0xFFFF, 0xFFFF, 0xFFFF, 0xFFFF, 0xFFFF, 0xFFFF, 0xFFFF, 0xFFFF, 0xFFFF, 0xFFFF, 0xFFFF,
    0xFFFF, 0xFFFF, 0xFFFF, 0xFFFF, 0xFFFF, 0xFFFF, 0xFFFF, 0xFFFF, 0xFFFF, 0xFFFF, 0xFFFF, 0xFFFF, 0xFFFF, 0xFFFF, 0xFFFF, 0xFFFF,
    0xFFFF, 0xFFFF, 0xFFFF, 0xFFFF, 0xFFFF, 0xFFFF, 0xFFFF, 0xFFFF, 0xFFFF, 0xFFFF, 0xFFFF, 0xFFFF, 0xFFFF, 0xFFFF, 0xFFFF, 0xFFFF,
    0xFFFF, 0xFFFF, 0xFFFF, 0xFFFF, 0xFFFF, 0xFFFF, 0xFFFF, 0xFFFF, 0xFFFF, 0xFFFF, 0xFFFF, 0xFFFF, 0xFFFF, 0xFFFF, 0xFFFF, 0xFFFF,
    0xFFFF, 0xFFFF, 0xFFFF, 0xFFFF, 0xFFFF, 0xFFFF, 0xFFFF, 0xFFFF, 0xFFFF, 0xFFFF, 0xFFFF, 0xFFFF, 0xFFFF, 0xFFFF, 0xFFFF, 0xFFFF,
    0xFFFF, 0xFFFF, 0xFFFF, 0xFFFF, 0xFFFF, 0xFFFF, 0xFFFF, 0xFFFF, 0xFFFF, 0xFFFF, 0xFFFF, 0xFFFF, 0xFFFF, 0xFFFF, 0xFFFF, 0xFFFF,
    0xFFFF, 0xFFFF, 0xFFFF, 0xFFFF, 0xFFFF, 0xFFFF, 0xFFFF, 0xFFFF, 0xFFFF, 0xFFFF, 0xFFFF, 0xFFFF, 0xFFFF, 0xFFFF, 0xFFFF, 0xFFFF,
    0xFFFF, 0xFFFF, 0xFFFF, 0xFFFF, 0xFFFF, 0xFFFF, 0xFFFF, 0xFFFF, 0xFFFF, 0xFFFF, 0xFFFF, 0xFFFF, 0xFFFF, 0xFFFF, 0xFFFF, 0xFFFF,
    0xFFFF, 0xFFFF, 0xFFFF, 0xFFFF, 0xFFFF, 0xFFFF, 0xFFFF, 0xFFFF, 0xFFFF, 0xFFFF, 0xFFFF, 0xFFFF, 0xFFFF, 0xFFFF, 0xFFFF, 0xFFFF,
    0xFFFF, 0xFFFF, 0xFFFF, 0xFFFF, 0xFFFF, 0xFFFF, 0xFFFF, 0xFFFF, 0xFFFF, 0xFFFF, 0xFFFF, 0xFFFF, 0xFFFF, 0xFFFF, 0xFFFF, 0xFFFF,
    0xFFFF, 0xFFFF, 0xFFFF, 0xFFFF, 0xFFFF, 0xFFFF, 0xFFFF, 0xFFFF, 0xFFFF, 0xFFFF, 0xFFFF, 0xFFFF, 0xFFFF, 0xFFFF, 0xFFFF, 0xFFFF,
    0xFFFF, 0xFFFF, 0xFFFF, 0xFFFF, 0xFFFF, 0xFFFF, 0xFFFF, 0xFFFF, 0xFFFF, 0xFFFF, 0xFFFF, 0xFFFF, 0xFFFF, 0xFFFF, 0xFFFF, 0xFFFF,
    0xFFFF, 0xFFFF, 0xFFFF, 0xFFFF, 0xFFFF, 0xFFFF, 0xFFFF, 0xFFFF, 0xFFFF, 0xFFFF, 0xFFFF, 0xFFFF, 0xFFFF, 0xFFFF, 0xFFFF, 0xFFFF,
    0xFFFF, 0xFFFF, 0xFFFF, 0xFFFF, 0xFFFF, 0xFFFF, 0xFFFF, 0xFFFF, 0xFFFF, 0xFFFF, 0xFFFF, 0xFFFF, 0xFFFF, 0xFFFF, 0xFFFF, 0xFFFF,
    0xFFFF, 0xFFFF, 0xFFFF, 0xFFFF, 0xFFFF, 0xFFFF, 0xFFFF, 0xFFFF, 0xFFFF, 0xFFFF, 0xFFFF, 0xFFFF, 0xFFFF, 0xFFFF, 0xFFFF, 0xFFFF,
    0xFFFF, 0xFFFF, 0xFFFF, 0xFFFF, 0xFFFF, 0xFFFF, 0xFFFF, 0xFFFF, 0xFFFF, 0xFFFF, 0xFFFF, 0xFFFF, 0xFFFF, 0xFFFF, 0xFFFF, 0xFFFF,
    0xFFFF, 0xFFFF, 0xFFFF, 0xFFFF, 0xFFFF, 0xFFFF, 0xFFFF, 0xFFFF, 0xFFFF, 0xFFFF, 0xFFFF, 0xFFFF, 0xFFFF, 0xFFFF, 0xFFFF, 0xFFFF,
    0xFFFF, 0xFFFF, 0xFFFF, 0xFFFF, 0xFFFF, 0xFFFF, 0xFFFF, 0xFFFF, 0xFFFF, 0xFFFF, 0xFFFF, 0xFFFF, 0xFFFF, 0xFFFF, 0xFFFF, 0xFFFF,
    0xFFFF, 0xFFFF, 0xFFFF, 0xFFFF, 0xFFFF, 0xFFFF, 0xFFFF, 0xFFFF, 0xFFFF, 0xFFFF, 0xFFFF, 0xFFFF, 0xFFFF, 0xFFFF, 0xFFFF, 0xFFFF,
    0xFFFF, 0xFFFF, 0xFFFF, 0xFFFF, 0xFFFF, 0xFFFF, 0xFFFF, 0xFFFF, 0xFFFF, 0xFFFF, 0xFFFF, 0xFFFF, 0xFFFF, 0xFFFF, 0xFFFF, 0xFFFF,
    0xFFFF, 0xFFFF, 0xFFFF, 0xFFFF, 0xFFFF, 0xFFFF, 0xFFFF, 0xFFFF, 0xFFFF, 0xFFFF, 0xFFFF, 0xFFFF, 0xFFFF, 0xFFFF, 0xFFFF, 0xFFFF,
    0xFFFF, 0xFFFF, 0xFFFF, 0xFFFF, 0xFFFF, 0xFFFF, 0xFFFF, 0xFFFF, 0xFFFF, 0xFFFF, 0xFFFF, 0xFFFF, 0xFFFF, 0xFFFF, 0xFFFF, 0xFFFF,
    0xFFFF, 0xFFFF, 0xFFFF, 0xFFFF, 0xFFFF, 0xFFFF, 0xFFFF, 0xFFFF, 0xFFFF, 0xFFFF, 0xFFFF, 0xFFFF, 0xFFFF, 0xFFFF, 0xFFFF, 0xFFFF,
    0xFFFF, 0xFFFF, 0xFFFF, 0xFFFF, 0xFFFF, 0xFFFF, 0xFFFF, 0xFFFF, 0xFFFF, 0xFFFF, 0xFFFF, 0xFFFF, 0xFFFF, 0xFFFF, 0xFFFF, 0xFFFF,
    0xFFFF, 0xFFFF, 0xFFFF, 0xFFFF, 0xFFFF, 0xFFFF, 0xFFFF, 0xFFFF, 0xFFFF, 0xFFFF, 0xFFFF, 0xFFFF, 0xFFFF, 0xFFFF, 0xFFFF, 0xFFFF,
    0xFFFF, 0xFFFF, 0xFFFF, 0xFFFF, 0xFFFF, 0xFFFF, 0xFFFF, 0xFFFF, 0xFFFF, 0xFFFF, 0xFFFF, 0xFFFF, 0xFFFF, 0xFFFF, 0xFFFF, 0xFFFF,
    0xFFFF, 0xFFFF, 0xFFFF, 0xFFFF, 0xFFFF, 0xFFFF, 0xFFFF, 0xFFFF, 0xFFFF, 0xFFFF, 0xFFFF, 0xFFFF, 0xFFFF, 0xFFFF, 0xFFFF, 0xFFFF,
    0xFFFF, 0xFFFF, 0xFFFF, 0xFFFF, 0xFFFF, 0xFFFF, 0xFFFF, 0xFFFF, 0xFFFF, 0xFFFF, 0xFFFF, 0xFFFF, 0xFFFF, 0xFFFF, 0xFFFF, 0xFFFF,
    0xFFFF, 0xFFFF, 0xFFFF, 0xFFFF, 0xFFFF, 0xFFFF, 0xFFFF, 0xFFFF, 0xFFFF, 0xFFFF, 0xFFFF, 0xFFFF, 0xFFFF, 0xFFFF, 0xFFFF, 0xFFFF,
    0xFFFF, 0xFFFF, 0xFFFF, 0xFFFF, 0xFFFF, 0xFFFF, 0xFFFF, 0xFFFF, 0xFFFF, 0xFFFF, 0xFFFF, 0xFFFF, 0xFFFF, 0xFFFF, 0xFFFF, 0xFFFF,
    0xFFFF, 0xFFFF, 0xFFFF, 0xFFFF, 0xFFFF, 0xFFFF, 0xFFFF, 0xFFFF, 0xFFFF, 0xFFFF, 0xFFFF, 0xFFFF, 0xFFFF, 0xFFFF, 0xFFFF, 0xFFFF,
    0xFFFF, 0xFFFF, 0xFFFF, 0xFFFF, 0xFFFF, 0xFFFF, 0xFFFF, 0xFFFF, 0xFFFF, 0xFFFF, 0xFFFF, 0xFFFF, 0xFFFF, 0xFFFF, 0xFFFF, 0xFFFF,
    0xFFFF, 0xFFFF, 0xFFFF, 0xFFFF, 0xFFFF, 0xFFFF, 0xFFFF, 0xFFFF, 0xFFFF, 0xFFFF, 0xFFFF, 0xFFFF, 0xFFFF, 0xFFFF, 0xFFFF, 0xFFFF,
    0xFFFF, 0xFFFF, 0xFFFF, 0xFFFF, 0xFFFF, 0xFFFF, 0xFFFF, 0xFFFF, 0xFFFF, 0xFFFF, 0xFFFF, 0xFFFF, 0xFFFF, 0xFFFF, 0xFFFF, 0xFFFF,
    0xFFFF, 0xFFFF, 0xFFFF, 0xFFFF, 0xFFFF, 0xFFFF, 0xFFFF, 0xFFFF, 0xFFFF, 0xFFFF, 0xFFFF, 0xFFFF, 0xFFFF, 0xFFFF, 0xFFFF, 0xFFFF,
    0xFFFF, 0xFFFF, 0xFFFF, 0xFFFF, 0xFFFF, 0xFFFF, 0xFFFF, 0xFFFF, 0xFFFF, 0xFFFF, 0xFFFF, 0xFFFF, 0xFFFF, 0xFFFF, 0xFFFF, 0xFFFF,
    0xFFFF, 0xFFFF, 0xFFFF, 0xFFFF, 0xFFFF, 0xFFFF, 0xFFFF, 0xFFFF, 0xFFFF, 0xFFFF, 0xFFFF, 0xFFFF, 0xFFFF, 0xFFFF, 0xFFFF, 0xFFFF,
    0xFFFF, 0xFFFF, 0xFFFF, 0xFFFF, 0xFFFF, 0xFFFF, 0xFFFF, 0xFFFF, 0xFFFF, 0xFFFF, 0xFFFF, 0xFFFF, 0xFFFF, 0xFFFF, 0xFFFF, 0xFFFF,
    0xFFFF, 0xFFFF, 0xFFFF, 0xFFFF, 0xFFFF, 0xFFFF, 0xFFFF, 0xFFFF, 0xFFFF, 0xFFFF, 0xFFFF, 0xFFFF, 0xFFFF, 0xFFFF, 0xFFFF, 0xFFFF,
    0xFFFF, 0xFFFF, 0xFFFF, 0xFFFF, 0xFFFF, 0xFFFF, 0xFFFF, 0xFFFF, 0xFFFF, 0xFFFF, 0xFFFF, 0xFFFF, 0xFFFF, 0xFFFF, 0xFFFF, 0xFFFF,
    0xFFFF, 0xFFFF, 0xFFFF, 0xFFFF, 0xFFFF, 0xFFFF, 0xFFFF, 0xFFFF, 0xFFFF, 0xFFFF, 0xFFFF, 0xFFFF, 0xFFFF, 0xFFFF, 0xFFFF, 0xFFFF,
    0xFFFF, 0xFFFF, 0xFFFF, 0xFFFF, 0xFFFF, 0xFFFF, 0xFFFF, 0xFFFF, 0xFFFF, 0xFFFF, 0xFFFF, 0xFFFF, 0xFFFF, 0xFFFF, 0xFFFF, 0xFFFF,
    0xFFFF, 0xFFFF, 0xFFFF, 0xFFFF, 0xFFFF, 0xFFFF, 0xFFFF, 0xFFFF, 0xFFFF, 0xFFFF, 0xFFFF, 0xFFFF, 0xFFFF, 0xFFFF, 0xFFFF, 0xFFFF,
    0xFFFF, 0xFFFF, 0xFFFF, 0xFFFF, 0xFFFF, 0xFFFF, 0xFFFF, 0xFFFF, 0xFFFF, 0xFFFF, 0xFFFF, 0xFFFF, 0xFFFF, 0xFFFF, 0xFFFF, 0xFFFF,
    0xFFFF, 0xFFFF, 0xFFFF, 0xFFFF, 0xFFFF, 0xFFFF, 0xFFFF, 0xFFFF, 0xFFFF, 0xFFFF, 0xFFFF, 0xFFFF, 0xFFFF, 0xFFFF, 0xFFFF, 0xFFFF,
    0xFFFF, 0xFFFF, 0xFFFF, 0xFFFF, 0xFFFF, 0xFFFF, 0xFFFF, 0xFFFF, 0xFFFF, 0xFFFF, 0xFFFF, 0xFFFF, 0xFFFF, 0xFFFF, 0xFFFF, 0xFFFF,
    0xFFFF, 0xFFFF, 0xFFFF, 0xFFFF, 0xFFFF, 0xFFFF, 0xFFFF, 0xFFFF, 0xFFFF, 0xFFFF, 0xFFFF, 0xFFFF, 0xFFFF, 0xFFFF, 0xFFFF, 0xFFFF,
    0xFFFF, 0xFFFF, 0xFFFF, 0xFFFF, 0xFFFF, 0xFFFF, 0xFFFF, 0xFFFF, 0xFFFF, 0xFFFF, 0xFFFF, 0xFFFF, 0xFFFF, 0xFFFF, 0xFFFF, 0xFFFF,
    0xFFFF, 0xFFFF, 0xFFFF, 0xFFFF, 0xFFFF, 0xFFFF, 0xFFFF, 0xFFFF, 0xFFFF, 0xFFFF, 0xFFFF, 0xFFFF, 0xFFFF, 0xFFFF, 0xFFFF, 0xFFFF,
    0xFFFF, 0xFFFF, 0xFFFF, 0xFFFF, 0xFFFF, 0xFFFF, 0xFFFF, 0xFFFF, 0xFFFF, 0xFFFF, 0xFFFF, 0xFFFF, 0xFFFF, 0xFFFF, 0xFFFF, 0xFFFF,
    0xFFFF, 0xFFFF, 0xFFFF, 0xFFFF, 0xFFFF, 0xFFFF, 0xFFFF, 0xFFFF, 0xFFFF, 0xFFFF, 0xFFFF, 0xFFFF, 0xFFFF, 0xFFFF, 0xFFFF, 0xFFFF,
    0xFFFF, 0xFFFF, 0xFFFF, 0xFFFF, 0xFFFF, 0xFFFF, 0xFFFF, 0xFFFF, 0xFFFF, 0xFFFF, 0xFFFF, 0xFFFF, 0xFFFF, 0xFFFF, 0xFFFF, 0xFFFF,
    0xFFFF, 0xFFFF, 0xFFFF, 0xFFFF, 0xFFFF, 0xFFFF, 0xFFFF, 0xFFFF, 0xFFFF, 0xFFFF, 0xFFFF, 0xFFFF, 0xFFFF, 0xFFFF, 0xFFFF, 0xFFFF,
    0xFFFF, 0xFFFF, 0xFFFF, 0xFFFF, 0xFFFF, 0xFFFF, 0xFFFF, 0xFFFF, 0xFFFF, 0xFFFF, 0xFFFF, 0xFFFF, 0xFFFF, 0xFFFF, 0xFFFF, 0xFFFF,
    0xFFFF, 0xFFFF, 0xFFFF, 0xFFFF, 0xFFFF, 0xFFFF, 0xFFFF, 0xFFFF, 0xFFFF, 0xFFFF, 0xFFFF, 0xFFFF, 0xFFFF, 0xFFFF, 0xFFFF, 0xFFFF,
    0xFFFF, 0xFFFF, 0xFFFF, 0xFFFF, 0xFFFF, 0xFFFF, 0xFFFF, 0xFFFF, 0xFFFF, 0xFFFF, 0xFFFF, 0xFFFF, 0xFFFF, 0xFFFF, 0xFFFF, 0xFFFF,
    0xFFFF, 0xFFFF, 0xFFFF, 0xFFFF, 0xFFFF, 0xFFFF, 0xFFFF, 0xFFFF, 0xFFFF, 0xFFFF, 0xFFFF, 0xFFFF, 0xFFFF, 0xFFFF, 0xFFFF, 0xFFFF,
    0xFFFF, 0xFFFF, 0xFFFF, 0xFFFF, 0xFFFF, 0xFFFF, 0xFFFF, 0xFFFF, 0xFFFF, 0xFFFF, 0xFFFF, 0xFFFF, 0xFFFF, 0xFFFF, 0xFFFF, 0xFFFF,
    0xFFFF, 0xFFFF, 0xFFFF, 0xFFFF, 0xFFFF, 0xFFFF, 0xFFFF, 0xFFFF, 0xFFFF, 0xFFFF, 0xFFFF, 0xFFFF, 0xFFFF, 0xFFFF, 0xFFFF, 0xFFFF,
    0xFFFF, 0xFFFF, 0xFFFF, 0xFFFF, 0xFFFF, 0xFFFF, 0xFFFF, 0xFFFF, 0xFFFF, 0xFFFF, 0xFFFF, 0xFFFF, 0xFFFF, 0xFFFF, 0xFFFF, 0xFFFF,
    0xFFFF, 0xFFFF, 0xFFFF, 0xFFFF, 0xFFFF, 0xFFFF, 0xFFFF, 0xFFFF, 0xFFFF, 0xFFFF, 0xFFFF, 0xFFFF, 0xFFFF, 0xFFFF, 0xFFFF, 0xFFFF,
    0xFFFF, 0xFFFF, 0xFFFF, 0xFFFF, 0xFFFF, 0xFFFF, 0xFFFF, 0xFFFF, 0xFFFF, 0xFFFF, 0xFFFF, 0xFFFF, 0xFFFF, 0xFFFF, 0xFFFF, 0xFFFF,
    0xFFFF, 0xFFFF, 0xFFFF, 0xFFFF, 0xFFFF, 0xFFFF, 0xFFFF, 0xFFFF, 0xFFFF, 0xFFFF, 0xFFFF, 0xFFFF, 0xFFFF, 0xFFFF, 0xFFFF, 0xFFFF,
    0xFFFF, 0xFFFF, 0xFFFF, 0xFFFF, 0xFFFF, 0xFFFF, 0xFFFF, 0xFFFF, 0xFFFF, 0xFFFF, 0xFFFF, 0xFFFF, 0xFFFF, 0xFFFF, 0xFFFF, 0xFFFF,
    0xFFFF, 0xFFFF, 0xFFFF, 0xFFFF, 0xFFFF, 0xFFFF, 0xFFFF, 0xFFFF, 0xFFFF, 0xFFFF, 0xFFFF, 0xFFFF, 0xFFFF, 0xFFFF, 0xFFFF, 0xFFFF,
    0xFFFF, 0xFFFF, 0xFFFF, 0xFFFF, 0xFFFF, 0xFFFF, 0xFFFF, 0xFFFF, 0xFFFF, 0xFFFF, 0xFFFF, 0xFFFF, 0xFFFF, 0xFFFF, 0xFFFF, 0xFFFF,
    0xFFFF, 0xFFFF, 0xFFFF, 0xFFFF, 0xFFFF, 0xFFFF, 0xFFFF, 0xFFFF, 0xFFFF, 0xFFFF, 0xFFFF, 0xFFFF, 0xFFFF, 0xFFFF, 0xFFFF, 0xFFFF,
    0xFFFF, 0xFFFF, 0xFFFF, 0xFFFF, 0xFFFF, 0xFFFF, 0xFFFF, 0xFFFF, 0xFFFF, 0xFFFF, 0xFFFF, 0xFFFF, 0xFFFF, 0xFFFF, 0xFFFF, 0xFFFF,
    0xFFFF, 0xFFFF, 0xFFFF, 0xFFFF, 0xFFFF, 0xFFFF, 0xFFFF, 0xFFFF, 0xFFFF, 0xFFFF, 0xFFFF, 0xFFFF, 0xFFFF, 0xFFFF, 0xFFFF, 0xFFFF,
    0xFFFF, 0xFFFF, 0xFFFF, 0xFFFF, 0xFFFF, 0xFFFF, 0xFFFF, 0xFFFF, 0xFFFF, 0xFFFF, 0xFFFF, 0xFFFF, 0xFFFF, 0xFFFF, 0xFFFF, 0xFFFF,
    0xFFFF, 0xFFFF, 0xFFFF, 0xFFFF, 0xFFFF, 0xFFFF, 0xFFFF, 0xFFFF, 0xFFFF, 0xFFFF, 0xFFFF, 0xFFFF, 0xFFFF, 0xFFFF, 0xFFFF, 0xFFFF,
    0xFFFF, 0xFFFF, 0xFFFF, 0xFFFF, 0xFFFF, 0xFFFF, 0xFFFF, 0xFFFF, 0xFFFF, 0xFFFF, 0xFFFF, 0xFFFF, 0xFFFF, 0xFFFF, 0xFFFF, 0xFFFF,
    0xFFFF, 0xFFFF, 0xFFFF, 0xFFFF, 0xFFFF, 0xFFFF, 0xFFFF, 0xFFFF, 0xFFFF, 0xFFFF, 0xFFFF, 0xFFFF, 0xFFFF, 0xFFFF, 0xFFFF, 0xFFFF,
    0xFFFF, 0xFFFF, 0xFFFF, 0xFFFF, 0xFFFF, 0xFFFF, 0xFFFF, 0xFFFF, 0xFFFF, 0xFFFF, 0xFFFF, 0xFFFF, 0xFFFF, 0xFFFF, 0xFFFF, 0xFFFF,
    0xFFFF, 0xFFFF, 0xFFFF, 0xFFFF, 0xFFFF, 0xFFFF, 0xFFFF, 0xFFFF, 0xFFFF, 0xFFFF, 0xFFFF, 0xFFFF, 0xFFFF, 0xFFFF, 0xFFFF, 0xFFFF,
    0xFFFF, 0xFFFF, 0xFFFF, 0xFFFF, 0xFFFF, 0xFFFF, 0xFFFF, 0xFFFF, 0xFFFF, 0xFFFF, 0xFFFF, 0xFFFF, 0xFFFF, 0xFFFF, 0xFFFF, 0xFFFF,
    0xFFFF, 0xFFFF, 0xFFFF, 0xFFFF, 0xFFFF, 0xFFFF, 0xFFFF, 0xFFFF, 0xFFFF, 0xFFFF, 0xFFFF, 0xFFFF, 0xFFFF, 0xFFFF, 0xFFFF, 0xFFFF,
    0xFFFF, 0xFFFF, 0xFFFF, 0xFFFF, 0xFFFF, 0xFFFF, 0xFFFF, 0xFFFF, 0xFFFF, 0xFFFF, 0xFFFF, 0xFFFF, 0xFFFF, 0xFFFF, 0xFFFF, 0xFFFF,
    0xFFFF, 0xFFFF, 0xFFFF, 0xFFFF, 0xFFFF, 0xFFFF, 0xFFFF, 0xFFFF, 0xFFFF, 0xFFFF, 0xFFFF, 0xFFFF, 0xFFFF, 0xFFFF, 0xFFFF, 0xFFFF,
    0xFFFF, 0xFFFF, 0xFFFF, 0xFFFF, 0xFFFF, 0xFFFF, 0xFFFF, 0xFFFF, 0xFFFF, 0xFFFF, 0xFFFF, 0xFFFF, 0xFFFF, 0xFFFF, 0xFFFF, 0xFFFF,
    0xFFFF, 0xFFFF, 0xFFFF, 0xFFFF, 0xFFFF, 0xFFFF, 0xFFFF, 0xFFFF, 0xFFFF, 0xFFFF, 0xFFFF, 0xFFFF, 0xFFFF, 0xFFFF, 0xFFFF, 0xFFFF,
    0xFFFF, 0xFFFF, 0xFFFF, 0xFFFF, 0xFFFF, 0xFFFF, 0xFFFF, 0xFFFF, 0xFFFF, 0xFFFF, 0xFFFF, 0xFFFF, 0xFFFF, 0xFFFF, 0xFFFF, 0xFFFF,
    0xFFFF, 0xFFFF, 0xFFFF, 0xFFFF, 0xFFFF, 0xFFFF, 0xFFFF, 0xFFFF, 0xFFFF, 0xFFFF, 0xFFFF, 0xFFFF, 0xFFFF, 0xFFFF, 0xFFFF, 0xFFFF,
    0xFFFF, 0xFFFF, 0xFFFF, 0xFFFF, 0xFFFF, 0xFFFF, 0xFFFF, 0xFFFF, 0xFFFF, 0xFFFF, 0xFFFF, 0xFFFF, 0xFFFF, 0xFFFF, 0xFFFF, 0xFFFF,
    0xFFFF, 0xFFFF, 0xFFFF, 0xFFFF, 0xFFFF, 0xFFFF, 0xFFFF, 0xFFFF, 0xFFFF, 0xFFFF, 0xFFFF, 0xFFFF, 0xFFFF, 0xFFFF, 0xFFFF, 0xFFFF,
    0xFFFF, 0xFFFF, 0xFFFF, 0xFFFF, 0xFFFF, 0xFFFF, 0xFFFF, 0xFFFF, 0xFFFF, 0xFFFF, 0xFFFF, 0xFFFF, 0xFFFF, 0xFFFF, 0xFFFF, 0xFFFF,
    0xFFFF, 0xFFFF, 0xFFFF, 0xFFFF, 0xFFFF, 0xFFFF, 0xFFFF, 0xFFFF, 0xFFFF, 0xFFFF, 0xFFFF, 0xFFFF, 0xFFFF, 0xFFFF, 0xFFFF, 0xFFFF,
    0xFFFF, 0xFFFF, 0xFFFF, 0xFFFF, 0xFFFF, 0xFFFF, 0xFFFF, 0xFFFF, 0xFFFF, 0xFFFF, 0xFFFF, 0xFFFF, 0xFFFF, 0xFFFF, 0xFFFF, 0xFFFF,
    0xFFFF, 0xFFFF, 0xFFFF, 0xFFFF, 0xFFFF, 0xFFFF, 0xFFFF, 0xFFFF, 0xFFFF, 0xFFFF, 0xFFFF, 0xFFFF, 0xFFFF, 0xFFFF, 0xFFFF, 0xFFFF,
    0xFFFF, 0xFFFF, 0xFFFF, 0xFFFF, 0xFFFF, 0xFFFF, 0xFFFF, 0xFFFF, 0xFFFF, 0xFFFF, 0xFFFF, 0xFFFF, 0xFFFF, 0xFFFF, 0xFFFF, 0xFFFF,
    0xFFFF, 0xFFFF, 0xFFFF, 0xFFFF, 0xFFFF, 0xFFFF, 0xFFFF, 0xFFFF, 0xFFFF, 0xFFFF, 0xFFFF, 0xFFFF, 0xFFFF, 0xFFFF, 0xFFFF, 0xFFFF,
    0xFFFF, 0xFFFF, 0xFFFF, 0xFFFF, 0xFFFF, 0xFFFF, 0xFFFF, 0xFFFF, 0xFFFF, 0xFFFF, 0xFFFF, 0xFFFF, 0xFFFF, 0xFFFF, 0xFFFF, 0xFFFF,
    0xFFFF, 0xFFFF, 0xFFFF, 0xFFFF, 0xFFFF, 0xFFFF, 0xFFFF, 0xFFFF, 0xFFFF, 0xFFFF, 0xFFFF, 0xFFFF, 0xFFFF, 0xFFFF, 0xFFFF, 0xFFFF,
    0xFFFF, 0xFFFF, 0xFFFF, 0xFFFF, 0xFFFF, 0xFFFF, 0xFFFF, 0xFFFF, 0xFFFF, 0xFFFF, 0xFFFF, 0xFFFF, 0xFFFF, 0xFFFF, 0xFFFF, 0xFFFF,
    0xFFFF, 0xFFFF, 0xFFFF, 0xFFFF, 0xFFFF, 0xFFFF, 0xFFFF, 0xFFFF, 0xFFFF, 0xFFFF, 0xFFFF, 0xFFFF, 0xFFFF, 0xFFFF, 0xFFFF, 0xFFFF,
    0xFFFF, 0xFFFF, 0xFFFF, 0xFFFF, 0xFFFF, 0xFFFF, 0xFFFF, 0xFFFF, 0xFFFF, 0xFFFF, 0xFFFF, 0xFFFF, 0xFFFF, 0xFFFF, 0xFFFF, 0xFFFF,
    0xFFFF, 0xFFFF, 0xFFFF, 0xFFFF, 0xFFFF, 0xFFFF, 0xFFFF, 0xFFFF, 0xFFFF, 0xFFFF, 0xFFFF, 0xFFFF, 0xFFFF, 0xFFFF, 0xFFFF, 0xFFFF,
    0xFFFF, 0xFFFF, 0xFFFF, 0xFFFF, 0xFFFF, 0xFFFF, 0xFFFF, 0xFFFF, 0xFFFF, 0xFFFF, 0xFFFF, 0xFFFF, 0xFFFF, 0xFFFF, 0xFFFF, 0xFFFF,
    0xFFFF, 0xFFFF, 0xFFFF, 0xFFFF, 0xFFFF, 0xFFFF, 0xFFFF, 0xFFFF, 0xFFFF, 0xFFFF, 0xFFFF, 0xFFFF, 0xFFFF, 0xFFFF, 0xFFFF, 0xFFFF,
    0xFFFF, 0xFFFF, 0xFFFF, 0xFFFF, 0xFFFF, 0xFFFF, 0xFFFF, 0xFFFF, 0xFFFF, 0xFFFF, 0xFFFF, 0xFFFF, 0xFFFF, 0xFFFF, 0xFFFF, 0xFFFF,
    0xFFFF, 0xFFFF, 0xFFFF, 0xFFFF, 0xFFFF, 0xFFFF, 0xFFFF, 0xFFFF, 0xFFFF, 0xFFFF, 0xFFFF, 0xFFFF, 0xFFFF, 0xFFFF, 0xFFFF, 0xFFFF,
    0xFFFF, 0xFFFF, 0xFFFF, 0xFFFF, 0xFFFF, 0xFFFF, 0xFFFF, 0xFFFF, 0xFFFF, 0xFFFF, 0xFFFF, 0xFFFF, 0xFFFF, 0xFFFF, 0xFFFF, 0xFFFF,
    0xFFFF, 0xFFFF, 0xFFFF, 0xFFFF, 0xFFFF, 0xFFFF, 0xFFFF, 0xFFFF, 0xFFFF, 0xFFFF, 0xFFFF, 0xFFFF, 0xFFFF, 0xFFFF, 0xFFFF, 0xFFFF,
    0xFFFF, 0xFFFF, 0xFFFF, 0xFFFF, 0xFFFF, 0xFFFF, 0xFFFF, 0xFFFF, 0xFFFF, 0xFFFF, 0xFFFF, 0xFFFF, 0xFFFF, 0xFFFF, 0xFFFF, 0xFFFF,
    0xFFFF, 0xFFFF, 0xFFFF, 0xFFFF, 0xFFFF, 0xFFFF, 0xFFFF, 0xFFFF, 0xFFFF, 0xFFFF, 0xFFFF, 0xFFFF, 0xFFFF, 0xFFFF, 0xFFFF, 0xFFFF,
    0xFFFF, 0xFFFF, 0xFFFF, 0xFFFF, 0xFFFF, 0xFFFF, 0xFFFF, 0xFFFF, 0xFFFF, 0xFFFF, 0xFFFF, 0xFFFF, 0xFFFF, 0xFFFF, 0xFFFF, 0xFFFF,
    0xFFFF, 0xFFFF, 0xFFFF, 0xFFFF, 0xFFFF, 0xFFFF, 0xFFFF, 0xFFFF, 0xFFFF, 0xFFFF, 0xFFFF, 0xFFFF, 0xFFFF, 0xFFFF, 0xFFFF, 0xFFFF,
    0xFFFF, 0xFFFF, 0xFFFF, 0xFFFF, 0xFFFF, 0xFFFF, 0xFFFF, 0xFFFF, 0xFFFF, 0xFFFF, 0xFFFF, 0xFFFF, 0xFFFF, 0xFFFF, 0xFFFF, 0xFFFF,
    0xFFFF, 0xFFFF, 0xFFFF, 0xFFFF, 0xFFFF, 0xFFFF, 0xFFFF, 0xFFFF, 0xFFFF, 0xFFFF, 0xFFFF, 0xFFFF, 0xFFFF, 0xFFFF, 0xFFFF, 0xFFFF,
    0xFFFF, 0xFFFF, 0xFFFF, 0xFFFF, 0xFFFF, 0xFFFF, 0xFFFF, 0xFFFF, 0xFFFF, 0xFFFF, 0xFFFF, 0xFFFF, 0xFFFF, 0xFFFF, 0xFFFF, 0xFFFF,
    0xFFFF, 0xFFFF, 0xFFFF, 0xFFFF, 0xFFFF, 0xFFFF, 0xFFFF, 0xFFFF, 0xFFFF, 0xFFFF, 0xFFFF, 0xFFFF, 0xFFFF, 0xFFFF, 0xFFFF, 0xFFFF,
    0xFFFF, 0xFFFF, 0xFFFF, 0xFFFF, 0xFFFF, 0xFFFF, 0xFFFF, 0xFFFF, 0xFFFF, 0xFFFF, 0xFFFF, 0xFFFF, 0xFFFF, 0xFFFF, 0xFFFF, 0xFFFF,
    0xFFFF, 0xFFFF, 0xFFFF, 0xFFFF, 0xFFFF, 0xFFFF, 0xFFFF, 0xFFFF, 0xFFFF, 0xFFFF, 0xFFFF, 0xFFFF, 0xFFFF, 0xFFFF, 0xFFFF, 0xFFFF,
    0xFFFF, 0xFFFF, 0xFFFF, 0xFFFF, 0xFFFF, 0xFFFF, 0xFFFF, 0xFFFF, 0xFFFF, 0xFFFF, 0xFFFF, 0xFFFF, 0xFFFF, 0xFFFF, 0xFFFF, 0xFFFF,
    0xFFFF, 0xFFFF, 0xFFFF, 0xFFFF, 0xFFFF, 0xFFFF, 0xFFFF, 0xFFFF, 0xFFFF, 0xFFFF, 0xFFFF, 0xFFFF, 0xFFFF, 0xFFFF, 0xFFFF, 0xFFFF,
    0xFFFF, 0xFFFF, 0xFFFF, 0xFFFF, 0xFFFF, 0xFFFF, 0xFFFF, 0xFFFF, 0xFFFF, 0xFFFF, 0xFFFF, 0xFFFF, 0xFFFF, 0xFFFF, 0xFFFF, 0xFFFF,
    0xFFFF, 0xFFFF, 0xFFFF, 0xFFFF, 0xFFFF, 0xFFFF, 0xFFFF, 0xFFFF, 0xFFFF, 0xFFFF, 0xFFFF, 0xFFFF, 0xFFFF, 0xFFFF, 0xFFFF, 0xFFFF,
    0xFFFF, 0xFFFF, 0xFFFF, 0xFFFF, 0xFFFF, 0xFFFF, 0xFFFF, 0xFFFF, 0xFFFF, 0xFFFF, 0xFFFF, 0xFFFF, 0xFFFF, 0xFFFF, 0xFFFF, 0xFFFF,
    0xFFFF, 0xFFFF, 0xFFFF, 0xFFFF, 0xFFFF, 0xFFFF, 0xFFFF, 0xFFFF, 0xFFFF, 0xFFFF, 0xFFFF, 0xFFFF, 0xFFFF, 0xFFFF, 0xFFFF, 0xFFFF,
    0xFFFF, 0xFFFF, 0xFFFF, 0xFFFF, 0xFFFF, 0xFFFF, 0xFFFF, 0xFFFF, 0xFFFF, 0xFFFF, 0xFFFF, 0xFFFF, 0xFFFF, 0xFFFF, 0xFFFF, 0xFFFF,
    0xFFFF, 0xFFFF, 0xFFFF, 0xFFFF, 0xFFFF, 0xFFFF, 0xFFFF, 0xFFFF, 0xFFFF, 0xFFFF, 0xFFFF, 0xFFFF, 0xFFFF, 0xFFFF, 0xFFFF, 0xFFFF,
    0xFFFF, 0xFFFF, 0xFFFF, 0xFFFF, 0xFFFF, 0xFFFF, 0xFFFF, 0xFFFF, 0xFFFF, 0xFFFF, 0xFFFF, 0xFFFF, 0xFFFF, 0xFFFF, 0xFFFF, 0xFFFF,
    0xFFFF, 0xFFFF, 0xFFFF, 0xFFFF, 0xFFFF, 0xFFFF, 0xFFFF, 0xFFFF, 0xFFFF, 0xFFFF, 0xFFFF, 0xFFFF, 0xFFFF, 0xFFFF, 0xFFFF, 0xFFFF,
    0xFFFF, 0xFFFF, 0xFFFF, 0xFFFF, 0xFFFF, 0xFFFF, 0xFFFF, 0xFFFF, 0xFFFF, 0xFFFF, 0xFFFF, 0xFFFF, 0xFFFF, 0xFFFF, 0xFFFF, 0xFFFF,
    0xFFFF, 0xFFFF, 0xFFFF, 0xFFFF, 0xFFFF, 0xFFFF, 0xFFFF, 0xFFFF, 0xFFFF, 0xFFFF, 0xFFFF, 0xFFFF, 0xFFFF, 0xFFFF, 0xFFFF, 0xFFFF,
    0xFFFF, 0xFFFF, 0xFFFF, 0xFFFF, 0xFFFF, 0xFFFF, 0xFFFF, 0xFFFF, 0xFFFF, 0xFFFF, 0xFFFF, 0xFFFF, 0xFFFF, 0xFFFF, 0xFFFF, 0xFFFF,
    0xFFFF, 0xFFFF, 0xFFFF, 0xFFFF, 0xFFFF, 0xFFFF, 0xFFFF, 0xFFFF, 0xFFFF, 0xFFFF, 0xFFFF, 0xFFFF, 0xFFFF, 0xFFFF, 0xFFFF, 0xFFFF,
    0xFFFF, 0xFFFF, 0xFFFF, 0xFFFF, 0xFFFF, 0xFFFF, 0xFFFF, 0xFFFF, 0xFFFF, 0xFFFF, 0xFFFF, 0xFFFF, 0xFFFF, 0xFFFF, 0xFFFF, 0xFFFF,
    0xFFFF, 0xFFFF, 0xFFFF, 0xFFFF, 0xFFFF, 0xFFFF, 0xFFFF, 0xFFFF, 0xFFFF, 0xFFFF, 0xFFFF, 0xFFFF, 0xFFFF, 0xFFFF, 0xFFFF, 0xFFFF,
    0xFFFF, 0xFFFF, 0xFFFF, 0xFFFF, 0xFFFF, 0xFFFF, 0xFFFF, 0xFFFF, 0xFFFF, 0xFFFF, 0xFFFF, 0xFFFF, 0xFFFF, 0xFFFF, 0xFFFF, 0xFFFF,
    0xFFFF, 0xFFFF, 0xFFFF, 0xFFFF, 0xFFFF, 0xFFFF, 0xFFFF, 0xFFFF, 0xFFFF, 0xFFFF, 0xFFFF, 0xFFFF, 0xFFFF, 0xFFFF, 0xFFFF, 0xFFFF,
    0xFFFF, 0xFFFF, 0xFFFF, 0xFFFF, 0xFFFF, 0xFFFF, 0xFFFF, 0xFFFF, 0xFFFF, 0xFFFF, 0xFFFF, 0xFFFF, 0xFFFF, 0xFFFF, 0xFFFF, 0xFFFF,
    0xFFFF, 0xFFFF, 0xFFFF, 0xFFFF, 0xFFFF, 0xFFFF, 0xFFFF, 0xFFFF, 0xFFFF, 0xFFFF, 0xFFFF, 0xFFFF, 0xFFFF, 0xFFFF, 0xFFFF, 0xFFFF,
    0xFFFF, 0xFFFF, 0xFFFF, 0xFFFF, 0xFFFF, 0xFFFF, 0xFFFF, 0xFFFF, 0xFFFF, 0xFFFF, 0xFFFF, 0xFFFF, 0xFFFF, 0xFFFF, 0xFFFF, 0xFFFF,
    0xFFFF, 0xFFFF, 0xFFFF, 0xFFFF, 0xFFFF, 0xFFFF, 0xFFFF, 0xFFFF, 0xFFFF, 0xFFFF, 0xFFFF, 0xFFFF, 0xFFFF, 0xFFFF, 0xFFFF, 0xFFFF,
    0xFFFF, 0xFFFF, 0xFFFF, 0xFFFF, 0xFFFF, 0xFFFF, 0xFFFF, 0xFFFF, 0xFFFF, 0xFFFF, 0xFFFF, 0xFFFF, 0xFFFF, 0xFFFF, 0xFFFF, 0xFFFF,
    0xFFFF, 0xFFFF, 0xFFFF, 0xFFFF, 0xFFFF, 0xFFFF, 0xFFFF, 0xFFFF, 0xFFFF, 0xFFFF, 0xFFFF, 0xFFFF, 0xFFFF, 0xFFFF, 0xFFFF, 0xFFFF,
    0xFFFF, 0xFFFF, 0xFFFF, 0xFFFF, 0xFFFF, 0xFFFF, 0xFFFF, 0xFFFF, 0xFFFF, 0xFFFF, 0xFFFF, 0xFFFF, 0xFFFF, 0xFFFF, 0xFFFF, 0xFFFF,
    0xFFFF, 0xFFFF, 0xFFFF, 0xFFFF, 0xFFFF, 0xFFFF, 0xFFFF, 0xFFFF, 0xFFFF, 0xFFFF, 0xFFFF, 0xFFFF, 0xFFFF, 0xFFFF, 0xFFFF, 0xFFFF,
    0xFFFF, 0xFFFF, 0xFFFF, 0xFFFF, 0xFFFF, 0xFFFF, 0xFFFF, 0xFFFF, 0xFFFF, 0xFFFF, 0xFFFF, 0xFFFF, 0xFFFF, 0xFFFF, 0xFFFF, 0xFFFF,
    0xFFFF, 0xFFFF, 0xFFFF, 0xFFFF, 0xFFFF, 0xFFFF, 0xFFFF, 0xFFFF, 0xFFFF, 0xFFFF, 0xFFFF, 0xFFFF, 0xFFFF, 0xFFFF, 0xFFFF, 0xFFFF,
    0xFFFF, 0xFFFF, 0xFFFF, 0xFFFF, 0xFFFF, 0xFFFF, 0xFFFF, 0xFFFF, 0xFFFF, 0xFFFF, 0xFFFF, 0xFFFF, 0xFFFF, 0xFFFF, 0xFFFF, 0xFFFF,
    0xFFFF, 0xFFFF, 0xFFFF, 0xFFFF, 0xFFFF, 0xFFFF, 0xFFFF, 0xFFFF, 0xFFFF, 0xFFFF, 0xFFFF, 0xFFFF, 0xFFFF, 0xFFFF, 0xFFFF, 0xFFFF,
    0xFFFF, 0xFFFF, 0xFFFF, 0xFFFF, 0xFFFF, 0xFFFF, 0xFFFF, 0xFFFF, 0xFFFF, 0xFFFF, 0xFFFF, 0xFFFF, 0xFFFF, 0xFFFF, 0xFFFF, 0xFFFF,
    0xFFFF, 0xFFFF, 0xFFFF, 0xFFFF, 0xFFFF, 0xFFFF, 0xFFFF, 0xFFFF, 0xFFFF, 0xFFFF, 0xFFFF, 0xFFFF, 0xFFFF, 0xFFFF, 0xFFFF, 0xFFFF,
    0xFFFF, 0xFFFF, 0xFFFF, 0xFFFF, 0xFFFF, 0xFFFF, 0xFFFF, 0xFFFF, 0xFFFF, 0xFFFF, 0xFFFF, 0xFFFF, 0xFFFF, 0xFFFF, 0xFFFF, 0xFFFF,
    0xFFFF, 0xFFFF, 0xFFFF, 0xFFFF, 0xFFFF, 0xFFFF, 0xFFFF, 0xFFFF, 0xFFFF, 0xFFFF, 0xFFFF, 0xFFFF, 0xFFFF, 0xFFFF, 0xFFFF, 0xFFFF,
    0xFFFF, 0xFFFF, 0xFFFF, 0xFFFF, 0xFFFF, 0xFFFF, 0xFFFF, 0xFFFF, 0xFFFF, 0xFFFF, 0xFFFF, 0xFFFF, 0xFFFF, 0xFFFF, 0xFFFF, 0xFFFF,
    0xFFFF, 0xFFFF, 0xFFFF, 0xFFFF, 0xFFFF, 0xFFFF, 0xFFFF, 0xFFFF, 0xFFFF, 0xFFFF, 0xFFFF, 0xFFFF, 0xFFFF, 0xFFFF, 0xFFFF, 0xFFFF,
    0xFFFF, 0xFFFF, 0xFFFF, 0xFFFF, 0xFFFF, 0xFFFF, 0xFFFF, 0xFFFF, 0xFFFF, 0xFFFF, 0xFFFF, 0xFFFF, 0xFFFF, 0xFFFF, 0xFFFF, 0xFFFF,
    0xFFFF, 0xFFFF, 0xFFFF, 0xFFFF, 0xFFFF, 0xFFFF, 0xFFFF, 0xFFFF, 0xFFFF, 0xFFFF, 0xFFFF, 0xFFFF, 0xFFFF, 0xFFFF, 0xFFFF, 0xFFFF,
    0xFFFF, 0xFFFF, 0xFFFF, 0xFFFF, 0xFFFF, 0xFFFF, 0xFFFF, 0xFFFF, 0xFFFF, 0xFFFF, 0xFFFF, 0xFFFF, 0xFFFF, 0xFFFF, 0xFFFF, 0xFFFF,
    0xFFFF, 0xFFFF, 0xFFFF, 0xFFFF, 0xFFFF, 0xFFFF, 0xFFFF, 0xFFFF, 0xFFFF, 0xFFFF, 0xFFFF, 0xFFFF, 0xFFFF, 0xFFFF, 0xFFFF, 0xFFFF,
    0xFFFF, 0xFFFF, 0xFFFF, 0xFFFF, 0xFFFF, 0xFFFF, 0xFFFF, 0xFFFF, 0xFFFF, 0xFFFF, 0xFFFF, 0xFFFF, 0xFFFF, 0xFFFF, 0xFFFF, 0xFFFF,
    0xFFFF, 0xFFFF, 0xFFFF, 0xFFFF, 0xFFFF, 0xFFFF, 0xFFFF, 0xFFFF, 0xFFFF, 0xFFFF, 0xFFFF, 0xFFFF, 0xFFFF, 0xFFFF, 0xFFFF, 0xFFFF,
    0xFFFF, 0xFFFF, 0xFFFF, 0xFFFF, 0xFFFF, 0xFFFF, 0xFFFF, 0xFFFF, 0xFFFF, 0xFFFF, 0xFFFF, 0xFFFF, 0xFFFF, 0xFFFF, 0xFFFF, 0xFFFF,
    0xFFFF, 0xFFFF, 0xFFFF, 0xFFFF, 0xFFFF, 0xFFFF, 0xFFFF, 0xFFFF, 0xFFFF, 0xFFFF, 0xFFFF, 0xFFFF, 0xFFFF, 0xFFFF, 0xFFFF, 0xFFFF,
    0xFFFF, 0xFFFF, 0xFFFF, 0xFFFF, 0xFFFF, 0xFFFF, 0xFFFF, 0xFFFF, 0xFFFF, 0xFFFF, 0xFFFF, 0xFFFF, 0xFFFF, 0xFFFF, 0xFFFF, 0xFFFF,
    0xFFFF, 0xFFFF, 0xFFFF, 0xFFFF, 0xFFFF, 0xFFFF, 0xFFFF, 0xFFFF, 0xFFFF, 0xFFFF, 0xFFFF, 0xFFFF, 0xFFFF, 0xFFFF, 0xFFFF, 0xFFFF,
    0xFFFF, 0xFFFF, 0xFFFF, 0xFFFF, 0xFFFF, 0xFFFF, 0xFFFF, 0xFFFF, 0xFFFF, 0xFFFF, 0xFFFF, 0xFFFF, 0xFFFF, 0xFFFF, 0xFFFF, 0xFFFF,
    0xFFFF, 0xFFFF, 0xFFFF, 0xFFFF, 0xFFFF, 0xFFFF, 0xFFFF, 0xFFFF, 0xFFFF, 0xFFFF, 0xFFFF, 0xFFFF, 0xFFFF, 0xFFFF, 0xFFFF, 0xFFFF,
    0xFFFF, 0xFFFF, 0xFFFF, 0xFFFF, 0xFFFF, 0xFFFF, 0xFFFF, 0xFFFF, 0xFFFF, 0xFFFF, 0xFFFF, 0xFFFF, 0xFFFF, 0xFFFF, 0xFFFF, 0xFFFF,
    0xFFFF, 0xFFFF, 0xFFFF, 0xFFFF, 0xFFFF, 0xFFFF, 0xFFFF, 0xFFFF, 0xFFFF, 0xFFFF, 0xFFFF, 0xFFFF, 0xFFFF, 0xFFFF, 0xFFFF, 0xFFFF,
    0xFFFF, 0xFFFF, 0xFFFF, 0xFFFF, 0xFFFF, 0xFFFF, 0xFFFF, 0xFFFF, 0xFFFF, 0xFFFF, 0xFFFF, 0xFFFF, 0xFFFF, 0xFFFF, 0xFFFF, 0xFFFF,
    0xFFFF, 0xFFFF, 0xFFFF, 0xFFFF, 0xFFFF, 0xFFFF, 0xFFFF, 0xFFFF, 0xFFFF, 0xFFFF, 0xFFFF, 0xFFFF, 0xFFFF, 0xFFFF, 0xFFFF, 0xFFFF,
    0xFFFF, 0xFFFF, 0xFFFF, 0xFFFF, 0xFFFF, 0xFFFF, 0xFFFF, 0xFFFF, 0xFFFF, 0xFFFF, 0xFFFF, 0xFFFF, 0xFFFF, 0xFFFF, 0xFFFF, 0xFFFF,
    0xFFFF, 0xFFFF, 0xFFFF, 0xFFFF, 0xFFFF, 0xFFFF, 0xFFFF, 0xFFFF, 0xFFFF, 0xFFFF, 0xFFFF, 0xFFFF, 0xFFFF, 0xFFFF, 0xFFFF, 0xFFFF,
    0xFFFF, 0xFFFF, 0xFFFF, 0xFFFF, 0xFFFF, 0xFFFF, 0xFFFF, 0xFFFF, 0xFFFF, 0xFFFF, 0xFFFF, 0xFFFF, 0xFFFF, 0xFFFF, 0xFFFF, 0xFFFF,
    0xFFFF, 0xFFFF, 0xFFFF, 0xFFFF, 0xFFFF, 0xFFFF, 0xFFFF, 0xFFFF, 0xFFFF, 0xFFFF, 0xFFFF, 0xFFFF, 0xFFFF, 0xFFFF, 0xFFFF, 0xFFFF,
    0xFFFF, 0xFFFF, 0xFFFF, 0xFFFF, 0xFFFF, 0xFFFF, 0xFFFF, 0xFFFF, 0xFFFF, 0xFFFF, 0xFFFF, 0xFFFF, 0xFFFF, 0xFFFF, 0xFFFF, 0xFFFF,
    0xFFFF, 0xFFFF, 0xFFFF, 0xFFFF, 0xFFFF, 0xFFFF, 0xFFFF, 0xFFFF, 0xFFFF, 0xFFFF, 0xFFFF, 0xFFFF, 0xFFFF, 0xFFFF, 0xFFFF, 0xFFFF,
    0xFFFF, 0xFFFF, 0xFFFF, 0xFFFF, 0xFFFF, 0xFFFF, 0xFFFF, 0xFFFF, 0xFFFF, 0xFFFF, 0xFFFF, 0xFFFF, 0xFFFF, 0xFFFF, 0xFFFF, 0xFFFF,
    0xFFFF, 0xFFFF, 0xFFFF, 0xFFFF, 0xFFFF, 0xFFFF, 0xFFFF, 0xFFFF, 0xFFFF, 0xFFFF, 0xFFFF, 0xFFFF, 0xFFFF, 0xFFFF, 0xFFFF, 0xFFFF,
    0xFFFF, 0xFFFF, 0xFFFF, 0xFFFF, 0xFFFF, 0xFFFF, 0xFFFF, 0xFFFF, 0xFFFF, 0xFFFF, 0xFFFF, 0xFFFF, 0xFFFF, 0xFFFF, 0xFFFF, 0xFFFF,
    0xFFFF, 0xFFFF, 0xFFFF, 0xFFFF, 0xFFFF, 0xFFFF, 0xFFFF, 0xFFFF, 0xFFFF, 0xFFFF, 0xFFFF, 0xFFFF, 0xFFFF, 0xFFFF, 0xFFFF, 0xFFFF,
    0xFFFF, 0xFFFF, 0xFFFF, 0xFFFF, 0xFFFF, 0xFFFF, 0xFFFF, 0xFFFF, 0xFFFF, 0xFFFF, 0xFFFF, 0xFFFF, 0xFFFF, 0xFFFF, 0xFFFF, 0xFFFF,
    0xFFFF, 0xFFFF, 0xFFFF, 0xFFFF, 0xFFFF, 0xFFFF, 0xFFFF, 0xFFFF, 0xFFFF, 0xFFFF, 0xFFFF, 0xFFFF, 0xFFFF, 0xFFFF, 0xFFFF, 0xFFFF,
    0xFFFF, 0xFFFF, 0xFFFF, 0xFFFF, 0xFFFF, 0xFFFF, 0xFFFF, 0xFFFF, 0xFFFF, 0xFFFF, 0xFFFF, 0xFFFF, 0xFFFF, 0xFFFF, 0xFFFF, 0xFFFF,
    0xFFFF, 0xFFFF, 0xFFFF, 0xFFFF, 0xFFFF, 0xFFFF, 0xFFFF, 0xFFFF, 0xFFFF, 0xFFFF, 0xFFFF, 0xFFFF, 0xFFFF, 0xFFFF, 0xFFFF, 0xFFFF,
    0xFFFF, 0xFFFF, 0xFFFF, 0xFFFF, 0xFFFF, 0xFFFF, 0xFFFF, 0xFFFF, 0xFFFF, 0xFFFF, 0xFFFF, 0xFFFF, 0xFFFF, 0xFFFF, 0xFFFF, 0xFFFF,
    0xFFFF, 0xFFFF, 0xFFFF, 0xFFFF, 0xFFFF, 0xFFFF, 0xFFFF, 0xFFFF, 0xFFFF, 0xFFFF, 0xFFFF, 0xFFFF, 0xFFFF, 0xFFFF, 0xFFFF, 0xFFFF,
    0xFFFF, 0xFFFF, 0xFFFF, 0xFFFF, 0xFFFF, 0xFFFF, 0xFFFF, 0xFFFF, 0xFFFF, 0xFFFF, 0xFFFF, 0xFFFF, 0xFFFF, 0xFFFF, 0xFFFF, 0xFFFF,
    0xFFFF, 0xFFFF, 0xFFFF, 0xFFFF, 0xFFFF, 0xFFFF, 0xFFFF, 0xFFFF, 0xFFFF, 0xFFFF, 0xFFFF, 0xFFFF, 0xFFFF, 0xFFFF, 0xFFFF, 0xFFFF,
    0xFFFF, 0xFFFF, 0xFFFF, 0xFFFF, 0xFFFF, 0xFFFF, 0xFFFF, 0xFFFF, 0xFFFF, 0xFFFF, 0xFFFF, 0xFFFF, 0xFFFF, 0xFFFF, 0xFFFF, 0xFFFF,
    0xFFFF, 0xFFFF, 0xFFFF, 0xFFFF, 0xFFFF, 0xFFFF, 0xFFFF, 0xFFFF, 0xFFFF, 0xFFFF, 0xFFFF, 0xFFFF, 0xFFFF, 0xFFFF, 0xFFFF, 0xFFFF,
    0xFFFF, 0xFFFF, 0xFFFF, 0xFFFF, 0xFFFF, 0xFFFF, 0xFFFF, 0xFFFF, 0xFFFF, 0xFFFF, 0xFFFF, 0xFFFF, 0xFFFF, 0xFFFF, 0xFFFF, 0xFFFF,
    0xFFFF, 0xFFFF, 0xFFFF, 0xFFFF, 0xFFFF, 0xFFFF, 0xFFFF, 0xFFFF, 0xFFFF, 0xFFFF, 0xFFFF, 0xFFFF, 0xFFFF, 0xFFFF, 0xFFFF, 0xFFFF,
    0xFFFF, 0xFFFF, 0xFFFF, 0xFFFF, 0xFFFF, 0xFFFF, 0xFFFF, 0xFFFF, 0xFFFF, 0xFFFF, 0xFFFF, 0xFFFF, 0xFFFF, 0xFFFF, 0xFFFF, 0xFFFF,
    0xFFFF, 0xFFFF, 0xFFFF, 0xFFFF, 0xFFFF, 0xFFFF, 0xFFFF, 0xFFFF, 0xFFFF, 0xFFFF, 0xFFFF, 0xFFFF, 0xFFFF, 0xFFFF, 0xFFFF, 0xFFFF,
    0xFFFF, 0xFFFF, 0xFFFF, 0xFFFF, 0xFFFF, 0xFFFF, 0xFFFF, 0xFFFF, 0xFFFF, 0xFFFF, 0xFFFF, 0xFFFF, 0xFFFF, 0xFFFF, 0xFFFF, 0xFFFF,
    0xFFFF, 0xFFFF, 0xFFFF, 0xFFFF, 0xFFFF, 0xFFFF, 0xFFFF, 0xFFFF, 0xFFFF, 0xFFFF, 0xFFFF, 0xFFFF, 0xFFFF, 0xFFFF, 0xFFFF, 0xFFFF,
    0xFFFF, 0xFFFF, 0xFFFF, 0xFFFF, 0xFFFF, 0xFFFF, 0xFFFF, 0xFFFF, 0xFFFF, 0xFFFF, 0xFFFF, 0xFFFF, 0xFFFF, 0xFFFF, 0xFFFF, 0xFFFF,
    0xFFFF, 0xFFFF, 0xFFFF, 0xFFFF, 0xFFFF, 0xFFFF, 0xFFFF, 0xFFFF, 0xFFFF, 0xFFFF, 0xFFFF, 0xFFFF, 0xFFFF, 0xFFFF, 0xFFFF, 0xFFFF,
    0xFFFF, 0xFFFF, 0xFFFF, 0xFFFF, 0xFFFF, 0xFFFF, 0xFFFF, 0xFFFF, 0xFFFF, 0xFFFF, 0xFFFF, 0xFFFF, 0xFFFF, 0xFFFF, 0xFFFF, 0xFFFF,
    0xFFFF, 0xFFFF, 0xFFFF, 0xFFFF, 0xFFFF, 0xFFFF, 0xFFFF, 0xFFFF, 0xFFFF, 0xFFFF, 0xFFFF, 0xFFFF, 0xFFFF, 0xFFFF, 0xFFFF, 0xFFFF,
    0xFFFF, 0xFFFF, 0xFFFF, 0xFFFF, 0xFFFF, 0xFFFF, 0xFFFF, 0xFFFF, 0xFFFF, 0xFFFF, 0xFFFF, 0xFFFF, 0xFFFF, 0xFFFF, 0xFFFF, 0xFFFF,
    0xFFFF, 0xFFFF, 0xFFFF, 0xFFFF, 0xFFFF, 0xFFFF, 0xFFFF, 0xFFFF, 0xFFFF, 0xFFFF, 0xFFFF, 0xFFFF, 0xFFFF, 0xFFFF, 0xFFFF, 0xFFFF,
    0xFFFF, 0xFFFF, 0xFFFF, 0xFFFF, 0xFFFF, 0xFFFF, 0xFFFF, 0xFFFF, 0xFFFF, 0xFFFF, 0xFFFF, 0xFFFF, 0xFFFF, 0xFFFF, 0xFFFF, 0xFFFF,
    0xFFFF, 0xFFFF, 0xFFFF, 0xFFFF, 0xFFFF, 0xFFFF, 0xFFFF, 0xFFFF, 0xFFFF, 0xFFFF, 0xFFFF, 0xFFFF, 0xFFFF, 0xFFFF, 0xFFFF, 0xFFFF,
    0xFFFF, 0xFFFF, 0xFFFF, 0xFFFF, 0xFFFF, 0xFFFF, 0xFFFF, 0xFFFF, 0xFFFF, 0xFFFF, 0xFFFF, 0xFFFF, 0xFFFF, 0xFFFF, 0xFFFF, 0xFFFF,
    0xFFFF, 0xFFFF, 0xFFFF, 0xFFFF, 0xFFFF, 0xFFFF, 0xFFFF, 0xFFFF, 0xFFFF, 0xFFFF, 0xFFFF, 0xFFFF, 0xFFFF, 0xFFFF, 0xFFFF, 0xFFFF,
    0xFFFF, 0xFFFF, 0xFFFF, 0xFFFF, 0xFFFF, 0xFFFF, 0xFFFF, 0xFFFF, 0xFFFF, 0xFFFF, 0xFFFF, 0xFFFF, 0xFFFF, 0xFFFF, 0xFFFF, 0xFFFF,
    0xFFFF, 0xFFFF, 0xFFFF, 0xFFFF, 0xFFFF, 0xFFFF, 0xFFFF, 0xFFFF, 0xFFFF, 0xFFFF, 0xFFFF, 0xFFFF, 0xFFFF, 0xFFFF, 0xFFFF, 0xFFFF,
    0xFFFF, 0xFFFF, 0xFFFF, 0xFFFF, 0xFFFF, 0xFFFF, 0xFFFF, 0xFFFF, 0xFFFF, 0xFFFF, 0xFFFF, 0xFFFF, 0xFFFF, 0xFFFF, 0xFFFF, 0xFFFF,
    0xFFFF, 0xFFFF, 0xFFFF, 0xFFFF, 0xFFFF, 0xFFFF, 0xFFFF, 0xFFFF, 0xFFFF, 0xFFFF, 0xFFFF, 0xFFFF, 0xFFFF, 0xFFFF, 0xFFFF, 0xFFFF,
    0xFFFF, 0xFFFF, 0xFFFF, 0xFFFF, 0xFFFF, 0xFFFF, 0xFFFF, 0xFFFF, 0xFFFF, 0xFFFF, 0xFFFF, 0xFFFF, 0xFFFF, 0xFFFF, 0xFFFF, 0xFFFF,
    0xFFFF, 0xFFFF, 0xFFFF, 0xFFFF, 0xFFFF, 0xFFFF, 0xFFFF, 0xFFFF, 0xFFFF, 0xFFFF, 0xFFFF, 0xFFFF, 0xFFFF, 0xFFFF, 0xFFFF, 0xFFFF,
    0xFFFF, 0xFFFF, 0xFFFF, 0xFFFF, 0xFFFF, 0xFFFF, 0xFFFF, 0xFFFF, 0xFFFF, 0xFFFF, 0xFFFF, 0xFFFF, 0xFFFF, 0xFFFF, 0xFFFF, 0xFFFF,
    0xFFFF, 0xFFFF, 0xFFFF, 0xFFFF, 0xFFFF, 0xFFFF, 0xFFFF, 0xFFFF, 0xFFFF, 0xFFFF, 0xFFFF, 0xFFFF, 0xFFFF, 0xFFFF, 0xFFFF, 0xFFFF,
    0xFFFF, 0xFFFF, 0xFFFF, 0xFFFF, 0xFFFF, 0xFFFF, 0xFFFF, 0xFFFF, 0xFFFF, 0xFFFF, 0xFFFF, 0xFFFF, 0xFFFF, 0xFFFF, 0xFFFF, 0xFFFF,
    0xFFFF, 0xFFFF, 0xFFFF, 0xFFFF, 0xFFFF, 0xFFFF, 0xFFFF, 0xFFFF, 0xFFFF, 0xFFFF, 0xFFFF, 0xFFFF, 0xFFFF, 0xFFFF, 0xFFFF, 0xFFFF,
    0xFFFF, 0xFFFF, 0xFFFF, 0xFFFF, 0xFFFF, 0xFFFF, 0xFFFF, 0xFFFF, 0xFFFF, 0xFFFF, 0xFFFF, 0xFFFF, 0xFFFF, 0xFFFF, 0xFFFF, 0xFFFF,
    0xFFFF, 0xFFFF, 0xFFFF, 0xFFFF, 0xFFFF, 0xFFFF, 0xFFFF, 0xFFFF, 0xFFFF, 0xFFFF, 0xFFFF, 0xFFFF, 0xFFFF, 0xFFFF, 0xFFFF, 0xFFFF,
    0xFFFF, 0xFFFF, 0xFFFF, 0xFFFF, 0xFFFF, 0xFFFF, 0xFFFF, 0xFFFF, 0xFFFF, 0xFFFF, 0xFFFF, 0xFFFF, 0xFFFF, 0xFFFF, 0xFFFF, 0xFFFF,
    0xFFFF, 0xFFFF, 0xFFFF, 0xFFFF, 0xFFFF, 0xFFFF, 0xFFFF, 0xFFFF, 0xFFFF, 0xFFFF, 0xFFFF, 0xFFFF, 0xFFFF, 0xFFFF, 0xFFFF, 0xFFFF,
    0xFFFF, 0xFFFF, 0xFFFF, 0xFFFF, 0xFFFF, 0xFFFF, 0xFFFF, 0xFFFF, 0xFFFF, 0xFFFF, 0xFFFF, 0xFFFF, 0xFFFF, 0xFFFF, 0xFFFF, 0xFFFF,
    0xFFFF, 0xFFFF, 0xFFFF, 0xFFFF, 0xFFFF, 0xFFFF, 0xFFFF, 0xFFFF, 0xFFFF, 0xFFFF, 0xFFFF, 0xFFFF, 0xFFFF, 0xFFFF, 0xFFFF, 0xFFFF,
    0xFFFF, 0xFFFF, 0xFFFF, 0xFFFF, 0xFFFF, 0xFFFF, 0xFFFF, 0xFFFF, 0xFFFF, 0xFFFF, 0xFFFF, 0xFFFF, 0xFFFF, 0xFFFF, 0xFFFF, 0xFFFF,
    0xFFFF, 0xFFFF, 0xFFFF, 0xFFFF, 0xFFFF, 0xFFFF, 0xFFFF, 0xFFFF, 0xFFFF, 0xFFFF, 0xFFFF, 0xFFFF, 0xFFFF, 0xFFFF, 0xFFFF, 0xFFFF,
    0xFFFF, 0xFFFF, 0xFFFF, 0xFFFF, 0xFFFF, 0xFFFF, 0xFFFF, 0xFFFF, 0xFFFF, 0xFFFF, 0xFFFF, 0xFFFF, 0xFFFF, 0xFFFF, 0xFFFF, 0xFFFF,
    0xFFFF, 0xFFFF, 0xFFFF, 0xFFFF, 0xFFFF, 0xFFFF, 0xFFFF, 0xFFFF, 0xFFFF, 0xFFFF, 0xFFFF, 0xFFFF, 0xFFFF, 0xFFFF, 0xFFFF, 0xFFFF,
    0xFFFF, 0xFFFF, 0xFFFF, 0xFFFF, 0xFFFF, 0xFFFF, 0xFFFF, 0xFFFF, 0xFFFF, 0xFFFF, 0xFFFF, 0xFFFF, 0xFFFF, 0xFFFF, 0xFFFF, 0xFFFF,
    0xFFFF, 0xFFFF, 0xFFFF, 0xFFFF, 0xFFFF, 0xFFFF, 0xFFFF, 0xFFFF, 0xFFFF, 0xFFFF, 0xFFFF, 0xFFFF, 0xFFFF, 0xFFFF, 0xFFFF, 0xFFFF,
    0xFFFF, 0xFFFF, 0xFFFF, 0xFFFF, 0xFFFF, 0xFFFF, 0xFFFF, 0xFFFF, 0xFFFF, 0xFFFF, 0xFFFF, 0xFFFF, 0xFFFF, 0xFFFF, 0xFFFF, 0xFFFF,
    0xFFFF, 0xFFFF, 0xFFFF, 0xFFFF, 0xFFFF, 0xFFFF, 0xFFFF, 0xFFFF, 0xFFFF, 0xFFFF, 0xFFFF, 0xFFFF, 0xFFFF, 0xFFFF, 0xFFFF, 0xFFFF,
    0xFFFF, 0xFFFF, 0xFFFF, 0xFFFF, 0xFFFF, 0xFFFF, 0xFFFF, 0xFFFF, 0xFFFF, 0xFFFF, 0xFFFF, 0xFFFF, 0xFFFF, 0xFFFF, 0xFFFF, 0xFFFF,
    0xFFFF, 0xFFFF, 0xFFFF, 0xFFFF, 0xFFFF, 0xFFFF, 0xFFFF, 0xFFFF, 0xFFFF, 0xFFFF, 0xFFFF, 0xFFFF, 0xFFFF, 0xFFFF, 0xFFFF, 0xFFFF,
    0xFFFF, 0xFFFF, 0xFFFF, 0xFFFF, 0xFFFF, 0xFFFF, 0xFFFF, 0xFFFF, 0xFFFF, 0xFFFF, 0xFFFF, 0xFFFF, 0xFFFF, 0xFFFF, 0xFFFF, 0xFFFF,
    0xFFFF, 0xFFFF, 0xFFFF, 0xFFFF, 0xFFFF, 0xFFFF, 0xFFFF, 0xFFFF, 0xFFFF, 0xFFFF, 0xFFFF, 0xFFFF, 0xFFFF, 0xFFFF, 0xFFFF, 0xFFFF,
    0xFFFF, 0xFFFF, 0xFFFF, 0xFFFF, 0xFFFF, 0xFFFF, 0xFFFF, 0xFFFF, 0xFFFF, 0xFFFF, 0xFFFF, 0xFFFF, 0xFFFF, 0xFFFF, 0xFFFF, 0xFFFF,
    0xFFFF, 0xFFFF, 0xFFFF, 0xFFFF, 0xFFFF, 0xFFFF, 0xFFFF, 0xFFFF, 0xFFFF, 0xFFFF, 0xFFFF, 0xFFFF, 0xFFFF, 0xFFFF, 0xFFFF, 0xFFFF,
    0xFFFF, 0xFFFF, 0xFFFF, 0xFFFF, 0xFFFF, 0xFFFF, 0xFFFF, 0xFFFF, 0xFFFF, 0xFFFF, 0xFFFF, 0xFFFF, 0xFFFF, 0xFFFF, 0xFFFF, 0xFFFF,
    0xFFFF, 0xFFFF, 0xFFFF, 0xFFFF, 0xFFFF, 0xFFFF, 0xFFFF, 0xFFFF, 0xFFFF, 0xFFFF, 0xFFFF, 0xFFFF, 0xFFFF, 0xFFFF, 0xFFFF, 0xFFFF,
    0xFFFF, 0xFFFF, 0xFFFF, 0xFFFF, 0xFFFF, 0xFFFF, 0xFFFF, 0xFFFF, 0xFFFF, 0xFFFF, 0xFFFF, 0xFFFF, 0xFFFF, 0xFFFF, 0xFFFF, 0xFFFF,
    0xFFFF, 0xFFFF, 0xFFFF, 0xFFFF, 0xFFFF, 0xFFFF, 0xFFFF, 0xFFFF, 0xFFFF, 0xFFFF, 0xFFFF, 0xFFFF, 0xFFFF, 0xFFFF, 0xFFFF, 0xFFFF,
    0xFFFF, 0xFFFF, 0xFFFF, 0xFFFF, 0xFFFF, 0xFFFF, 0xFFFF, 0xFFFF, 0xFFFF, 0xFFFF, 0xFFFF, 0xFFFF, 0xFFFF, 0xFFFF, 0xFFFF, 0xFFFF,
    0xFFFF, 0xFFFF, 0xFFFF, 0xFFFF, 0xFFFF, 0xFFFF, 0xFFFF, 0xFFFF, 0xFFFF, 0xFFFF, 0xFFFF, 0xFFFF, 0xFFFF, 0xFFFF, 0xFFFF, 0xFFFF,
    0xFFFF, 0xFFFF, 0xFFFF, 0xFFFF, 0xFFFF, 0xFFFF, 0xFFFF, 0xFFFF, 0xFFFF, 0xFFFF, 0xFFFF, 0xFFFF, 0xFFFF, 0xFFFF, 0xFFFF, 0xFFFF,
    0xFFFF, 0xFFFF, 0xFFFF, 0xFFFF, 0xFFFF, 0xFFFF, 0xFFFF, 0xFFFF, 0xFFFF, 0xFFFF, 0xFFFF, 0xFFFF, 0xFFFF, 0xFFFF, 0xFFFF, 0xFFFF,
    0xFFFF, 0xFFFF, 0xFFFF, 0xFFFF, 0xFFFF, 0xFFFF, 0xFFFF, 0xFFFF, 0xFFFF, 0xFFFF, 0xFFFF, 0xFFFF, 0xFFFF, 0xFFFF, 0xFFFF, 0xFFFF,
    0xFFFF, 0xFFFF, 0xFFFF, 0xFFFF, 0xFFFF, 0xFFFF, 0xFFFF, 0xFFFF, 0xFFFF, 0xFFFF, 0xFFFF, 0xFFFF, 0xFFFF, 0xFFFF, 0xFFFF, 0xFFFF,
    0xFFFF, 0xFFFF, 0xFFFF, 0xFFFF, 0xFFFF, 0xFFFF, 0xFFFF, 0xFFFF, 0xFFFF, 0xFFFF, 0xFFFF, 0xFFFF, 0xFFFF, 0xFFFF, 0xFFFF, 0xFFFF,
    0xFFFF, 0xFFFF, 0xFFFF, 0xFFFF, 0xFFFF, 0xFFFF, 0xFFFF, 0xFFFF, 0xFFFF, 0xFFFF, 0xFFFF, 0xFFFF, 0xFFFF, 0xFFFF, 0xFFFF, 0xFFFF,
    0xFFFF, 0xFFFF, 0xFFFF, 0xFFFF, 0xFFFF, 0xFFFF, 0xFFFF, 0xFFFF, 0xFFFF, 0xFFFF, 0xFFFF, 0xFFFF, 0xFFFF, 0xFFFF, 0xFFFF, 0xFFFF,
    0xFFFF, 0xFFFF, 0xFFFF, 0xFFFF, 0xFFFF, 0xFFFF, 0xFFFF, 0xFFFF, 0xFFFF, 0xFFFF, 0xFFFF, 0xFFFF, 0xFFFF, 0xFFFF, 0xFFFF, 0xFFFF,
};